<peliculas><pelicula id="72431" emision="2012-01-19"><titulo>Red Tails</titulo><presupuesto>58000000</presupuesto><ingresos>50365377</ingresos><directores><director id="1216147" nombre="Anthony Hemingway"/></directores><productores><productor id="19801" nombre="Rick McCallum"/><productor id="1219884" nombre="Chas. Floyd Johnson"/></productores><productoras><productora id="306" nombre="Twentieth Century Fox Film Corporation"/></productoras></pelicula><pelicula id="77866" emision="2012-01-12"><titulo>Contraband</titulo><presupuesto>25000000</presupuesto><ingresos>63100000</ingresos><directores><director id="67813" nombre="Baltasar Korm&#xE1;kur"/></directores><productores><productor id="2236" nombre="Tim Bevan"/><productor id="2238" nombre="Eric Fellner"/><productor id="13240" nombre="Mark Wahlberg"/><productor id="67813" nombre="Baltasar Korm&#xE1;kur"/><productor id="183044" nombre="Stephen Levinson"/></productores><productoras><productora id="33" nombre="Universal Pictures"/><productora id="7295" nombre="Relativity Media"/></productoras></pelicula><pelicula id="72545" emision="2012-01-19"><titulo>Journey 2: The Mysterious Island</titulo><presupuesto>79000000</presupuesto><ingresos>355692760</ingresos><directores><director id="132876" nombre="Brad Peyton"/></directores><productores><productor id="9543" nombre="Beau Flynn"/><productor id="33624" nombre="Tripp Vinson"/><productor id="70788" nombre="Charlotte Huggins"/></productores><productoras><productora id="12" nombre="New Line Cinema"/></productoras></pelicula></peliculas>
