<peliculas><pelicula id="10189" emision="2008-08-06"><titulo>Pineapple Express</titulo><presupuesto>27000000</presupuesto><ingresos>101624843</ingresos><directores><director id="64141" nombre="David Gordon Green"/></directores><productores><productor id="41039" nombre="Judd Apatow"/><productor id="41076" nombre="Shauna Robertson"/></productores><productoras><productora id="5" nombre="Columbia Pictures"/></productoras></pelicula><pelicula id="12620" emision="2008-08-22"><titulo>The House Bunny</titulo><presupuesto>25000000</presupuesto><ingresos>70442940</ingresos><directores><director id="66563" nombre="Fred Wolf"/></directores><productores><productor id="19292" nombre="Adam Sandler"/><productor id="20818" nombre="Allen Covert"/><productor id="20821" nombre="Jack Giarraputo"/></productores><productoras><productora id="5" nombre="Columbia Pictures"/><productora id="7295" nombre="Relativity Media"/></productoras></pelicula><pelicula id="10483" emision="2008-08-22"><titulo>Death Race</titulo><presupuesto>45000000</presupuesto><ingresos>73762516</ingresos><directores><director id="4014" nombre="Paul W.S. Anderson"/></directores><productores><productor id="4014" nombre="Paul W.S. Anderson"/><productor id="4016" nombre="Jeremy Bolt"/><productor id="9183" nombre="Paula Wagner"/><productor id="102429" nombre="Roger Corman"/></productores><productoras><productora id="33" nombre="Universal Pictures"/><productora id="7295" nombre="Relativity Media"/></productoras></pelicula><pelicula id="13991" emision="2008-08-28"><titulo>College</titulo><presupuesto>7000000</presupuesto><ingresos>6230276</ingresos><directores><director id="77911" nombre="Deb Hagan"/></directores><productores/><productoras><productora id="8411" nombre="Metro-Goldwyn-Mayer (MGM)"/></productoras></pelicula><pelicula id="7446" emision="2008-08-09"><titulo>Tropic Thunder</titulo><presupuesto>92000000</presupuesto><ingresos>188072649</ingresos><directores><director id="7399" nombre="Ben Stiller"/></directores><productores><productor id="2445" nombre="Eric McLeod"/><productor id="7399" nombre="Ben Stiller"/><productor id="22302" nombre="Stuart Cornfeld"/><productor id="1074886" nombre="Brian Taylor"/></productores><productoras><productora id="27" nombre="DreamWorks SKG"/></productoras></pelicula><pelicula id="10187" emision="2008-08-01"><titulo>Swing Vote</titulo><presupuesto>21000000</presupuesto><ingresos>17600000</ingresos><directores><director id="64139" nombre="Joshua Michael Stern"/></directores><productores><productor id="1269" nombre="Kevin Costner"/><productor id="7847" nombre="Jim Wilson"/></productores><productoras><productora id="9195" nombre="Touchstone Pictures"/></productoras></pelicula></peliculas>
