<peliculas><pelicula id="10637" emision="2000-09-29"><titulo>Remember the Titans</titulo><presupuesto>30000000</presupuesto><ingresos>136706683</ingresos><directores><director id="52358" nombre="Boaz Yakin"/></directores><productores><productor id="770" nombre="Jerry Bruckheimer"/></productores><productoras><productora id="2" nombre="Walt Disney Pictures"/></productoras></pelicula><pelicula id="107" emision="2000-09-01"><titulo>Snatch</titulo><presupuesto>10000000</presupuesto><ingresos>83557872</ingresos><directores><director id="956" nombre="Guy Ritchie"/></directores><productores><productor id="957" nombre="Matthew Vaughn"/></productores><productoras><productora id="441" nombre="Columbia Pictures Corporation"/></productoras></pelicula><pelicula id="786" emision="2000-09-15"><titulo>Almost Famous</titulo><presupuesto>60000000</presupuesto><ingresos>47383689</ingresos><directores><director id="11649" nombre="Cameron Crowe"/></directores><productores><productor id="9987" nombre="Ian Bryce"/><productor id="11649" nombre="Cameron Crowe"/><productor id="11652" nombre="Lisa Stewart"/><productor id="11653" nombre="Steven P. Saeta"/><productor id="11654" nombre="Scott M. Martin"/><productor id="11655" nombre="Marty P. Ewing"/></productores><productoras><productora id="5" nombre="Columbia Pictures"/></productoras></pelicula><pelicula id="16340" emision="2000-09-14"><titulo>Rugrats in Paris: The Movie</titulo><presupuesto>30</presupuesto><ingresos>103</ingresos><directores><director id="80540" nombre="Stig Bergqvist"/></directores><productores/><productoras><productora id="4" nombre="Paramount Pictures"/></productoras></pelicula></peliculas>
