<peliculas><pelicula id="279641" emision="2016-03-04"><titulo>Whiskey Tango Foxtrot</titulo><presupuesto>35000000</presupuesto><ingresos>23083334</ingresos><directores><director id="56411" nombre="Glenn Ficarra"/><director id="56412" nombre="John Requa"/></directores><productores><productor id="9987" nombre="Ian Bryce"/><productor id="56158" nombre="Lorne Michaels"/><productor id="56323" nombre="Tina Fey"/></productores><productoras><productora id="4" nombre="Paramount Pictures"/></productoras></pelicula><pelicula id="302688" emision="2016-03-23"><titulo>My Big Fat Greek Wedding 2</titulo><presupuesto>18000000</presupuesto><ingresos>88923251</ingresos><directores><director id="64045" nombre="Kirk Jones"/></directores><productores><productor id="31" nombre="Tom Hanks"/><productor id="12931" nombre="Rita Wilson"/></productores><productoras><productora id="33" nombre="Universal Pictures"/></productoras></pelicula><pelicula id="333371" emision="2016-03-10"><titulo>10 Cloverfield Lane</titulo><presupuesto>15000000</presupuesto><ingresos>108286421</ingresos><directores><director id="568322" nombre="Dan Trachtenberg"/></directores><productores><productor id="15344" nombre="J.J. Abrams"/><productor id="1636657" nombre="Lindsey Weber"/></productores><productoras><productora id="4" nombre="Paramount Pictures"/></productoras></pelicula><pelicula id="209112" emision="2016-03-23"><titulo>Batman v Superman: Dawn of Justice</titulo><presupuesto>250000000</presupuesto><ingresos>873260194</ingresos><directores><director id="15217" nombre="Zack Snyder"/></directores><productores><productor id="282" nombre="Charles Roven"/><productor id="79243" nombre="Deborah Snyder"/></productores><productoras><productora id="6194" nombre="Warner Bros."/></productoras></pelicula></peliculas>
