<peliculas><pelicula id="55779" emision="2011-08-12"><titulo>Final Destination 5</titulo><presupuesto>47000000</presupuesto><ingresos>157887643</ingresos><directores><director id="93214" nombre="Steven Quale"/></directores><productores><productor id="21585" nombre="Craig Perry"/><productor id="21586" nombre="Warren Zide"/></productores><productoras><productora id="12" nombre="New Line Cinema"/></productoras></pelicula><pelicula id="50014" emision="2011-08-09"><titulo>The Help</titulo><presupuesto>25000000</presupuesto><ingresos>124272124</ingresos><directores><director id="55789" nombre="Tate Taylor"/></directores><productores><productor id="10965" nombre="Chris Columbus"/><productor id="17828" nombre="Michael Barnathan"/><productor id="1008413" nombre="Brunson Green"/></productores><productoras><productora id="27" nombre="DreamWorks SKG"/><productora id="9195" nombre="Touchstone Pictures"/></productoras></pelicula><pelicula id="58151" emision="2011-08-18"><titulo>Fright Night</titulo><presupuesto>17000000</presupuesto><ingresos>24922237</ingresos><directores><director id="50767" nombre="Craig Gillespie"/></directores><productores><productor id="4767" nombre="Michael De Luca"/><productor id="71237" nombre="Alison R. Rosenzweig"/></productores><productoras><productora id="9195" nombre="Touchstone Pictures"/></productoras></pelicula><pelicula id="67675" emision="2011-08-11"><titulo>Glee: The Concert Movie</titulo><presupuesto>9000000</presupuesto><ingresos>18663238</ingresos><directores><director id="101518" nombre="Kevin Tancharoen"/></directores><productores><productor id="111048" nombre="Dante Di Loreto"/></productores><productoras><productora id="306" nombre="Twentieth Century Fox Film Corporation"/></productoras></pelicula><pelicula id="49520" emision="2011-08-05"><titulo>The Change-Up</titulo><presupuesto>52000000</presupuesto><ingresos>75450437</ingresos><directores><director id="42994" nombre="David Dobkin"/></directores><productores><productor id="11874" nombre="Neal H. Moritz"/><productor id="42994" nombre="David Dobkin"/></productores><productoras><productora id="33" nombre="Universal Pictures"/><productora id="7295" nombre="Relativity Media"/></productoras></pelicula><pelicula id="62206" emision="2011-08-11"><titulo>30 Minutes or Less</titulo><presupuesto>28000000</presupuesto><ingresos>40547440</ingresos><directores><director id="91268" nombre="Ruben Fleischer"/></directores><productores/><productoras><productora id="5" nombre="Columbia Pictures"/></productoras></pelicula><pelicula id="61791" emision="2011-08-03"><titulo>Rise of the Planet of the Apes</titulo><presupuesto>93000000</presupuesto><ingresos>482860185</ingresos><directores><director id="77357" nombre="Rupert Wyatt"/></directores><productores><productor id="67802" nombre="Rick Jaffa"/><productor id="67803" nombre="Amanda Silver"/><productor id="266920" nombre="Peter Chernin"/><productor id="935717" nombre="Dylan Clark"/></productores><productoras><productora id="306" nombre="Twentieth Century Fox Film Corporation"/><productora id="444" nombre="Dune Entertainment"/></productoras></pelicula></peliculas>
