<peliculas><pelicula id="201085" emision="2015-10-13"><titulo>Crimson Peak</titulo><presupuesto>55000000</presupuesto><ingresos>74679822</ingresos><directores><director id="10828" nombre="Guillermo del Toro"/></directores><productores><productor id="10828" nombre="Guillermo del Toro"/><productor id="19770" nombre="Callum Greene"/><productor id="54211" nombre="Thomas Tull"/><productor id="61091" nombre="Jon Jashni"/></productores><productoras><productora id="923" nombre="Legendary Pictures"/></productoras></pelicula><pelicula id="321697" emision="2015-10-09"><titulo>Steve Jobs</titulo><presupuesto>30000000</presupuesto><ingresos>34441873</ingresos><directores><director id="2034" nombre="Danny Boyle"/></directores><productores><productor id="2034" nombre="Danny Boyle"/><productor id="2997" nombre="Scott Rudin"/><productor id="6048" nombre="Mark Gordon"/><productor id="53758" nombre="Guymon Casady"/><productor id="57583" nombre="Christian Colson"/></productores><productoras><productora id="33" nombre="Universal Pictures"/><productora id="923" nombre="Legendary Pictures"/></productoras></pelicula><pelicula id="273477" emision="2015-10-23"><titulo>Scouts Guide to the Zombie Apocalypse</titulo><presupuesto>15000000</presupuesto><ingresos>14860766</ingresos><directores><director id="54248" nombre="Christopher B. Landon"/></directores><productores><productor id="11814" nombre="Todd Garner"/><productor id="58375" nombre="Andy Fickman"/><productor id="74729" nombre="Betsy Sullenger"/><productor id="1208316" nombre="Bryan Brucks"/></productores><productoras><productora id="4" nombre="Paramount Pictures"/></productoras></pelicula><pelicula id="206647" emision="2015-10-26"><titulo>Spectre</titulo><presupuesto>245000000</presupuesto><ingresos>880674609</ingresos><directores><director id="39" nombre="Sam Mendes"/></directores><productores><productor id="10666" nombre="Barbara Broccoli"/><productor id="69678" nombre="Michael G. Wilson"/></productores><productoras><productora id="5" nombre="Columbia Pictures"/></productoras></pelicula><pelicula id="296098" emision="2015-10-15"><titulo>Bridge of Spies</titulo><presupuesto>40000000</presupuesto><ingresos>165478348</ingresos><directores><director id="488" nombre="Steven Spielberg"/></directores><productores><productor id="488" nombre="Steven Spielberg"/><productor id="23485" nombre="Marc Platt"/><productor id="1371013" nombre="Kristie Macosko Krieger"/></productores><productoras><productora id="56" nombre="Amblin Entertainment"/><productora id="27" nombre="DreamWorks SKG"/><productora id="22213" nombre="TSG Entertainment"/></productoras></pelicula><pelicula id="266639" emision="2015-10-22"><titulo>Jem and the Holograms</titulo><presupuesto>5000000</presupuesto><ingresos>2333684</ingresos><directores><director id="54507" nombre="Jon M. Chu"/></directores><productores><productor id="24308" nombre="Brian Goldner"/><productor id="54507" nombre="Jon M. Chu"/><productor id="84348" nombre="Jason Blum"/><productor id="937231" nombre="Bennett Schneir"/><productor id="971001" nombre="Scooter Braun"/><productor id="1252099" nombre="Stephen Davis"/></productores><productoras><productora id="33" nombre="Universal Pictures"/></productoras></pelicula><pelicula id="146301" emision="2015-10-21"><titulo>Paranormal Activity: The Ghost Dimension</titulo><presupuesto>10000000</presupuesto><ingresos>78096553</ingresos><directores><director id="995462" nombre="Gregory Plotkin"/></directores><productores><productor id="84348" nombre="Jason Blum"/><productor id="90591" nombre="Oren Peli"/></productores><productoras><productora id="4" nombre="Paramount Pictures"/></productoras></pelicula></peliculas>
