<peliculas><pelicula id="10385" emision="2000-02-16"><titulo>Hanging Up</titulo><presupuesto>40000000</presupuesto><ingresos>36037909</ingresos><directores><director id="3092" nombre="Diane Keaton"/></directores><productores><productor id="9248" nombre="Nora Ephron"/><productor id="57678" nombre="Delia Ephron"/></productores><productoras><productora id="441" nombre="Columbia Pictures Corporation"/></productoras></pelicula><pelicula id="2069" emision="2000-02-18"><titulo>The Whole Nine Yards</titulo><presupuesto>41300000</presupuesto><ingresos>106371651</ingresos><directores><director id="21217" nombre="Jonathan Lynn"/></directores><productores><productor id="21219" nombre="Allan Kaufman"/><productor id="21220" nombre="David Willis"/></productores><productoras><productora id="6194" nombre="Warner Bros."/></productoras></pelicula><pelicula id="15655" emision="2000-02-11"><titulo>The Tigger Movie</titulo><presupuesto>30000000</presupuesto><ingresos>45554533</ingresos><directores><director id="93301" nombre="Jun Falkenstein"/></directores><productores><productor id="1714354" nombre="Cheryl Abood"/></productores><productoras><productora id="2" nombre="Walt Disney Pictures"/></productoras></pelicula><pelicula id="14181" emision="2000-02-18"><titulo>Boiler Room</titulo><presupuesto>26000000</presupuesto><ingresos>28780255</ingresos><directores><director id="24294" nombre="Ben Younger"/></directores><productores><productor id="550" nombre="Jennifer Todd"/><productor id="551" nombre="Suzanne Todd"/></productores><productoras><productora id="12" nombre="New Line Cinema"/></productoras></pelicula></peliculas>
