<peliculas><pelicula id="13971" emision="2008-01-01"><titulo>Wild Child</titulo><presupuesto>20000000</presupuesto><ingresos>21972336</ingresos><directores><director id="3310" nombre="Nick Moore"/></directores><productores><productor id="2236" nombre="Tim Bevan"/><productor id="2238" nombre="Eric Fellner"/><productor id="21342" nombre="Diana Phillips"/></productores><productoras><productora id="33" nombre="Universal Pictures"/><productora id="7295" nombre="Relativity Media"/></productoras></pelicula><pelicula id="7191" emision="2008-01-15"><titulo>Cloverfield</titulo><presupuesto>25000000</presupuesto><ingresos>170764026</ingresos><directores><director id="32278" nombre="Matt Reeves"/></directores><productores><productor id="15344" nombre="J.J. Abrams"/><productor id="28977" nombre="Bryan Burk"/><productor id="150010" nombre="David Baronoff"/></productores><productoras><productora id="4" nombre="Paramount Pictures"/></productoras></pelicula><pelicula id="3580" emision="2008-01-30"><titulo>Changeling</titulo><presupuesto>55000000</presupuesto><ingresos>113020255</ingresos><directores><director id="190" nombre="Clint Eastwood"/></directores><productores><productor id="190" nombre="Clint Eastwood"/><productor id="339" nombre="Brian Grazer"/><productor id="4746" nombre="Robert Lorenz"/><productor id="6159" nombre="Ron Howard"/></productores><productoras><productora id="7295" nombre="Relativity Media"/></productoras></pelicula></peliculas>
