<peliculas><pelicula id="1738" emision="2007-04-24"><titulo>Next</titulo><presupuesto>70000000</presupuesto><ingresos>76066841</ingresos><directores><director id="7256" nombre="Lee Tamahori"/></directores><productores><productor id="2963" nombre="Nicolas Cage"/><productor id="8277" nombre="Arne Schmidt"/><productor id="11814" nombre="Todd Garner"/><productor id="16729" nombre="Graham King"/><productor id="18956" nombre="Norman Golightly"/></productores><productoras><productora id="4" nombre="Paramount Pictures"/></productoras></pelicula><pelicula id="1683" emision="2007-04-05"><titulo>The Reaping</titulo><presupuesto>40000000</presupuesto><ingresos>62771059</ingresos><directores><director id="2042" nombre="Stephen Hopkins"/></directores><productores><productor id="24" nombre="Robert Zemeckis"/><productor id="1091" nombre="Joel Silver"/><productor id="37162" nombre="Susan Downey"/><productor id="62739" nombre="Herb Gains"/></productores><productoras><productora id="6194" nombre="Warner Bros."/><productora id="79" nombre="Village Roadshow Pictures"/></productoras></pelicula><pelicula id="7183" emision="2007-04-12"><titulo>Perfect Stranger</titulo><presupuesto>60795000</presupuesto><ingresos>73090611</ingresos><directores><director id="15890" nombre="James Foley"/></directores><productores><productor id="52004" nombre="Elaine Goldsmith-Thomas"/></productores><productoras><productora id="5" nombre="Columbia Pictures"/></productoras></pelicula><pelicula id="8271" emision="2007-04-12"><titulo>Disturbia</titulo><presupuesto>20000000</presupuesto><ingresos>117760134</ingresos><directores><director id="40256" nombre="D.J. Caruso"/></directores><productores><productor id="54249" nombre="Jackie Marcus Schaffer"/><productor id="54250" nombre="Kwame Parker"/><productor id="54251" nombre="Tom Pollock"/><productor id="54252" nombre="E. Bennett Walsh"/><productor id="57601" nombre="Joe Medjuck"/></productores><productoras><productora id="4" nombre="Paramount Pictures"/><productora id="27" nombre="DreamWorks SKG"/></productoras></pelicula></peliculas>
