<peliculas><pelicula id="217" emision="2008-05-21"><titulo>Indiana Jones and the Kingdom of the Crystal Skull</titulo><presupuesto>185000000</presupuesto><ingresos>786636033</ingresos><directores><director id="488" nombre="Steven Spielberg"/></directores><productores><productor id="664" nombre="Frank Marshall"/></productores><productoras><productora id="4" nombre="Paramount Pictures"/></productoras></pelicula><pelicula id="12405" emision="2008-05-12"><titulo>Slumdog Millionaire</titulo><presupuesto>15000000</presupuesto><ingresos>377910544</ingresos><directores><director id="2034" nombre="Danny Boyle"/></directores><productores><productor id="57583" nombre="Christian Colson"/></productores><productoras><productora id="6194" nombre="Warner Bros."/></productoras></pelicula><pelicula id="7459" emision="2008-05-09"><titulo>Speed Racer</titulo><presupuesto>120000000</presupuesto><ingresos>93945766</ingresos><directores><director id="9339" nombre="Lilly Wachowski"/><director id="9340" nombre="Lana Wachowski"/></directores><productores><productor id="1091" nombre="Joel Silver"/><productor id="8528" nombre="Grant Hill"/><productor id="9339" nombre="Lilly Wachowski"/><productor id="9340" nombre="Lana Wachowski"/><productor id="10903" nombre="Henning Molfenter"/><productor id="10905" nombre="Charlie Woebcken"/><productor id="11267" nombre="Jessica Alan"/><productor id="11268" nombre="Roberto Malerba"/></productores><productoras><productora id="6194" nombre="Warner Bros."/><productora id="79" nombre="Village Roadshow Pictures"/></productoras></pelicula><pelicula id="4564" emision="2008-05-12"><titulo>Sex and the City</titulo><presupuesto>65000000</presupuesto><ingresos>415252786</ingresos><directores><director id="38023" nombre="Michael Patrick King"/></directores><productores><productor id="520" nombre="Sarah Jessica Parker"/><productor id="38023" nombre="Michael Patrick King"/><productor id="47915" nombre="Darren Star"/><productor id="58365" nombre="Eric M. Cyphers"/><productor id="58366" nombre="John P. Melfi"/></productores><productoras><productora id="12" nombre="New Line Cinema"/></productoras></pelicula><pelicula id="9029" emision="2008-05-07"><titulo>What Happens in Vegas</titulo><presupuesto>35000000</presupuesto><ingresos>170000000</ingresos><directores><director id="56717" nombre="Tom Vaughan"/></directores><productores><productor id="10954" nombre="Michael Aguilar"/><productor id="17825" nombre="Shawn Levy"/><productor id="20516" nombre="Dean Georgaris"/></productores><productoras><productora id="306" nombre="Twentieth Century Fox Film Corporation"/></productoras></pelicula><pelicula id="10761" emision="2008-05-02"><titulo>Made of Honor</titulo><presupuesto>40000000</presupuesto><ingresos>84601681</ingresos><directores><director id="66548" nombre="Paul Weiland"/></directores><productores><productor id="11874" nombre="Neal H. Moritz"/></productores><productoras><productora id="5" nombre="Columbia Pictures"/></productoras></pelicula></peliculas>
