<peliculas><pelicula id="44603" emision="2010-10-15"><titulo>Hereafter</titulo><presupuesto>50000000</presupuesto><ingresos>105197635</ingresos><directores><director id="190" nombre="Clint Eastwood"/></directores><productores/><productoras><productora id="6194" nombre="Warner Bros."/><productora id="56" nombre="Amblin Entertainment"/></productoras></pelicula><pelicula id="12444" emision="2010-10-17"><titulo>Harry Potter and the Deathly Hallows: Part 1</titulo><presupuesto>250000000</presupuesto><ingresos>954305868</ingresos><directores><director id="11343" nombre="David Yates"/></directores><productores><productor id="10966" nombre="J.K. Rowling"/><productor id="10968" nombre="David Heyman"/><productor id="65614" nombre="David Barron"/></productores><productoras><productora id="6194" nombre="Warner Bros."/></productoras></pelicula><pelicula id="38055" emision="2010-10-28"><titulo>Megamind</titulo><presupuesto>130000000</presupuesto><ingresos>321887208</ingresos><directores><director id="18864" nombre="Tom McGrath"/></directores><productores><productor id="60929" nombre="Lara Breay"/><productor id="574003" nombre="Denise Nolan Cascino"/></productores><productoras><productora id="521" nombre="DreamWorks Animation"/></productoras></pelicula><pelicula id="43931" emision="2010-10-08"><titulo>My Soul to Take</titulo><presupuesto>25000000</presupuesto><ingresos>19829957</ingresos><directores><director id="5140" nombre="Wes Craven"/></directores><productores><productor id="5140" nombre="Wes Craven"/><productor id="60187" nombre="Anthony Katagas"/><productor id="1312509" nombre="Iya Labunka"/></productores><productoras><productora id="7295" nombre="Relativity Media"/></productoras></pelicula><pelicula id="41436" emision="2010-10-20"><titulo>Paranormal Activity 2</titulo><presupuesto>3000000</presupuesto><ingresos>177512032</ingresos><directores><director id="20133" nombre="Tod Williams"/></directores><productores><productor id="84348" nombre="Jason Blum"/><productor id="90591" nombre="Oren Peli"/></productores><productoras><productora id="4" nombre="Paramount Pictures"/></productoras></pelicula></peliculas>
