<peliculas><pelicula id="59962" emision="2012-02-14"><titulo>This Means War</titulo><presupuesto>65000000</presupuesto><ingresos>156974557</ingresos><directores><director id="36425" nombre="McG"/></directores><productores><productor id="2888" nombre="Will Smith"/><productor id="11092" nombre="Simon Kinberg"/><productor id="29015" nombre="Robert Simonds"/><productor id="46080" nombre="James Lassiter"/></productores><productoras><productora id="444" nombre="Dune Entertainment"/></productoras></pelicula><pelicula id="76726" emision="2012-02-01"><titulo>Chronicle</titulo><presupuesto>15000000</presupuesto><ingresos>145000000</ingresos><directores><director id="934803" nombre="Josh Trank"/></directores><productores><productor id="2043" nombre="John Davis"/><productor id="11303" nombre="Adam Schroeder"/></productores><productoras><productora id="306" nombre="Twentieth Century Fox Film Corporation"/><productora id="444" nombre="Dune Entertainment"/></productoras></pelicula><pelicula id="59961" emision="2012-02-09"><titulo>Safe House</titulo><presupuesto>85000000</presupuesto><ingresos>208076205</ingresos><directores><director id="125738" nombre="Daniel Espinosa"/></directores><productores><productor id="19282" nombre="Scott Stuber"/></productores><productoras><productora id="33" nombre="Universal Pictures"/><productora id="7295" nombre="Relativity Media"/></productoras></pelicula><pelicula id="78698" emision="2012-02-02"><titulo>Big Miracle</titulo><presupuesto>40000000</presupuesto><ingresos>24719215</ingresos><directores><director id="29009" nombre="Ken Kwapis"/></directores><productores/><productoras><productora id="33" nombre="Universal Pictures"/></productoras></pelicula><pelicula id="75674" emision="2012-02-24"><titulo>Act of Valor</titulo><presupuesto>12000000</presupuesto><ingresos>81272766</ingresos><directores><director id="90429" nombre="Mike McCoy"/><director id="293911" nombre="Scott Waugh"/></directores><productores><productor id="90429" nombre="Mike McCoy"/><productor id="293911" nombre="Scott Waugh"/></productores><productoras><productora id="7295" nombre="Relativity Media"/></productoras></pelicula><pelicula id="50647" emision="2012-02-23"><titulo>Wanderlust</titulo><presupuesto>35000000</presupuesto><ingresos>24159934</ingresos><directores><director id="22214" nombre="David Wain"/></directores><productores><productor id="22214" nombre="David Wain"/><productor id="41039" nombre="Judd Apatow"/></productores><productoras><productora id="7295" nombre="Relativity Media"/></productoras></pelicula></peliculas>
