<peliculas><pelicula id="1824" emision="2004-02-13"><titulo>50 First Dates</titulo><presupuesto>75000000</presupuesto><ingresos>196482882</ingresos><directores><director id="13426" nombre="Peter Segal"/></directores><productores><productor id="322" nombre="Steve Golin"/><productor id="1588" nombre="Nancy Juvonen"/><productor id="20821" nombre="Jack Giarraputo"/></productores><productoras><productora id="441" nombre="Columbia Pictures Corporation"/></productoras></pelicula><pelicula id="16784" emision="2004-02-24"><titulo>Welcome to Mooseport</titulo><presupuesto>30000000</presupuesto><ingresos>14000000</ingresos><directores><director id="18281" nombre="Donald Petrie"/></directores><productores/><productoras><productora id="306" nombre="Twentieth Century Fox Film Corporation"/></productoras></pelicula><pelicula id="11132" emision="2004-02-17"><titulo>Confessions of a Teenage Drama Queen</titulo><presupuesto>15000000</presupuesto><ingresos>29331068</ingresos><directores><director id="58628" nombre="Sara Sugarman"/></directores><productores><productor id="63614" nombre="Robert Shapiro"/><productor id="63999" nombre="Jerry Leider"/></productores><productoras><productora id="2" nombre="Walt Disney Pictures"/></productoras></pelicula><pelicula id="615" emision="2004-02-25"><titulo>The Passion of the Christ</titulo><presupuesto>30000000</presupuesto><ingresos>611899420</ingresos><directores><director id="2461" nombre="Mel Gibson"/></directores><productores><productor id="2461" nombre="Mel Gibson"/><productor id="2487" nombre="Bruce Davey"/><productor id="8747" nombre="Stephen McEveety"/></productores><productoras><productora id="306" nombre="Twentieth Century Fox Film Corporation"/></productoras></pelicula><pelicula id="8842" emision="2004-02-20"><titulo>Against the Ropes</titulo><presupuesto>39000000</presupuesto><ingresos>6614280</ingresos><directores><director id="17764" nombre="Charles S. Dutton"/></directores><productores><productor id="18389" nombre="Robert W. Cort"/><productor id="24051" nombre="David Madden"/></productores><productoras><productora id="4" nombre="Paramount Pictures"/></productoras></pelicula><pelicula id="13572" emision="2004-02-27"><titulo>Twisted</titulo><presupuesto>50000000</presupuesto><ingresos>25195000</ingresos><directores><director id="648" nombre="Philip Kaufman"/></directores><productores><productor id="10764" nombre="Arnold Kopelson"/><productor id="12050" nombre="Anne Kopelson"/><productor id="19308" nombre="Linne Radmin"/><productor id="1466502" nombre="Barry Baeres"/><productor id="1589683" nombre="Florina Massbaum"/></productores><productoras><productora id="4" nombre="Paramount Pictures"/></productoras></pelicula><pelicula id="9470" emision="2004-02-10"><titulo>Kung Fu Hustle</titulo><presupuesto>20000000</presupuesto><ingresos>100914445</ingresos><directores><director id="57607" nombre="Stephen Chow"/></directores><productores><productor id="57607" nombre="Stephen Chow"/><productor id="57615" nombre="Po Chu Chui"/><productor id="57617" nombre="Jeffrey Lau"/></productores><productoras><productora id="5" nombre="Columbia Pictures"/></productoras></pelicula><pelicula id="9352" emision="2004-02-20"><titulo>EuroTrip</titulo><presupuesto>25000000</presupuesto><ingresos>20796847</ingresos><directores><director id="57405" nombre="Jeff Schaffer"/></directores><productores><productor id="54249" nombre="Jackie Marcus Schaffer"/><productor id="57132" nombre="Daniel Goldberg"/><productor id="57406" nombre="Alec Berg"/><productor id="57407" nombre="David Mandel"/></productores><productoras><productora id="27" nombre="DreamWorks SKG"/></productoras></pelicula></peliculas>
