<peliculas><pelicula id="2023" emision="2004-03-05"><titulo>Hidalgo</titulo><presupuesto>100000000</presupuesto><ingresos>108103450</ingresos><directores><director id="4945" nombre="Joe Johnston"/></directores><productores><productor id="20802" nombre="Casey Silver"/></productores><productoras><productora id="9195" nombre="Touchstone Pictures"/></productoras></pelicula><pelicula id="11081" emision="2004-03-19"><titulo>Taking Lives</titulo><presupuesto>45000000</presupuesto><ingresos>65470529</ingresos><directores><director id="40256" nombre="D.J. Caruso"/></directores><productores><productor id="46088" nombre="Mark Canton"/><productor id="65377" nombre="Bernie Goldmann"/></productores><productoras><productora id="6194" nombre="Warner Bros."/><productora id="79" nombre="Village Roadshow Pictures"/></productoras></pelicula><pelicula id="9384" emision="2004-03-05"><titulo>Starsky &amp; Hutch</titulo><presupuesto>60000000</presupuesto><ingresos>170268750</ingresos><directores><director id="57130" nombre="Todd Phillips"/></directores><productores><productor id="5575" nombre="Akiva Goldsman"/><productor id="22302" nombre="Stuart Cornfeld"/><productor id="47052" nombre="Tony Ludwig"/><productor id="47053" nombre="Alan Riche"/><productor id="57536" nombre="William Blinn"/></productores><productoras><productora id="6194" nombre="Warner Bros."/></productoras></pelicula><pelicula id="1586" emision="2004-03-12"><titulo>Secret Window</titulo><presupuesto>40000000</presupuesto><ingresos>92913171</ingresos><directores><director id="508" nombre="David Koepp"/></directores><productores><productor id="35974" nombre="Gavin Polone"/></productores><productoras><productora id="441" nombre="Columbia Pictures Corporation"/></productoras></pelicula></peliculas>
