<peliculas><pelicula id="45772" emision="2011-01-13"><titulo>Gnomeo &amp; Juliet</titulo><presupuesto>36000000</presupuesto><ingresos>189712432</ingresos><directores><director id="12079" nombre="Kelly Asbury"/></directores><productores/><productoras><productora id="9195" nombre="Touchstone Pictures"/></productoras></pelicula><pelicula id="23047" emision="2011-01-07"><titulo>Season of the Witch</titulo><presupuesto>40000000</presupuesto><ingresos>88100000</ingresos><directores><director id="58498" nombre="Dominic Sena"/></directores><productores><productor id="282" nombre="Charles Roven"/><productor id="37436" nombre="Alex Gartner"/></productores><productoras><productora id="7295" nombre="Relativity Media"/></productoras></pelicula><pelicula id="44564" emision="2011-01-13"><titulo>The Dilemma</titulo><presupuesto>70000000</presupuesto><ingresos>67112664</ingresos><directores><director id="6159" nombre="Ron Howard"/></directores><productores><productor id="339" nombre="Brian Grazer"/><productor id="4937" nombre="Vince Vaughn"/><productor id="6159" nombre="Ron Howard"/></productores><productoras><productora id="33" nombre="Universal Pictures"/></productoras></pelicula><pelicula id="48171" emision="2011-01-28"><titulo>The Rite</titulo><presupuesto>37000000</presupuesto><ingresos>96047633</ingresos><directores><director id="29605" nombre="Mikael H&#xE5;fstr&#xF6;m"/></directores><productores><productor id="9543" nombre="Beau Flynn"/><productor id="33624" nombre="Tripp Vinson"/></productores><productoras><productora id="12" nombre="New Line Cinema"/></productoras></pelicula></peliculas>
