<peliculas><pelicula id="75531" emision="2000-01-28"><titulo>Isn't She Great</titulo><presupuesto>36000000</presupuesto><ingresos>3003296</ingresos><directores><director id="41550" nombre="Andrew Bergman"/></directores><productores><productor id="31143" nombre="Mike Lobell"/></productores><productoras><productora id="33" nombre="Universal Pictures"/></productoras></pelicula><pelicula id="10384" emision="2000-01-14"><titulo>Supernova</titulo><presupuesto>90000000</presupuesto><ingresos>14828081</ingresos><directores><director id="1723" nombre="Walter Hill"/><director id="62020" nombre="Jack Sholder"/></directores><productores><productor id="24953" nombre="Ash R. Shah"/><productor id="65327" nombre="Daniel Chuba"/><productor id="141483" nombre="Jamie Dixon"/></productores><productoras><productora id="8411" nombre="Metro-Goldwyn-Mayer (MGM)"/></productoras></pelicula><pelicula id="10471" emision="2000-01-12"><titulo>Next Friday</titulo><presupuesto>11000000</presupuesto><ingresos>59827328</ingresos><directores><director id="52112" nombre="Steve Carr"/></directores><productores/><productoras><productora id="12" nombre="New Line Cinema"/></productoras></pelicula></peliculas>
