<peliculas><pelicula id="79316" emision="2014-01-08"><titulo>Devil's Due</titulo><presupuesto>7000000</presupuesto><ingresos>36433975</ingresos><directores><director id="66681" nombre="Matt Bettinelli-Olpin"/><director id="1039527" nombre="Tyler Gillett"/></directores><productores><productor id="2043" nombre="John Davis"/></productores><productoras><productora id="306" nombre="Twentieth Century Fox Film Corporation"/><productora id="22213" nombre="TSG Entertainment"/></productoras></pelicula><pelicula id="152760" emision="2014-01-24"><titulo>The Monuments Men</titulo><presupuesto>70000000</presupuesto><ingresos>154984035</ingresos><directores><director id="1461" nombre="George Clooney"/></directores><productores><productor id="1461" nombre="George Clooney"/><productor id="31511" nombre="Grant Heslov"/></productores><productoras><productora id="5" nombre="Columbia Pictures"/></productoras></pelicula><pelicula id="97020" emision="2014-01-30"><titulo>RoboCop</titulo><presupuesto>120000000</presupuesto><ingresos>242688965</ingresos><directores><director id="52576" nombre="Jos&#xE9; Padilha"/></directores><productores><productor id="4504" nombre="Roger Birnbaum"/><productor id="4507" nombre="Gary Barber"/><productor id="15219" nombre="Marc Abraham"/><productor id="15220" nombre="Eric Newman"/></productores><productoras><productora id="5" nombre="Columbia Pictures"/><productora id="8411" nombre="Metro-Goldwyn-Mayer (MGM)"/></productoras></pelicula><pelicula id="208763" emision="2014-01-30"><titulo>Forbidden Kingdom</titulo><presupuesto>26000000</presupuesto><ingresos>34592118</ingresos><directores><director id="238220" nombre="Oleg Stepchenko"/></directores><productores><productor id="1760461" nombre="Gleb Fetisov"/><productor id="1760463" nombre="Oleg Teterin"/></productores><productoras><productora id="33" nombre="Universal Pictures"/></productoras></pelicula><pelicula id="137094" emision="2014-01-15"><titulo>Jack Ryan: Shadow Recruit</titulo><presupuesto>60000000</presupuesto><ingresos>50549107</ingresos><directores><director id="11181" nombre="Kenneth Branagh"/></directores><productores><productor id="4611" nombre="Mace Neufeld"/><productor id="10952" nombre="Lorenzo di Bonaventura"/><productor id="24309" nombre="Mark Vahradian"/><productor id="65614" nombre="David Barron"/><productor id="1106750" nombre="Alexander Dostal"/><productor id="1106752" nombre="David Ready"/></productores><productoras><productora id="4" nombre="Paramount Pictures"/></productoras></pelicula><pelicula id="168530" emision="2014-01-07"><titulo>Ride Along</titulo><presupuesto>25000000</presupuesto><ingresos>153997819</ingresos><directores><director id="20400" nombre="Tim Story"/></directores><productores><productor id="9778" nombre="Ice Cube"/><productor id="11957" nombre="Larry Brezner"/><productor id="31121" nombre="William Packer"/><productor id="65135" nombre="Matt Alvarez"/></productores><productoras><productora id="33" nombre="Universal Pictures"/><productora id="7295" nombre="Relativity Media"/></productoras></pelicula></peliculas>
