<peliculas><pelicula id="9430" emision="1999-04-09"><titulo>Go</titulo><presupuesto>6500000</presupuesto><ingresos>28451622</ingresos><directores><director id="11694" nombre="Doug Liman"/></directores><productores><productor id="48498" nombre="Mickey Liddell"/><productor id="58314" nombre="Paul Rosenberg"/><productor id="58315" nombre="Matt Freeman"/></productores><productoras><productora id="5" nombre="Columbia Pictures"/></productoras></pelicula><pelicula id="564" emision="1999-04-16"><titulo>The Mummy</titulo><presupuesto>80000000</presupuesto><ingresos>415885488</ingresos><directores><director id="7775" nombre="Stephen Sommers"/></directores><productores><productor id="7778" nombre="Patricia Carr"/><productor id="7779" nombre="Sean Daniel"/><productor id="7780" nombre="James Jacks"/><productor id="7782" nombre="Megan Moran"/></productores><productoras><productora id="33" nombre="Universal Pictures"/></productoras></pelicula><pelicula id="6552" emision="1999-04-30"><titulo>Idle Hands</titulo><presupuesto>25000000</presupuesto><ingresos>4152230</ingresos><directores><director id="50719" nombre="Rodman Flender"/></directores><productores><productor id="551" nombre="Suzanne Todd"/><productor id="50724" nombre="Jeffrey Sudzin"/><productor id="50728" nombre="Andrew Licht"/></productores><productoras><productora id="441" nombre="Columbia Pictures Corporation"/></productoras></pelicula><pelicula id="1090" emision="1999-04-16"><titulo>The Thirteenth Floor</titulo><presupuesto>16000000</presupuesto><ingresos>18564088</ingresos><directores><director id="15361" nombre="Josef Rusnak"/></directores><productores><productor id="6046" nombre="Roland Emmerich"/><productor id="15364" nombre="Ute Emmerich"/><productor id="15365" nombre="Kelly Van Horn"/><productor id="15366" nombre="Marco Weber"/></productores><productoras><productora id="5" nombre="Columbia Pictures"/></productoras></pelicula><pelicula id="6522" emision="1999-04-16"><titulo>Life</titulo><presupuesto>80000000</presupuesto><ingresos>73345029</ingresos><directores><director id="34849" nombre="Ted Demme"/></directores><productores><productor id="339" nombre="Brian Grazer"/><productor id="776" nombre="Eddie Murphy"/></productores><productoras><productora id="33" nombre="Universal Pictures"/></productoras></pelicula><pelicula id="8970" emision="1999-04-02"><titulo>The Out-of-Towners</titulo><presupuesto>75000000</presupuesto><ingresos>29000000</ingresos><directores><director id="54967" nombre="Sam Weisman"/></directores><productores/><productoras><productora id="4" nombre="Paramount Pictures"/></productoras></pelicula></peliculas>
