<peliculas><pelicula id="259694" emision="2016-01-21"><titulo>How to Be Single</titulo><presupuesto>38000000</presupuesto><ingresos>112343513</ingresos><directores><director id="63820" nombre="Christian Ditter"/></directores><productores><productor id="56718" nombre="Dana Fox"/><productor id="1116283" nombre="John Rickard"/></productores><productoras><productora id="12" nombre="New Line Cinema"/></productoras></pelicula><pelicula id="300673" emision="2016-01-25"><titulo>The Finest Hours</titulo><presupuesto>80000000</presupuesto><ingresos>52099090</ingresos><directores><director id="50767" nombre="Craig Gillespie"/></directores><productores><productor id="40375" nombre="James Whitaker"/><productor id="67682" nombre="Dorothy Aufiero"/></productores><productoras><productora id="2" nombre="Walt Disney Pictures"/></productoras></pelicula><pelicula id="140300" emision="2016-01-23"><titulo>Kung Fu Panda 3</titulo><presupuesto>145000000</presupuesto><ingresos>521170825</ingresos><directores><director id="142312" nombre="Jennifer Yuh Nelson"/><director id="1262481" nombre="Alessandro Carloni"/></directores><productores><productor id="946051" nombre="Melissa Cobb"/></productores><productoras><productora id="306" nombre="Twentieth Century Fox Film Corporation"/><productora id="521" nombre="DreamWorks Animation"/></productoras></pelicula><pelicula id="323675" emision="2016-01-14"><titulo>Ride Along 2</titulo><presupuesto>40000000</presupuesto><ingresos>124827316</ingresos><directores><director id="20400" nombre="Tim Story"/></directores><productores><productor id="9778" nombre="Ice Cube"/><productor id="11957" nombre="Larry Brezner"/><productor id="31121" nombre="William Packer"/><productor id="65135" nombre="Matt Alvarez"/></productores><productoras><productora id="33" nombre="Universal Pictures"/></productoras></pelicula><pelicula id="299687" emision="2016-01-14"><titulo>The 5th Wave</titulo><presupuesto>38000000</presupuesto><ingresos>109906372</ingresos><directores><director id="111588" nombre="J Blakeson"/></directores><productores><productor id="2219" nombre="Tobey Maguire"/><productor id="4768" nombre="Lynn Harris"/><productor id="16729" nombre="Graham King"/><productor id="1501297" nombre="Matthew Plouffe"/></productores><productoras><productora id="5" nombre="Columbia Pictures"/></productoras></pelicula><pelicula id="300671" emision="2016-01-13"><titulo>13 Hours: The Secret Soldiers of Benghazi</titulo><presupuesto>50000000</presupuesto><ingresos>69411370</ingresos><directores><director id="865" nombre="Michael Bay"/></directores><productores><productor id="865" nombre="Michael Bay"/><productor id="10950" nombre="Erwin Stoff"/></productores><productoras><productora id="4" nombre="Paramount Pictures"/></productoras></pelicula></peliculas>
