<peliculas><pelicula id="27573" emision="2010-03-16"><titulo>The Bounty Hunter</titulo><presupuesto>40000000</presupuesto><ingresos>136000000</ingresos><directores><director id="17167" nombre="Andy Tennant"/></directores><productores><productor id="11874" nombre="Neal H. Moritz"/></productores><productoras><productora id="5" nombre="Columbia Pictures"/><productora id="7295" nombre="Relativity Media"/></productoras></pelicula><pelicula id="23048" emision="2010-03-26"><titulo>Hot Tub Time Machine</titulo><presupuesto>36000000</presupuesto><ingresos>64572262</ingresos><directores><director id="3227" nombre="Steve Pink"/></directores><productores><productor id="3036" nombre="John Cusack"/><productor id="57431" nombre="Matt Moore"/><productor id="68389" nombre="Grace Loh"/></productores><productoras><productora id="8411" nombre="Metro-Goldwyn-Mayer (MGM)"/></productoras></pelicula><pelicula id="33217" emision="2010-03-19"><titulo>Diary of a Wimpy Kid</titulo><presupuesto>15000000</presupuesto><ingresos>75700498</ingresos><directores><director id="109857" nombre="Thor Freudenthal"/></directores><productores><productor id="32608" nombre="Brad Simpson"/><productor id="935634" nombre="Nina Jacobson"/></productores><productoras><productora id="444" nombre="Dune Entertainment"/></productoras></pelicula><pelicula id="10191" emision="2010-03-05"><titulo>How to Train Your Dragon</titulo><presupuesto>165000000</presupuesto><ingresos>494878759</ingresos><directores><director id="66193" nombre="Chris Sanders"/><director id="69797" nombre="Dean DeBlois"/></directores><productores><productor id="12894" nombre="Bonnie Arnold"/></productores><productoras><productora id="521" nombre="DreamWorks Animation"/></productoras></pelicula><pelicula id="34563" emision="2010-03-12"><titulo>Our Family Wedding</titulo><presupuesto>14000000</presupuesto><ingresos>21409028</ingresos><directores><director id="51866" nombre="Rick Famuyiwa"/></directores><productores/><productoras><productora id="444" nombre="Dune Entertainment"/></productoras></pelicula><pelicula id="34016" emision="2010-03-11"><titulo>She's Out of My League</titulo><presupuesto>20000000</presupuesto><ingresos>49779728</ingresos><directores><director id="111686" nombre="Jim Field Smith"/></directores><productores><productor id="61107" nombre="David B. Householter"/><productor id="61397" nombre="Jimmy Miller"/></productores><productoras><productora id="27" nombre="DreamWorks SKG"/></productoras></pelicula><pelicula id="31867" emision="2010-03-18"><titulo>Repo Men</titulo><presupuesto>32000000</presupuesto><ingresos>18409891</ingresos><directores><director id="114404" nombre="Miguel Sapochnik"/></directores><productores><productor id="19282" nombre="Scott Stuber"/><productor id="114408" nombre="Mary Parent"/></productores><productoras><productora id="33" nombre="Universal Pictures"/><productora id="7295" nombre="Relativity Media"/></productoras></pelicula><pelicula id="35019" emision="2010-03-26"><titulo>Nanny McPhee and the Big Bang</titulo><presupuesto>35000000</presupuesto><ingresos>93246388</ingresos><directores><director id="113600" nombre="Susanna White"/></directores><productores><productor id="2236" nombre="Tim Bevan"/><productor id="2238" nombre="Eric Fellner"/><productor id="11058" nombre="Lindsay Doran"/></productores><productoras><productora id="33" nombre="Universal Pictures"/><productora id="7295" nombre="Relativity Media"/></productoras></pelicula><pelicula id="12155" emision="2010-03-03"><titulo>Alice in Wonderland</titulo><presupuesto>200000000</presupuesto><ingresos>1025491110</ingresos><directores><director id="510" nombre="Tim Burton"/></directores><productores><productor id="550" nombre="Jennifer Todd"/><productor id="551" nombre="Suzanne Todd"/><productor id="1297" nombre="Richard D. Zanuck"/><productor id="8275" nombre="Katterli Frauenfelder"/><productor id="18311" nombre="Joe Roth"/><productor id="959668" nombre="Derek Frey"/><productor id="1102209" nombre="Tom C. Peitzman"/></productores><productoras><productora id="2" nombre="Walt Disney Pictures"/></productoras></pelicula><pelicula id="22972" emision="2010-03-11"><titulo>Green Zone</titulo><presupuesto>100000000</presupuesto><ingresos>94882889</ingresos><directores><director id="25598" nombre="Paul Greengrass"/></directores><productores><productor id="1993" nombre="Lloyd Levin"/><productor id="2236" nombre="Tim Bevan"/><productor id="2238" nombre="Eric Fellner"/><productor id="25598" nombre="Paul Greengrass"/><productor id="29405" nombre="Christopher Rouse"/><productor id="57201" nombre="Mairi Bett"/><productor id="59679" nombre="Michael Bronner"/><productor id="59681" nombre="Kate Solomon"/></productores><productoras><productora id="33" nombre="Universal Pictures"/><productora id="7295" nombre="Relativity Media"/></productoras></pelicula></peliculas>
