<peliculas><pelicula id="9757" emision="2007-02-08"><titulo>Norbit</titulo><presupuesto>60000000</presupuesto><ingresos>95673607</ingresos><directores><director id="53177" nombre="Brian Robbins"/></directores><productores><productor id="776" nombre="Eddie Murphy"/><productor id="2043" nombre="John Davis"/></productores><productoras><productora id="27" nombre="DreamWorks SKG"/></productoras></pelicula><pelicula id="10090" emision="2007-02-23"><titulo>Reno 911!: Miami</titulo><presupuesto>10000000</presupuesto><ingresos>20342161</ingresos><directores><director id="59413" nombre="Ben Garant"/></directores><productores><productor id="518" nombre="Danny DeVito"/><productor id="5381" nombre="Michael Shamberg"/><productor id="5382" nombre="Stacey Sher"/><productor id="63221" nombre="Penny Adams"/><productor id="63224" nombre="John Landgraf"/><productor id="63225" nombre="Sandi Yi-Trimble"/><productor id="63229" nombre="Sandi Yi-Trimble"/></productores><productoras><productora id="4" nombre="Paramount Pictures"/><productora id="306" nombre="Twentieth Century Fox Film Corporation"/></productoras></pelicula><pelicula id="11172" emision="2007-02-09"><titulo>Music and Lyrics</titulo><presupuesto>40000000</presupuesto><ingresos>145896422</ingresos><directores><director id="18323" nombre="Marc Lawrence"/></directores><productores><productor id="41377" nombre="Martin Shafer"/><productor id="46347" nombre="Liz Glotzer"/></productores><productoras><productora id="79" nombre="Village Roadshow Pictures"/></productoras></pelicula><pelicula id="9966" emision="2007-02-02"><titulo>The Messengers</titulo><presupuesto>16000000</presupuesto><ingresos>1109660</ingresos><directores><director id="21905" nombre="Danny Pang"/><director id="31033" nombre="Oxide Pang Chun"/></directores><productores><productor id="7623" nombre="Sam Raimi"/><productor id="9615" nombre="Jim Miller"/><productor id="11359" nombre="Robert Tapert"/><productor id="52451" nombre="Kelli Konop"/><productor id="61120" nombre="Rhonda Baker"/><productor id="61121" nombre="Lou Arkoff"/><productor id="61122" nombre="William Sherak"/><productor id="61123" nombre="Jason Shuman"/><productor id="61125" nombre="J.R. Young"/></productores><productoras><productora id="5" nombre="Columbia Pictures"/></productoras></pelicula><pelicula id="1250" emision="2007-02-16"><titulo>Ghost Rider</titulo><presupuesto>110000000</presupuesto><ingresos>228738393</ingresos><directores><director id="16837" nombre="Mark Steven Johnson"/></directores><productores><productor id="4767" nombre="Michael De Luca"/><productor id="7626" nombre="Avi Arad"/><productor id="12922" nombre="Gary Foster"/><productor id="16838" nombre="Steven Paul"/></productores><productoras><productora id="7295" nombre="Relativity Media"/><productora id="441" nombre="Columbia Pictures Corporation"/></productoras></pelicula><pelicula id="4638" emision="2007-02-14"><titulo>Hot Fuzz</titulo><presupuesto>12000000</presupuesto><ingresos>80573774</ingresos><directores><director id="11090" nombre="Edgar Wright"/></directores><productores><productor id="2236" nombre="Tim Bevan"/><productor id="2238" nombre="Eric Fellner"/><productor id="11112" nombre="Nira Park"/></productores><productoras><productora id="33" nombre="Universal Pictures"/></productoras></pelicula><pelicula id="3594" emision="2007-02-23"><titulo>The Number 23</titulo><presupuesto>30000000</presupuesto><ingresos>77566815</ingresos><directores><director id="5572" nombre="Joel Schumacher"/></directores><productores><productor id="9543" nombre="Beau Flynn"/><productor id="33624" nombre="Tripp Vinson"/></productores><productoras><productora id="12" nombre="New Line Cinema"/></productoras></pelicula></peliculas>
