<peliculas><pelicula id="10312" emision="1998-12-25"><titulo>Patch Adams</titulo><presupuesto>50000000</presupuesto><ingresos>202292902</ingresos><directores><director id="4499" nombre="Tom Shadyac"/></directores><productores><productor id="9263" nombre="Barry Kemp"/><productor id="15004" nombre="Charles Newirth"/><productor id="64811" nombre="Mike Farrell"/><productor id="64812" nombre="Marvin Minoff"/></productores><productoras><productora id="33" nombre="Universal Pictures"/></productoras></pelicula><pelicula id="9837" emision="1998-12-15"><titulo>The Prince of Egypt</titulo><presupuesto>70000000</presupuesto><ingresos>218613188</ingresos><directores><director id="21879" nombre="Simon Wells"/><director id="44113" nombre="Steve Hickner"/><director id="59803" nombre="Brenda Chapman"/></directores><productores><productor id="488" nombre="Steven Spielberg"/><productor id="12062" nombre="Jeffrey Katzenberg"/><productor id="12065" nombre="Penney Finkelman Cox"/><productor id="12066" nombre="Sandra Rabins"/></productores><productoras><productora id="27" nombre="DreamWorks SKG"/><productora id="521" nombre="DreamWorks Animation"/></productoras></pelicula><pelicula id="9489" emision="1998-12-17"><titulo>You've Got Mail</titulo><presupuesto>65000000</presupuesto><ingresos>250821495</ingresos><directores><director id="9248" nombre="Nora Ephron"/></directores><productores><productor id="7200" nombre="Lauren Shuler Donner"/><productor id="9248" nombre="Nora Ephron"/></productores><productoras><productora id="6194" nombre="Warner Bros."/></productoras></pelicula><pelicula id="1934" emision="1998-12-11"><titulo>Shakespeare in Love</titulo><presupuesto>25000000</presupuesto><ingresos>289317794</ingresos><directores><director id="18844" nombre="John Madden"/></directores><productores><productor id="9181" nombre="Edward Zwick"/><productor id="20061" nombre="Marc Norman"/><productor id="20062" nombre="David Parfitt"/><productor id="20063" nombre="Donna Gigliotti"/><productor id="59839" nombre="Harvey Weinstein"/></productores><productoras><productora id="33" nombre="Universal Pictures"/></productoras></pelicula><pelicula id="11252" emision="1998-12-04"><titulo>Psycho</titulo><presupuesto>60000000</presupuesto><ingresos>37141130</ingresos><directores><director id="5216" nombre="Gus Van Sant"/></directores><productores><productor id="339" nombre="Brian Grazer"/><productor id="5216" nombre="Gus Van Sant"/></productores><productoras><productora id="33" nombre="Universal Pictures"/></productoras></pelicula><pelicula id="200" emision="1998-12-10"><titulo>Star Trek: Insurrection</titulo><presupuesto>70000000</presupuesto><ingresos>118000000</ingresos><directores><director id="2388" nombre="Jonathan Frakes"/></directores><productores><productor id="2381" nombre="Rick Berman"/><productor id="2383" nombre="Peter Lauritson"/><productor id="2387" nombre="Patrick Stewart"/><productor id="2514" nombre="Michael Piller"/></productores><productoras><productora id="4" nombre="Paramount Pictures"/></productoras></pelicula></peliculas>
