<peliculas><pelicula id="9480" emision="2003-02-14"><titulo>Daredevil</titulo><presupuesto>78000000</presupuesto><ingresos>179179718</ingresos><directores><director id="16837" nombre="Mark Steven Johnson"/></directores><productores><productor id="376" nombre="Arnon Milchan"/><productor id="7626" nombre="Avi Arad"/><productor id="12922" nombre="Gary Foster"/></productores><productoras><productora id="306" nombre="Twentieth Century Fox Film Corporation"/></productoras></pelicula><pelicula id="14873" emision="2003-02-07"><titulo>The Jungle Book 2</titulo><presupuesto>20000000</presupuesto><ingresos>135680000</ingresos><directores><director id="142007" nombre="Steve Trenbirth"/></directores><productores><productor id="42907" nombre="Christopher Chase"/><productor id="1116911" nombre="Mary Thorne"/></productores><productoras><productora id="2" nombre="Walt Disney Pictures"/></productoras></pelicula><pelicula id="6038" emision="2003-02-06"><titulo>Shanghai Knights</titulo><presupuesto>50000000</presupuesto><ingresos>88323487</ingresos><directores><director id="42994" nombre="David Dobkin"/></directores><productores><productor id="4504" nombre="Roger Birnbaum"/><productor id="4507" nombre="Gary Barber"/></productores><productoras><productora id="9195" nombre="Touchstone Pictures"/></productoras></pelicula><pelicula id="9919" emision="2003-02-07"><titulo>How to Lose a Guy in 10 Days</titulo><presupuesto>50000000</presupuesto><ingresos>177371441</ingresos><directores><director id="18281" nombre="Donald Petrie"/></directores><productores><productor id="2162" nombre="Lynda Obst"/><productor id="12288" nombre="Robert Evans"/><productor id="52042" nombre="Richard Vane"/><productor id="60554" nombre="Christine Forsyth-Peters"/></productores><productoras><productora id="4" nombre="Paramount Pictures"/></productoras></pelicula><pelicula id="11635" emision="2003-02-21"><titulo>Old School</titulo><presupuesto>24000000</presupuesto><ingresos>87055349</ingresos><directores><director id="57130" nombre="Todd Phillips"/></directores><productores><productor id="57130" nombre="Todd Phillips"/><productor id="57132" nombre="Daniel Goldberg"/><productor id="57601" nombre="Joe Medjuck"/></productores><productoras><productora id="27" nombre="DreamWorks SKG"/></productoras></pelicula><pelicula id="10623" emision="2003-02-28"><titulo>Cradle 2 the Grave</titulo><presupuesto>25000000</presupuesto><ingresos>56489558</ingresos><directores><director id="10765" nombre="Andrzej Bartkowiak"/></directores><productores><productor id="1091" nombre="Joel Silver"/></productores><productoras><productora id="6194" nombre="Warner Bros."/></productoras></pelicula><pelicula id="11615" emision="2003-02-21"><titulo>The Life of David Gale</titulo><presupuesto>50000000</presupuesto><ingresos>38955598</ingresos><directores><director id="9168" nombre="Alan Parker"/></directores><productores><productor id="2963" nombre="Nicolas Cage"/><productor id="9168" nombre="Alan Parker"/></productores><productoras><productora id="33" nombre="Universal Pictures"/></productoras></pelicula></peliculas>
