<peliculas><pelicula id="11015" emision="1997-01-10"><titulo>The Relic</titulo><presupuesto>60000000</presupuesto><ingresos>33956608</ingresos><directores><director id="37710" nombre="Peter Hyams"/></directores><productores><productor id="136" nombre="Sam Mercer"/><productor id="869" nombre="Gale Anne Hurd"/></productores><productoras><productora id="33" nombre="Universal Pictures"/><productora id="4" nombre="Paramount Pictures"/></productoras></pelicula><pelicula id="8860" emision="1997-01-16"><titulo>Metro</titulo><presupuesto>55000000</presupuesto><ingresos>31987563</ingresos><directores><director id="52038" nombre="Thomas Carter"/></directores><productores><productor id="4504" nombre="Roger Birnbaum"/></productores><productoras><productora id="9195" nombre="Touchstone Pictures"/></productoras></pelicula><pelicula id="34314" emision="1997-01-09"><titulo>Turbulence</titulo><presupuesto>55000000</presupuesto><ingresos>11466088</ingresos><directores><director id="101767" nombre="Robert Butler"/></directores><productores><productor id="2993" nombre="Martin Ransohoff"/><productor id="3718" nombre="David Valdes"/></productores><productoras><productora id="8411" nombre="Metro-Goldwyn-Mayer (MGM)"/></productoras></pelicula></peliculas>
