<peliculas><pelicula id="11975" emision="1997-11-18"><titulo>The Rainmaker</titulo><presupuesto>40000000</presupuesto><ingresos>45916769</ingresos><directores><director id="1776" nombre="Francis Ford Coppola"/></directores><productores><productor id="1202" nombre="Steven Reuther"/><productor id="3219" nombre="Fred Fuchs"/><productor id="3392" nombre="Michael Douglas"/></productores><productoras><productora id="4" nombre="Paramount Pictures"/></productoras></pelicula><pelicula id="8078" emision="1997-11-12"><titulo>Alien: Resurrection</titulo><presupuesto>70000000</presupuesto><ingresos>162000000</ingresos><directores><director id="2419" nombre="Jean-Pierre Jeunet"/></directores><productores><productor id="915" nombre="David Giler"/><productor id="1723" nombre="Walter Hill"/><productor id="5053" nombre="Gordon Carroll"/><productor id="10205" nombre="Sigourney Weaver"/><productor id="35510" nombre="Bill Badalato"/></productores><productoras><productora id="306" nombre="Twentieth Century Fox Film Corporation"/></productoras></pelicula><pelicula id="597" emision="1997-11-18"><titulo>Titanic</titulo><presupuesto>200000000</presupuesto><ingresos>1845034188</ingresos><directores><director id="2710" nombre="James Cameron"/></directores><productores><productor id="2710" nombre="James Cameron"/><productor id="8529" nombre="Jon Landau"/></productores><productoras><productora id="4" nombre="Paramount Pictures"/><productora id="306" nombre="Twentieth Century Fox Film Corporation"/></productoras></pelicula><pelicula id="4824" emision="1997-11-14"><titulo>The Jackal</titulo><presupuesto>60000000</presupuesto><ingresos>159330280</ingresos><directores><director id="30365" nombre="Michael Caton-Jones"/></directores><productores><productor id="7779" nombre="Sean Daniel"/><productor id="7780" nombre="James Jacks"/><productor id="7781" nombre="Kevin Jarre"/><productor id="30365" nombre="Michael Caton-Jones"/></productores><productoras><productora id="33" nombre="Universal Pictures"/></productoras></pelicula><pelicula id="9574" emision="1997-11-26"><titulo>Flubber</titulo><presupuesto>80000000</presupuesto><ingresos>177977226</ingresos><directores><director id="56911" nombre="Les Mayfield"/></directores><productores><productor id="11505" nombre="John Hughes"/><productor id="58015" nombre="Ricardo Mestres"/></productores><productoras><productora id="2" nombre="Walt Disney Pictures"/></productoras></pelicula><pelicula id="12616" emision="1997-11-14"><titulo>One Night Stand</titulo><presupuesto>24000000</presupuesto><ingresos>2642983</ingresos><directores><director id="6111" nombre="Mike Figgis"/></directores><productores><productor id="6111" nombre="Mike Figgis"/><productor id="6116" nombre="Annie Stewart"/><productor id="58266" nombre="Ben Myron"/></productores><productoras><productora id="12" nombre="New Line Cinema"/></productoras></pelicula><pelicula id="8197" emision="1997-11-21"><titulo>Midnight in the Garden of Good and Evil</titulo><presupuesto>35000000</presupuesto><ingresos>25105255</ingresos><directores><director id="190" nombre="Clint Eastwood"/></directores><productores><productor id="190" nombre="Clint Eastwood"/><productor id="54045" nombre="Arnold Stiefel"/></productores><productoras><productora id="6194" nombre="Warner Bros."/></productoras></pelicula><pelicula id="9770" emision="1997-11-07"><titulo>Mad City</titulo><presupuesto>50000000</presupuesto><ingresos>10541523</ingresos><directores><director id="27436" nombre="Costa-Gavras"/></directores><productores><productor id="10764" nombre="Arnold Kopelson"/><productor id="12050" nombre="Anne Kopelson"/></productores><productoras><productora id="6194" nombre="Warner Bros."/></productoras></pelicula><pelicula id="563" emision="1997-11-06"><titulo>Starship Troopers</titulo><presupuesto>105000000</presupuesto><ingresos>121214377</ingresos><directores><director id="10491" nombre="Paul Verhoeven"/></directores><productores><productor id="7722" nombre="Edward Neumeier"/><productor id="7723" nombre="Jon Davison"/><productor id="7724" nombre="Frances Doel"/><productor id="7725" nombre="Stacy Lumbrezer"/><productor id="7726" nombre="Alan Marshall"/></productores><productoras><productora id="9195" nombre="Touchstone Pictures"/></productoras></pelicula><pelicula id="9823" emision="1997-11-21"><titulo>Mortal Kombat: Annihilation</titulo><presupuesto>30000000</presupuesto><ingresos>51376861</ingresos><directores><director id="26714" nombre="John R. Leonetti"/></directores><productores><productor id="43518" nombre="Lawrence Kasanoff"/></productores><productoras><productora id="12" nombre="New Line Cinema"/></productoras></pelicula><pelicula id="9414" emision="1997-11-14"><titulo>The Man Who Knew Too Little</titulo><presupuesto>20000000</presupuesto><ingresos>13801755</ingresos><directores><director id="15148" nombre="Jon Amiel"/></directores><productores><productor id="376" nombre="Arnon Milchan"/><productor id="18349" nombre="Michael G. Nathanson"/><productor id="18679" nombre="Mark Tarlov"/></productores><productoras><productora id="6194" nombre="Warner Bros."/></productoras></pelicula><pelicula id="9444" emision="1997-11-20"><titulo>Anastasia</titulo><presupuesto>53000000</presupuesto><ingresos>139804348</ingresos><directores><director id="12881" nombre="Gary Goldman"/><director id="40345" nombre="Don Bluth"/></directores><productores><productor id="12881" nombre="Gary Goldman"/><productor id="40345" nombre="Don Bluth"/><productor id="1114889" nombre="Laura Jo 'L.J.' Wentworth"/></productores><productoras><productora id="306" nombre="Twentieth Century Fox Film Corporation"/></productoras></pelicula></peliculas>
