<peliculas><pelicula id="311324" emision="2016-12-16"><titulo>The Great Wall</titulo><presupuesto>150000000</presupuesto><ingresos>331957105</ingresos><directores><director id="607" nombre="Zhang Yimou"/></directores><productores><productor id="282" nombre="Charles Roven"/><productor id="15158" nombre="Peter Loehr"/><productor id="54211" nombre="Thomas Tull"/><productor id="61091" nombre="Jon Jashni"/></productores><productoras><productora id="33" nombre="Universal Pictures"/><productora id="923" nombre="Legendary Pictures"/></productoras></pelicula><pelicula id="360814" emision="2016-12-23"><titulo>Dangal</titulo><presupuesto>10400000</presupuesto><ingresos>310000000</ingresos><directores><director id="1042010" nombre="Nitesh Tiwari"/></directores><productores><productor id="52763" nombre="Aamir Khan"/><productor id="130959" nombre="Kiran Rao"/><productor id="233068" nombre="Siddharth Roy Kapur"/></productores><productoras><productora id="2" nombre="Walt Disney Pictures"/></productoras></pelicula><pelicula id="393457" emision="2016-12-16"><titulo>Fences</titulo><presupuesto>24000000</presupuesto><ingresos>64414761</ingresos><directores><director id="5292" nombre="Denzel Washington"/></directores><productores><productor id="2997" nombre="Scott Rudin"/><productor id="5292" nombre="Denzel Washington"/></productores><productoras><productora id="4" nombre="Paramount Pictures"/></productoras></pelicula><pelicula id="356305" emision="2016-12-22"><titulo>Why Him?</titulo><presupuesto>38000000</presupuesto><ingresos>118034273</ingresos><directores><director id="17871" nombre="John Hamburg"/></directores><productores><productor id="7399" nombre="Ben Stiller"/><productor id="17825" nombre="Shawn Levy"/><productor id="21007" nombre="Jonah Hill"/><productor id="1188380" nombre="Daniel S. Levine"/></productores><productoras><productora id="306" nombre="Twentieth Century Fox Film Corporation"/><productora id="22213" nombre="TSG Entertainment"/></productoras></pelicula><pelicula id="274870" emision="2016-12-21"><titulo>Passengers</titulo><presupuesto>110000000</presupuesto><ingresos>303144152</ingresos><directores><director id="77965" nombre="Morten Tyldum"/></directores><productores><productor id="11874" nombre="Neal H. Moritz"/><productor id="68691" nombre="Ori Marmur"/><productor id="882944" nombre="Stephen Hamel"/><productor id="1125638" nombre="Michael Maher"/></productores><productoras><productora id="5" nombre="Columbia Pictures"/><productora id="79" nombre="Village Roadshow Pictures"/></productoras></pelicula><pelicula id="259695" emision="2016-12-25"><titulo>Live by Night</titulo><presupuesto>108000000</presupuesto><ingresos>22678555</ingresos><directores><director id="880" nombre="Ben Affleck"/></directores><productores><productor id="550" nombre="Jennifer Todd"/><productor id="880" nombre="Ben Affleck"/><productor id="6193" nombre="Leonardo DiCaprio"/><productor id="1128184" nombre="Jennifer Killoran"/></productores><productoras><productora id="6194" nombre="Warner Bros."/></productoras></pelicula><pelicula id="262841" emision="2016-12-21"><titulo>Monster Trucks</titulo><presupuesto>125000000</presupuesto><ingresos>64493915</ingresos><directores><director id="5713" nombre="Chris Wedge"/></directores><productores><productor id="12770" nombre="Denis L. Stewart"/><productor id="114408" nombre="Mary Parent"/></productores><productoras><productora id="4" nombre="Paramount Pictures"/></productoras></pelicula><pelicula id="345920" emision="2016-12-06"><titulo>Collateral Beauty</titulo><presupuesto>36000000</presupuesto><ingresos>87416021</ingresos><directores><director id="5065" nombre="David Frankel"/></directores><productores><productor id="321" nombre="Anthony Bregman"/><productor id="34050" nombre="Allan Loeb"/><productor id="41331" nombre="Michael Sugar"/><productor id="94456" nombre="Kevin Scott Frakes"/><productor id="1729689" nombre="Brad Dorros"/></productores><productoras><productora id="12" nombre="New Line Cinema"/><productora id="79" nombre="Village Roadshow Pictures"/></productoras></pelicula><pelicula id="330459" emision="2016-12-14"><titulo>Rogue One: A Star Wars Story</titulo><presupuesto>200000000</presupuesto><ingresos>1056057273</ingresos><directores><director id="129894" nombre="Gareth Edwards"/></directores><productores><productor id="489" nombre="Kathleen Kennedy"/><productor id="166291" nombre="Tony To"/><productor id="971840" nombre="Allison Shearmur"/><productor id="1174045" nombre="Simon Emanuel"/></productores><productoras><productora id="2" nombre="Walt Disney Pictures"/></productoras></pelicula></peliculas>
