<peliculas><pelicula id="9705" emision="2001-06-07"><titulo>Swordfish</titulo><presupuesto>102000000</presupuesto><ingresos>147080413</ingresos><directores><director id="58498" nombre="Dominic Sena"/></directores><productores><productor id="1091" nombre="Joel Silver"/><productor id="14093" nombre="Jonathan D. Krane"/><productor id="58657" nombre="Paul Winze"/></productores><productoras><productora id="6194" nombre="Warner Bros."/><productora id="79" nombre="Village Roadshow Pictures"/></productoras></pelicula><pelicula id="644" emision="2001-06-29"><titulo>A.I. Artificial Intelligence</titulo><presupuesto>100000000</presupuesto><ingresos>235926552</ingresos><directores><director id="488" nombre="Steven Spielberg"/></directores><productores><productor id="488" nombre="Steven Spielberg"/><productor id="489" nombre="Kathleen Kennedy"/><productor id="2210" nombre="Bonnie Curtis"/></productores><productoras><productora id="6194" nombre="Warner Bros."/><productora id="56" nombre="Amblin Entertainment"/><productora id="27" nombre="DreamWorks SKG"/></productoras></pelicula><pelicula id="1995" emision="2001-06-11"><titulo>Lara Croft: Tomb Raider</titulo><presupuesto>115000000</presupuesto><ingresos>274703340</ingresos><directores><director id="12786" nombre="Simon West"/></directores><productores><productor id="490" nombre="Colin Wilson"/><productor id="1093" nombre="Lawrence Gordon"/><productor id="1993" nombre="Lloyd Levin"/><productor id="20514" nombre="Michael Levy"/><productor id="20515" nombre="Jib Polhemus"/></productores><productoras><productora id="4" nombre="Paramount Pictures"/></productoras></pelicula><pelicula id="10865" emision="2001-06-02"><titulo>Atlantis: The Lost Empire</titulo><presupuesto>120000000</presupuesto><ingresos>186053725</ingresos><directores><director id="62047" nombre="Gary Trousdale"/><director id="62048" nombre="Kirk Wise"/></directores><productores><productor id="12824" nombre="Don Hahn"/></productores><productoras><productora id="2" nombre="Walt Disney Pictures"/></productoras></pelicula><pelicula id="10808" emision="2001-06-22"><titulo>Dr. Dolittle 2</titulo><presupuesto>70000000</presupuesto><ingresos>176104344</ingresos><directores><director id="52112" nombre="Steve Carr"/></directores><productores><productor id="2043" nombre="John Davis"/><productor id="56053" nombre="Joseph Singer"/></productores><productoras><productora id="306" nombre="Twentieth Century Fox Film Corporation"/></productoras></pelicula><pelicula id="16161" emision="2001-06-27"><titulo>Baby Boy</titulo><presupuesto>16000000</presupuesto><ingresos>29381649</ingresos><directores><director id="6482" nombre="John Singleton"/></directores><productores><productor id="6482" nombre="John Singleton"/></productores><productoras><productora id="5" nombre="Columbia Pictures"/></productoras></pelicula><pelicula id="10691" emision="2001-06-29"><titulo>Crazy/Beautiful</titulo><presupuesto>13000000</presupuesto><ingresos>16929123</ingresos><directores><director id="57082" nombre="John Stockwell"/></directores><productores><productor id="7530" nombre="Rachel Pfeffer"/><productor id="58084" nombre="Harry J. Ufland"/><productor id="58085" nombre="Mary Jane Ufland"/></productores><productoras><productora id="9195" nombre="Touchstone Pictures"/></productoras></pelicula><pelicula id="9799" emision="2001-06-22"><titulo>The Fast and the Furious</titulo><presupuesto>38000000</presupuesto><ingresos>207283925</ingresos><directores><director id="18878" nombre="Rob Cohen"/></directores><productores><productor id="11874" nombre="Neal H. Moritz"/></productores><productoras><productora id="33" nombre="Universal Pictures"/></productoras></pelicula><pelicula id="9397" emision="2001-06-08"><titulo>Evolution</titulo><presupuesto>80000000</presupuesto><ingresos>98376292</ingresos><directores><director id="8858" nombre="Ivan Reitman"/></directores><productores><productor id="8858" nombre="Ivan Reitman"/><productor id="57132" nombre="Daniel Goldberg"/><productor id="57601" nombre="Joe Medjuck"/></productores><productoras><productora id="27" nombre="DreamWorks SKG"/><productora id="441" nombre="Columbia Pictures Corporation"/></productoras></pelicula></peliculas>
