<peliculas><pelicula id="64635" emision="2012-08-02"><titulo>Total Recall</titulo><presupuesto>125000000</presupuesto><ingresos>198802074</ingresos><directores><director id="3950" nombre="Len Wiseman"/></directores><productores><productor id="11874" nombre="Neal H. Moritz"/><productor id="59920" nombre="Toby Jaffe"/><productor id="1123797" nombre="Paula Kucharski"/></productores><productoras><productora id="5" nombre="Columbia Pictures"/></productoras></pelicula><pelicula id="79694" emision="2012-08-23"><titulo>The Apparition</titulo><presupuesto>17000000</presupuesto><ingresos>9627492</ingresos><directores><director id="587800" nombre="Todd Lincoln "/></directores><productores><productor id="587802" nombre="Alex Heineman"/></productores><productoras><productora id="6194" nombre="Warner Bros."/></productoras></pelicula><pelicula id="49040" emision="2012-08-08"><titulo>The Bourne Legacy</titulo><presupuesto>130000000</presupuesto><ingresos>276572938</ingresos><directores><director id="19242" nombre="Tony Gilroy"/></directores><productores><productor id="664" nombre="Frank Marshall"/><productor id="25600" nombre="Patrick Crowley"/></productores><productoras><productora id="33" nombre="Universal Pictures"/><productora id="7295" nombre="Relativity Media"/></productoras></pelicula><pelicula id="82696" emision="2012-08-07"><titulo>Hope Springs</titulo><presupuesto>30000000</presupuesto><ingresos>114281051</ingresos><directores><director id="5065" nombre="David Frankel"/></directores><productores><productor id="51612" nombre="Todd Black"/><productor id="52451" nombre="Kelli Konop"/><productor id="53758" nombre="Guymon Casady"/><productor id="928631" nombre="Chris Coggins"/><productor id="928632" nombre="Lance Johnson"/></productores><productoras><productora id="5" nombre="Columbia Pictures"/><productora id="8411" nombre="Metro-Goldwyn-Mayer (MGM)"/></productoras></pelicula></peliculas>
