<peliculas><pelicula id="82703" emision="2014-02-07"><titulo>Mr. Peabody &amp; Sherman</titulo><presupuesto>145000000</presupuesto><ingresos>272912430</ingresos><directores><director id="18898" nombre="Rob Minkoff"/></directores><productores/><productoras><productora id="521" nombre="DreamWorks Animation"/></productoras></pelicula><pelicula id="120467" emision="2014-02-26"><titulo>The Grand Budapest Hotel</titulo><presupuesto>30000000</presupuesto><ingresos>174600318</ingresos><directores><director id="5655" nombre="Wes Anderson"/></directores><productores><productor id="2997" nombre="Scott Rudin"/><productor id="5655" nombre="Wes Anderson"/><productor id="1004835" nombre="Jeremy Dawson"/><productor id="1004836" nombre="Steven M. Rales"/></productores><productoras><productora id="22213" nombre="TSG Entertainment"/></productoras></pelicula><pelicula id="137321" emision="2014-02-13"><titulo>Winter's Tale</titulo><presupuesto>60000000</presupuesto><ingresos>30800231</ingresos><directores><director id="5575" nombre="Akiva Goldsman"/></directores><productores><productor id="5575" nombre="Akiva Goldsman"/><productor id="17630" nombre="Michael Tadross"/><productor id="23485" nombre="Marc Platt"/></productores><productoras><productora id="6194" nombre="Warner Bros."/><productora id="79" nombre="Village Roadshow Pictures"/></productoras></pelicula><pelicula id="137106" emision="2014-02-06"><titulo>The Lego Movie</titulo><presupuesto>60000000</presupuesto><ingresos>469160692</ingresos><directores><director id="107446" nombre="Phil Lord"/><director id="155267" nombre="Christopher Miller"/></directores><productores><productor id="21036" nombre="Roy Lee"/><productor id="112690" nombre="Dan Lin"/></productores><productoras><productora id="6194" nombre="Warner Bros."/><productora id="79" nombre="Village Roadshow Pictures"/></productoras></pelicula><pelicula id="226857" emision="2014-02-12"><titulo>Endless Love</titulo><presupuesto>20000000</presupuesto><ingresos>34077920</ingresos><directores><director id="129718" nombre="Shana Feste"/></directores><productores><productor id="5378" nombre="Pamela Abdy"/><productor id="19282" nombre="Scott Stuber"/><productor id="168798" nombre="Josh Schwartz"/><productor id="168812" nombre="Stephanie Savage"/></productores><productoras><productora id="33" nombre="Universal Pictures"/></productoras></pelicula><pelicula id="192102" emision="2014-02-14"><titulo>3 Days to Kill</titulo><presupuesto>28000000</presupuesto><ingresos>52597999</ingresos><directores><director id="36425" nombre="McG"/></directores><productores><productor id="59" nombre="Luc Besson"/><productor id="50950" nombre="Virginie Besson-Silla"/><productor id="54419" nombre="Ryan Kavanaugh"/><productor id="56228" nombre="Marc Libert"/><productor id="95322" nombre="Adi Hasak"/></productores><productoras><productora id="7295" nombre="Relativity Media"/></productoras></pelicula></peliculas>
