<peliculas><pelicula id="171274" emision="2014-12-25"><titulo>Inherent Vice</titulo><presupuesto>20000000</presupuesto><ingresos>11110975</ingresos><directores><director id="4762" nombre="Paul Thomas Anderson"/></directores><productores><productor id="4762" nombre="Paul Thomas Anderson"/><productor id="4769" nombre="Daniel Lupi"/><productor id="4770" nombre="JoAnne Sellar"/></productores><productoras><productora id="6194" nombre="Warner Bros."/></productoras></pelicula><pelicula id="196867" emision="2014-12-19"><titulo>Annie</titulo><presupuesto>65000000</presupuesto><ingresos>133821816</ingresos><directores><director id="82511" nombre="Will Gluck"/></directores><productores><productor id="2888" nombre="Will Smith"/><productor id="9575" nombre="Jada Pinkett Smith"/><productor id="46080" nombre="James Lassiter"/><productor id="74574" nombre="Caleeb Pinkett"/><productor id="84932" nombre="Jay-Z"/><productor id="1889729" nombre="Tyran Smith"/></productores><productoras><productora id="5" nombre="Columbia Pictures"/></productoras></pelicula><pelicula id="224141" emision="2014-12-25"><titulo>Into the Woods</titulo><presupuesto>50000000</presupuesto><ingresos>212902372</ingresos><directores><director id="17633" nombre="Rob Marshall"/></directores><productores><productor id="10876" nombre="Callum McDougall"/><productor id="17633" nombre="Rob Marshall"/><productor id="23485" nombre="Marc Platt"/><productor id="1255687" nombre="John DeLuca"/></productores><productoras><productora id="2" nombre="Walt Disney Pictures"/></productoras></pelicula><pelicula id="260346" emision="2014-12-16"><titulo>Taken 3</titulo><presupuesto>48000000</presupuesto><ingresos>325771424</ingresos><directores><director id="75035" nombre="Olivier Megaton"/></directores><productores><productor id="59" nombre="Luc Besson"/></productores><productoras><productora id="306" nombre="Twentieth Century Fox Film Corporation"/><productora id="22213" nombre="TSG Entertainment"/></productoras></pelicula><pelicula id="228967" emision="2014-12-25"><titulo>The Interview</titulo><presupuesto>44000000</presupuesto><ingresos>12342632</ingresos><directores><director id="19274" nombre="Seth Rogen"/><director id="54734" nombre="Evan Goldberg"/></directores><productores><productor id="19274" nombre="Seth Rogen"/><productor id="54734" nombre="Evan Goldberg"/><productor id="928595" nombre="James Weaver"/></productores><productoras><productora id="5" nombre="Columbia Pictures"/></productoras></pelicula><pelicula id="181533" emision="2014-12-17"><titulo>Night at the Museum: Secret of the Tomb</titulo><presupuesto>127000000</presupuesto><ingresos>349424282</ingresos><directores><director id="17825" nombre="Shawn Levy"/></directores><productores><productor id="10965" nombre="Chris Columbus"/><productor id="11222" nombre="Mark Radcliffe"/><productor id="17825" nombre="Shawn Levy"/></productores><productoras><productora id="306" nombre="Twentieth Century Fox Film Corporation"/><productora id="22213" nombre="TSG Entertainment"/></productoras></pelicula><pelicula id="284536" emision="2014-12-25"><titulo>The Gambler</titulo><presupuesto>25000000</presupuesto><ingresos>39171130</ingresos><directores><director id="77357" nombre="Rupert Wyatt"/></directores><productores><productor id="11472" nombre="Irwin Winkler"/><productor id="13240" nombre="Mark Wahlberg"/><productor id="16514" nombre="Robert Chartoff"/><productor id="183044" nombre="Stephen Levinson"/><productor id="207419" nombre="David Winkler"/></productores><productoras><productora id="4" nombre="Paramount Pictures"/></productoras></pelicula><pelicula id="68737" emision="2014-12-12"><titulo>Seventh Son</titulo><presupuesto>95000000</presupuesto><ingresos>114178613</ingresos><directores><director id="130938" nombre="Sergei Bodrov"/></directores><productores><productor id="41289" nombre="Lionel Wigram"/><productor id="54211" nombre="Thomas Tull"/><productor id="67759" nombre="Basil Iwanyk"/></productores><productoras><productora id="923" nombre="Legendary Pictures"/></productoras></pelicula><pelicula id="190859" emision="2014-12-11"><titulo>American Sniper</titulo><presupuesto>58800000</presupuesto><ingresos>542307423</ingresos><directores><director id="190" nombre="Clint Eastwood"/></directores><productores><productor id="190" nombre="Clint Eastwood"/></productores><productoras><productora id="6194" nombre="Warner Bros."/><productora id="79" nombre="Village Roadshow Pictures"/></productoras></pelicula><pelicula id="122917" emision="2014-12-10"><titulo>The Hobbit: The Battle of the Five Armies</titulo><presupuesto>250000000</presupuesto><ingresos>956019788</ingresos><directores><director id="108" nombre="Peter Jackson"/></directores><productores><productor id="108" nombre="Peter Jackson"/><productor id="126" nombre="Fran Walsh"/><productor id="3506" nombre="Carolynne Cunningham"/><productor id="53393" nombre="Zane Weiner"/></productores><productoras><productora id="12" nombre="New Line Cinema"/><productora id="8411" nombre="Metro-Goldwyn-Mayer (MGM)"/></productoras></pelicula><pelicula id="227306" emision="2014-12-25"><titulo>Unbroken</titulo><presupuesto>65000000</presupuesto><ingresos>163442937</ingresos><directores><director id="11701" nombre="Angelina Jolie"/></directores><productores><productor id="3184" nombre="Clayton Townsend"/><productor id="10950" nombre="Erwin Stoff"/><productor id="11701" nombre="Angelina Jolie"/><productor id="1143709" nombre="Matthew Barr"/></productores><productoras><productora id="923" nombre="Legendary Pictures"/></productoras></pelicula></peliculas>
