<peliculas><pelicula id="65754" emision="2011-12-14"><titulo>The Girl with the Dragon Tattoo</titulo><presupuesto>90000000</presupuesto><ingresos>232617430</ingresos><directores><director id="7467" nombre="David Fincher"/></directores><productores><productor id="2997" nombre="Scott Rudin"/><productor id="7475" nombre="Ce&#xE1;n Chaffin"/><productor id="1002917" nombre="Soren Staermose"/><productor id="1240514" nombre="Ole S&#xF8;ndberg"/></productores><productoras><productora id="5" nombre="Columbia Pictures"/><productora id="8411" nombre="Metro-Goldwyn-Mayer (MGM)"/></productoras></pelicula><pelicula id="56292" emision="2011-12-07"><titulo>Mission: Impossible - Ghost Protocol</titulo><presupuesto>145000000</presupuesto><ingresos>694713380</ingresos><directores><director id="7087" nombre="Brad Bird"/></directores><productores><productor id="500" nombre="Tom Cruise"/><productor id="15344" nombre="J.J. Abrams"/><productor id="28977" nombre="Bryan Burk"/></productores><productoras><productora id="4" nombre="Paramount Pictures"/></productoras></pelicula><pelicula id="57157" emision="2011-12-16"><titulo>Young Adult</titulo><presupuesto>12000000</presupuesto><ingresos>22939027</ingresos><directores><director id="52443" nombre="Jason Reitman"/></directores><productores><productor id="52443" nombre="Jason Reitman"/><productor id="52444" nombre="Diablo Cody"/><productor id="52445" nombre="Lianne Halfon"/><productor id="52446" nombre="Mason Novick"/><productor id="52897" nombre="Russell Smith"/></productores><productoras><productora id="4" nombre="Paramount Pictures"/></productoras></pelicula><pelicula id="71676" emision="2011-12-10"><titulo>Ghost Rider: Spirit of Vengeance</titulo><presupuesto>57000000</presupuesto><ingresos>149217355</ingresos><directores><director id="20192" nombre="Brian Taylor"/><director id="20193" nombre="Mark Neveldine"/></directores><productores><productor id="4767" nombre="Michael De Luca"/><productor id="7626" nombre="Avi Arad"/><productor id="16838" nombre="Steven Paul"/><productor id="21478" nombre="Ashok Amritraj"/><productor id="937174" nombre="Ari Arad"/></productores><productoras><productora id="5" nombre="Columbia Pictures"/></productoras></pelicula><pelicula id="64685" emision="2011-12-24"><titulo>Extremely Loud &amp; Incredibly Close</titulo><presupuesto>40000000</presupuesto><ingresos>55247881</ingresos><directores><director id="468" nombre="Stephen Daldry"/></directores><productores/><productoras><productora id="6194" nombre="Warner Bros."/><productora id="4" nombre="Paramount Pictures"/></productoras></pelicula><pelicula id="74465" emision="2011-12-22"><titulo>We Bought a Zoo</titulo><presupuesto>50000000</presupuesto><ingresos>120081841</ingresos><directores><director id="11649" nombre="Cameron Crowe"/></directores><productores/><productoras><productora id="306" nombre="Twentieth Century Fox Film Corporation"/><productora id="444" nombre="Dune Entertainment"/></productoras></pelicula><pelicula id="62838" emision="2011-12-08"><titulo>New Year's Eve</titulo><presupuesto>56000000</presupuesto><ingresos>142044638</ingresos><directores><director id="1201" nombre="Garry Marshall"/></directores><productores/><productoras><productora id="12" nombre="New Line Cinema"/></productoras></pelicula><pelicula id="57431" emision="2011-12-09"><titulo>The Sitter</titulo><presupuesto>25000000</presupuesto><ingresos>34942188</ingresos><directores><director id="64141" nombre="David Gordon Green"/></directores><productores><productor id="4767" nombre="Michael De Luca"/></productores><productoras><productora id="306" nombre="Twentieth Century Fox Film Corporation"/></productoras></pelicula><pelicula id="57212" emision="2011-12-25"><titulo>War Horse</titulo><presupuesto>66000000</presupuesto><ingresos>177584879</ingresos><directores><director id="488" nombre="Steven Spielberg"/></directores><productores><productor id="488" nombre="Steven Spielberg"/><productor id="489" nombre="Kathleen Kennedy"/></productores><productoras><productora id="56" nombre="Amblin Entertainment"/><productora id="27" nombre="DreamWorks SKG"/><productora id="9195" nombre="Touchstone Pictures"/></productoras></pelicula></peliculas>
