<peliculas><pelicula id="32657" emision="2010-02-01"><titulo>Percy Jackson &amp; the Olympians: The Lightning Thief</titulo><presupuesto>95000000</presupuesto><ingresos>226497209</ingresos><directores><director id="10965" nombre="Chris Columbus"/></directores><productores><productor id="10569" nombre="Karen Rosenfelt"/><productor id="10965" nombre="Chris Columbus"/><productor id="11222" nombre="Mark Radcliffe"/><productor id="17828" nombre="Michael Barnathan"/></productores><productoras><productora id="444" nombre="Dune Entertainment"/></productoras></pelicula><pelicula id="32856" emision="2010-02-10"><titulo>Valentine's Day</titulo><presupuesto>52000000</presupuesto><ingresos>216485654</ingresos><directores><director id="1201" nombre="Garry Marshall"/></directores><productores><productor id="62159" nombre="Mike Karz"/><productor id="66174" nombre="Wayne Allan Rice"/></productores><productoras><productora id="12" nombre="New Line Cinema"/></productoras></pelicula><pelicula id="23759" emision="2010-02-15"><titulo>Centurion</titulo><presupuesto>12000000</presupuesto><ingresos>6814789</ingresos><directores><director id="57581" nombre="Neil Marshall"/></directores><productores><productor id="4584" nombre="Robert Jones"/><productor id="57583" nombre="Christian Colson"/><productor id="1091462" nombre="Ivana Mackinnon"/><productor id="1102066" nombre="Diarmuid McKeown"/></productores><productoras><productora id="6194" nombre="Warner Bros."/></productoras></pelicula><pelicula id="34144" emision="2010-02-26"><titulo>Dear Guest, When Will You Leave?</titulo><presupuesto>3750000</presupuesto><ingresos>5000000</ingresos><directores><director id="1113751" nombre="Ashwani Dhir"/></directores><productores/><productoras><productora id="6194" nombre="Warner Bros."/></productoras></pelicula><pelicula id="23742" emision="2010-02-26"><titulo>Cop Out</titulo><presupuesto>30000000</presupuesto><ingresos>55583804</ingresos><directores><director id="19303" nombre="Kevin Smith"/></directores><productores><productor id="17630" nombre="Michael Tadross"/><productor id="23485" nombre="Marc Platt"/><productor id="113987" nombre="Polly Johnsen"/></productores><productoras><productora id="6194" nombre="Warner Bros."/></productoras></pelicula><pelicula id="11324" emision="2010-02-18"><titulo>Shutter Island</titulo><presupuesto>80000000</presupuesto><ingresos>294804195</ingresos><directores><director id="1032" nombre="Martin Scorsese"/></directores><productores><productor id="1032" nombre="Martin Scorsese"/><productor id="20206" nombre="Mike Medavoy"/><productor id="20207" nombre="Arnold Messer"/></productores><productoras><productora id="4" nombre="Paramount Pictures"/></productoras></pelicula></peliculas>
