<peliculas><pelicula id="53182" emision="2014-03-05"><titulo>300: Rise of an Empire</titulo><presupuesto>110000000</presupuesto><ingresos>337580051</ingresos><directores><director id="78914" nombre="Noam Murro"/></directores><productores><productor id="11420" nombre="Gianni Nunnari"/><productor id="15217" nombre="Zack Snyder"/><productor id="46088" nombre="Mark Canton"/><productor id="54211" nombre="Thomas Tull"/><productor id="65377" nombre="Bernie Goldmann"/><productor id="79243" nombre="Deborah Snyder"/></productores><productoras><productora id="6194" nombre="Warner Bros."/><productora id="923" nombre="Legendary Pictures"/></productoras></pelicula><pelicula id="86834" emision="2014-03-20"><titulo>Noah</titulo><presupuesto>125000000</presupuesto><ingresos>362637473</ingresos><directores><director id="6431" nombre="Darren Aronofsky"/></directores><productores><productor id="376" nombre="Arnon Milchan"/><productor id="6431" nombre="Darren Aronofsky"/><productor id="114408" nombre="Mary Parent"/><productor id="1116091" nombre="Scott Franklin"/></productores><productoras><productora id="4" nombre="Paramount Pictures"/></productoras></pelicula><pelicula id="100402" emision="2014-03-20"><titulo>Captain America: The Winter Soldier</titulo><presupuesto>170000000</presupuesto><ingresos>714766572</ingresos><directores><director id="19271" nombre="Anthony Russo"/><director id="19272" nombre="Joe Russo"/></directores><productores><productor id="10850" nombre="Kevin Feige"/></productores><productoras><productora id="420" nombre="Marvel Studios"/></productoras></pelicula><pelicula id="136797" emision="2014-03-13"><titulo>Need for Speed</titulo><presupuesto>66000000</presupuesto><ingresos>203277636</ingresos><directores><director id="293911" nombre="Scott Waugh"/></directores><productores><productor id="34882" nombre="Mark Sourian"/><productor id="53176" nombre="John Gatins"/><productor id="1147602" nombre="Patrick O&#x2019;Brien"/></productores><productoras><productora id="27" nombre="DreamWorks SKG"/><productora id="9195" nombre="Touchstone Pictures"/></productoras></pelicula><pelicula id="177494" emision="2014-03-13"><titulo>Veronica Mars</titulo><presupuesto>6000000</presupuesto><ingresos>3485127</ingresos><directores><director id="1224425" nombre="Rob Thomas"/></directores><productores><productor id="1224425" nombre="Rob Thomas"/><productor id="1224447" nombre="Dan Etheridge"/><productor id="1327239" nombre="Danielle Stokdyk"/></productores><productoras><productora id="6194" nombre="Warner Bros."/></productoras></pelicula></peliculas>
