<peliculas><pelicula id="508" emision="2003-09-07"><titulo>Love Actually</titulo><presupuesto>40000000</presupuesto><ingresos>244931766</ingresos><directores><director id="7018" nombre="Richard Curtis"/></directores><productores><productor id="2236" nombre="Tim Bevan"/><productor id="2238" nombre="Eric Fellner"/><productor id="7019" nombre="Duncan Kenworthy"/></productores><productoras><productora id="33" nombre="Universal Pictures"/></productoras></pelicula><pelicula id="11775" emision="2003-09-02"><titulo>Intolerable Cruelty</titulo><presupuesto>60000000</presupuesto><ingresos>119940815</ingresos><directores><director id="1223" nombre="Joel Coen"/></directores><productores><productor id="339" nombre="Brian Grazer"/><productor id="1223" nombre="Joel Coen"/><productor id="1224" nombre="Ethan Coen"/><productor id="1482" nombre="John Cameron"/><productor id="31511" nombre="Grant Heslov"/><productor id="40375" nombre="James Whitaker"/><productor id="44482" nombre="Robert Graf"/></productores><productoras><productora id="33" nombre="Universal Pictures"/></productoras></pelicula><pelicula id="7270" emision="2003-09-01"><titulo>Matchstick Men</titulo><presupuesto>62000000</presupuesto><ingresos>65565672</ingresos><directores><director id="578" nombre="Ridley Scott"/></directores><productores><productor id="30" nombre="Steve Starkey"/><productor id="578" nombre="Ridley Scott"/><productor id="1886" nombre="Ted Griffin"/><productor id="23779" nombre="Jack Rapke"/><productor id="39387" nombre="Sean Bailey"/></productores><productoras><productora id="6194" nombre="Warner Bros."/></productoras></pelicula><pelicula id="10159" emision="2003-09-26"><titulo>The Rundown</titulo><presupuesto>85000000</presupuesto><ingresos>80916492</ingresos><directores><director id="36602" nombre="Peter Berg"/></directores><productores><productor id="15219" nombre="Marc Abraham"/><productor id="57343" nombre="Kevin Misher"/><productor id="64127" nombre="Bill Corless"/><productor id="64128" nombre="Karen Glasser"/></productores><productoras><productora id="33" nombre="Universal Pictures"/><productora id="5" nombre="Columbia Pictures"/></productoras></pelicula><pelicula id="9616" emision="2003-09-05"><titulo>The Order</titulo><presupuesto>35000000</presupuesto><ingresos>11560806</ingresos><directores><director id="4723" nombre="Brian Helgeland"/></directores><productores><productor id="4723" nombre="Brian Helgeland"/><productor id="14695" nombre="Craig Baumgarten"/></productores><productoras><productora id="306" nombre="Twentieth Century Fox Film Corporation"/></productoras></pelicula><pelicula id="1428" emision="2003-09-11"><titulo>Once Upon a Time in Mexico</titulo><presupuesto>29000000</presupuesto><ingresos>98185582</ingresos><directores><director id="2294" nombre="Robert Rodriguez"/></directores><productores><productor id="2294" nombre="Robert Rodriguez"/><productor id="5911" nombre="Elizabeth Avellan"/><productor id="20498" nombre="Carlos Gallardo"/></productores><productoras><productora id="441" nombre="Columbia Pictures Corporation"/></productoras></pelicula><pelicula id="22309" emision="2003-09-17"><titulo>The Fighting Temptations</titulo><presupuesto>15000000</presupuesto><ingresos>30238577</ingresos><directores><director id="21217" nombre="Jonathan Lynn"/></directores><productores><productor id="1746321" nombre="David Gale"/></productores><productoras><productora id="4" nombre="Paramount Pictures"/></productoras></pelicula><pelicula id="8696" emision="2003-09-02"><titulo>Calendar Girls</titulo><presupuesto>10000000</presupuesto><ingresos>96542059</ingresos><directores><director id="24248" nombre="Nigel Cole"/></directores><productores><productor id="71453" nombre="Nick Barton"/><productor id="71454" nombre="Suzanne Mackie"/></productores><productoras><productora id="9195" nombre="Touchstone Pictures"/></productoras></pelicula></peliculas>
