<peliculas><pelicula id="24113" emision="2001-04-27"><titulo>Town &amp; Country</titulo><presupuesto>90000000</presupuesto><ingresos>10372291</ingresos><directores><director id="36804" nombre="Peter Chelsom"/></directores><productores/><productoras><productora id="12" nombre="New Line Cinema"/></productoras></pelicula><pelicula id="1734" emision="2001-04-28"><titulo>The Mummy Returns</titulo><presupuesto>98000000</presupuesto><ingresos>433013274</ingresos><directores><director id="7775" nombre="Stephen Sommers"/></directores><productores><productor id="7779" nombre="Sean Daniel"/><productor id="7780" nombre="James Jacks"/></productores><productoras><productora id="33" nombre="Universal Pictures"/></productoras></pelicula><pelicula id="4133" emision="2001-04-04"><titulo>Blow</titulo><presupuesto>53000000</presupuesto><ingresos>83282296</ingresos><directores><director id="34849" nombre="Ted Demme"/></directores><productores><productor id="5724" nombre="Denis Leary"/><productor id="34849" nombre="Ted Demme"/><productor id="34857" nombre="Joel Stillerman"/><productor id="1247414" nombre="Tom&#xE1;s Krejc&#xED;"/></productores><productoras><productora id="12" nombre="New Line Cinema"/></productoras></pelicula><pelicula id="634" emision="2001-04-13"><titulo>Bridget Jones's Diary</titulo><presupuesto>25000000</presupuesto><ingresos>281929795</ingresos><directores><director id="9158" nombre="Sharon Maguire"/></directores><productores><productor id="2236" nombre="Tim Bevan"/><productor id="2238" nombre="Eric Fellner"/><productor id="9157" nombre="Jonathan Cavendish"/></productores><productoras><productora id="33" nombre="Universal Pictures"/></productoras></pelicula><pelicula id="10956" emision="2001-04-10"><titulo>Joe Dirt</titulo><presupuesto>17700000</presupuesto><ingresos>30987695</ingresos><directores><director id="66960" nombre="Dennie Gordon"/></directores><productores><productor id="29015" nombre="Robert Simonds"/></productores><productoras><productora id="5" nombre="Columbia Pictures"/></productoras></pelicula><pelicula id="2043" emision="2001-04-06"><titulo>Along Came a Spider</titulo><presupuesto>60000000</presupuesto><ingresos>105178561</ingresos><directores><director id="7256" nombre="Lee Tamahori"/></directores><productores><productor id="5322" nombre="David Brown"/><productor id="21024" nombre="Joe Wizan"/></productores><productoras><productora id="4" nombre="Paramount Pictures"/></productoras></pelicula></peliculas>
