<peliculas><pelicula id="5491" emision="2000-05-10"><titulo>Battlefield Earth</titulo><presupuesto>44000000</presupuesto><ingresos>21400000</ingresos><directores><director id="5058" nombre="Roger Christian"/></directores><productores><productor id="8891" nombre="John Travolta"/><productor id="14093" nombre="Jonathan D. Krane"/><productor id="18691" nombre="Elie Samaha"/></productores><productoras><productora id="6194" nombre="Warner Bros."/></productoras></pelicula><pelicula id="10560" emision="2000-05-12"><titulo>Center Stage</titulo><presupuesto>18000000</presupuesto><ingresos>17200925</ingresos><directores><director id="55476" nombre="Nicholas Hytner"/></directores><productores><productor id="10685" nombre="Laurence Mark"/></productores><productoras><productora id="5" nombre="Columbia Pictures"/></productoras></pelicula><pelicula id="8584" emision="2000-05-26"><titulo>Shanghai Noon</titulo><presupuesto>55000000</presupuesto><ingresos>56932305</ingresos><directores><director id="46076" nombre="Tom Dey"/></directores><productores><productor id="4504" nombre="Roger Birnbaum"/><productor id="4507" nombre="Gary Barber"/><productor id="21635" nombre="Jonathan Glickman"/></productores><productoras><productora id="9195" nombre="Touchstone Pictures"/></productoras></pelicula><pelicula id="98" emision="2000-05-01"><titulo>Gladiator</titulo><presupuesto>103000000</presupuesto><ingresos>457640427</ingresos><directores><director id="578" nombre="Ridley Scott"/></directores><productores><productor id="929" nombre="David Franzoni"/><productor id="930" nombre="Branko Lustig"/><productor id="931" nombre="Douglas Wick"/></productores><productoras><productora id="33" nombre="Universal Pictures"/><productora id="27" nombre="DreamWorks SKG"/></productoras></pelicula><pelicula id="955" emision="2000-05-24"><titulo>Mission: Impossible II</titulo><presupuesto>125000000</presupuesto><ingresos>546388105</ingresos><directores><director id="11401" nombre="John Woo"/></directores><productores><productor id="500" nombre="Tom Cruise"/><productor id="9183" nombre="Paula Wagner"/></productores><productoras><productora id="4" nombre="Paramount Pictures"/></productoras></pelicula><pelicula id="10567" emision="2000-05-19"><titulo>Dinosaur</titulo><presupuesto>127500000</presupuesto><ingresos>354248063</ingresos><directores><director id="65855" nombre="Ralph Zondag"/><director id="65856" nombre="Eric Leighton"/></directores><productores><productor id="65857" nombre="Pam Marsden"/><productor id="65858" nombre="Baker Bloodworth"/></productores><productoras><productora id="2" nombre="Walt Disney Pictures"/></productoras></pelicula><pelicula id="9600" emision="2000-05-31"><titulo>Big Momma's House</titulo><presupuesto>30000000</presupuesto><ingresos>173959438</ingresos><directores><director id="1215" nombre="Raja Gosnell"/></directores><productores><productor id="17144" nombre="David T. Friendly"/><productor id="17313" nombre="Michael Green"/></productores><productoras><productora id="306" nombre="Twentieth Century Fox Film Corporation"/></productoras></pelicula><pelicula id="9285" emision="2000-05-19"><titulo>Road Trip</titulo><presupuesto>16000000</presupuesto><ingresos>119754278</ingresos><directores><director id="57130" nombre="Todd Phillips"/></directores><productores><productor id="57132" nombre="Daniel Goldberg"/><productor id="57601" nombre="Joe Medjuck"/></productores><productoras><productora id="27" nombre="DreamWorks SKG"/></productoras></pelicula></peliculas>
