<peliculas><pelicula id="9619" emision="1997-02-07"><titulo>Dante's Peak</titulo><presupuesto>116000000</presupuesto><ingresos>178127760</ingresos><directores><director id="21370" nombre="Roger Donaldson"/></directores><productores><productor id="869" nombre="Gale Anne Hurd"/><productor id="56053" nombre="Joseph Singer"/></productores><productoras><productora id="33" nombre="Universal Pictures"/></productoras></pelicula><pelicula id="11419" emision="1997-02-13"><titulo>Vegas Vacation</titulo><presupuesto>25000000</presupuesto><ingresos>36400360</ingresos><directores><director id="69353" nombre="Stephen Kessler"/></directores><productores><productor id="1888" nombre="Jerry Weintraub"/></productores><productoras><productora id="6194" nombre="Warner Bros."/></productoras></pelicula><pelicula id="66" emision="1997-02-14"><titulo>Absolute Power</titulo><presupuesto>50000000</presupuesto><ingresos>50068310</ingresos><directores><director id="190" nombre="Clint Eastwood"/></directores><productores><productor id="190" nombre="Clint Eastwood"/><productor id="168769" nombre="Michael Maurer"/><productor id="1102089" nombre="Karen S. Spiegel"/></productores><productoras><productora id="5" nombre="Columbia Pictures"/></productoras></pelicula><pelicula id="25624" emision="1997-02-21"><titulo>Rosewood</titulo><presupuesto>30000000</presupuesto><ingresos>13130349</ingresos><directores><director id="6482" nombre="John Singleton"/></directores><productores><productor id="3805" nombre="Jon Peters"/></productores><productoras><productora id="6194" nombre="Warner Bros."/></productoras></pelicula></peliculas>
