<peliculas><pelicula id="9701" emision="2005-02-12"><titulo>North Country</titulo><presupuesto>35000000</presupuesto><ingresos>25224242</ingresos><directores><director id="15287" nombre="Niki Caro"/></directores><productores><productor id="6468" nombre="Nick Wechsler"/></productores><productoras><productora id="6194" nombre="Warner Bros."/></productoras></pelicula><pelicula id="17880" emision="2005-02-18"><titulo>Because of Winn-Dixie</titulo><presupuesto>14000000</presupuesto><ingresos>32645546</ingresos><directores><director id="39819" nombre="Wayne Wang"/></directores><productores/><productoras><productora id="306" nombre="Twentieth Century Fox Film Corporation"/></productoras></pelicula><pelicula id="561" emision="2005-02-08"><titulo>Constantine</titulo><presupuesto>100000000</presupuesto><ingresos>230884728</ingresos><directores><director id="10943" nombre="Francis Lawrence"/></directores><productores><productor id="5575" nombre="Akiva Goldsman"/><productor id="7200" nombre="Lauren Shuler Donner"/><productor id="10949" nombre="Michael Uslan"/><productor id="10950" nombre="Erwin Stoff"/><productor id="10951" nombre="Benjamin Melniker"/><productor id="10952" nombre="Lorenzo di Bonaventura"/></productores><productoras><productora id="6194" nombre="Warner Bros."/><productora id="79" nombre="Village Roadshow Pictures"/></productoras></pelicula><pelicula id="8488" emision="2005-02-10"><titulo>Hitch</titulo><presupuesto>70000000</presupuesto><ingresos>368100420</ingresos><directores><director id="17167" nombre="Andy Tennant"/></directores><productores><productor id="2888" nombre="Will Smith"/><productor id="46080" nombre="James Lassiter"/></productores><productoras><productora id="441" nombre="Columbia Pictures Corporation"/></productoras></pelicula></peliculas>
