<peliculas><pelicula id="152532" emision="2013-09-07"><titulo>Dallas Buyers Club</titulo><presupuesto>5000000</presupuesto><ingresos>55198285</ingresos><directores><director id="69371" nombre="Jean-Marc Vall&#xE9;e"/></directores><productores><productor id="59700" nombre="Robbie Brenner"/><productor id="1287613" nombre="Rachel Winter"/></productores><productoras><productora id="33" nombre="Universal Pictures"/></productoras></pelicula><pelicula id="49047" emision="2013-09-27"><titulo>Gravity</titulo><presupuesto>105000000</presupuesto><ingresos>716392705</ingresos><directores><director id="11218" nombre="Alfonso Cuar&#xF3;n"/></directores><productores><productor id="10968" nombre="David Heyman"/><productor id="11218" nombre="Alfonso Cuar&#xF3;n"/></productores><productoras><productora id="6194" nombre="Warner Bros."/></productoras></pelicula><pelicula id="112205" emision="2013-09-13"><titulo>The Family</titulo><presupuesto>30000000</presupuesto><ingresos>36894225</ingresos><directores><director id="59" nombre="Luc Besson"/></directores><productores><productor id="59" nombre="Luc Besson"/></productores><productoras><productora id="7295" nombre="Relativity Media"/></productoras></pelicula><pelicula id="109451" emision="2013-09-26"><titulo>Cloudy with a Chance of Meatballs 2</titulo><presupuesto>78000000</presupuesto><ingresos>248384621</ingresos><directores><director id="12095" nombre="Cody Cameron"/><director id="1046494" nombre="Kris Pearn"/></directores><productores><productor id="65857" nombre="Pam Marsden"/><productor id="970590" nombre="Kirk Bodyfelt"/></productores><productoras><productora id="5" nombre="Columbia Pictures"/></productoras></pelicula><pelicula id="157547" emision="2013-09-08"><titulo>Oculus</titulo><presupuesto>5000000</presupuesto><ingresos>44030246</ingresos><directores><director id="551463" nombre="Mike Flanagan"/></directores><productores><productor id="60471" nombre="Marc D. Evans"/><productor id="60472" nombre="Trevor Macy"/></productores><productoras><productora id="7295" nombre="Relativity Media"/></productoras></pelicula></peliculas>
