<peliculas><pelicula id="10330" emision="2003-08-03"><titulo>Freaky Friday</titulo><presupuesto>26000000</presupuesto><ingresos>110230332</ingresos><directores><director id="54050" nombre="Mark Waters"/></directores><productores><productor id="64830" nombre="Andrew Gunn"/></productores><productoras><productora id="2" nombre="Walt Disney Pictures"/></productoras></pelicula><pelicula id="14926" emision="2003-08-15"><titulo>Uptown Girls</titulo><presupuesto>20000000</presupuesto><ingresos>37095657</ingresos><directores><director id="52358" nombre="Boaz Yakin"/></directores><productores/><productoras><productora id="8411" nombre="Metro-Goldwyn-Mayer (MGM)"/></productoras></pelicula><pelicula id="32316" emision="2003-08-22"><titulo>Marci X</titulo><presupuesto>20000000</presupuesto><ingresos>1675706</ingresos><directores><director id="24318" nombre="Richard Benjamin"/></directores><productores/><productoras><productora id="4" nombre="Paramount Pictures"/></productoras></pelicula><pelicula id="6466" emision="2003-08-15"><titulo>Freddy vs. Jason</titulo><presupuesto>30000000</presupuesto><ingresos>114908830</ingresos><directores><director id="17268" nombre="Ronny Yu"/></directores><productores><productor id="35475" nombre="Sean S. Cunningham"/></productores><productoras><productora id="12" nombre="New Line Cinema"/></productoras></pelicula><pelicula id="2055" emision="2003-08-29"><titulo>Open Range</titulo><presupuesto>22000000</presupuesto><ingresos>68296293</ingresos><directores><director id="1269" nombre="Kevin Costner"/></directores><productores><productor id="1269" nombre="Kevin Costner"/><productor id="2359" nombre="Jake Eberts"/><productor id="3718" nombre="David Valdes"/></productores><productoras><productora id="9195" nombre="Touchstone Pictures"/></productoras></pelicula><pelicula id="9257" emision="2003-08-08"><titulo>S.W.A.T.</titulo><presupuesto>80000000</presupuesto><ingresos>116643346</ingresos><directores><director id="47640" nombre="Clark Johnson"/></directores><productores><productor id="5379" nombre="Dan Halsted"/><productor id="11874" nombre="Neal H. Moritz"/><productor id="21697" nombre="Chris Lee"/></productores><productoras><productora id="441" nombre="Columbia Pictures Corporation"/></productoras></pelicula><pelicula id="8273" emision="2003-08-01"><titulo>American Wedding</titulo><presupuesto>55000000</presupuesto><ingresos>231449203</ingresos><directores><director id="54584" nombre="Jesse Dylan"/></directores><productores><productor id="298" nombre="Chris Bender"/><productor id="6627" nombre="Chris Moore"/><productor id="21584" nombre="Adam Herz"/><productor id="21585" nombre="Craig Perry"/><productor id="21586" nombre="Warren Zide"/></productores><productoras><productora id="33" nombre="Universal Pictures"/></productoras></pelicula></peliculas>
