<peliculas><pelicula id="17979" emision="2009-11-04"><titulo>A Christmas Carol</titulo><presupuesto>200000000</presupuesto><ingresos>325233863</ingresos><directores><director id="24" nombre="Robert Zemeckis"/></directores><productores/><productoras><productora id="2" nombre="Walt Disney Pictures"/></productoras></pelicula><pelicula id="22949" emision="2009-11-24"><titulo>Old Dogs</titulo><presupuesto>35000000</presupuesto><ingresos>92219310</ingresos><directores><director id="68573" nombre="Walt Becker"/></directores><productores><productor id="15306" nombre="Peter Abrams"/><productor id="15307" nombre="Robert L. Levy"/><productor id="57822" nombre="Andrew Panay"/></productores><productoras><productora id="2" nombre="Walt Disney Pictures"/></productoras></pelicula><pelicula id="22824" emision="2009-11-06"><titulo>The Fourth Kind</titulo><presupuesto>10000000</presupuesto><ingresos>42333295</ingresos><directores><director id="62369" nombre="Olatunde Osunsanmi"/></directores><productores><productor id="16854" nombre="Paul Brooks"/><productor id="40223" nombre="Joe Carnahan"/><productor id="62372" nombre="Terry Robbins"/></productores><productoras><productora id="33" nombre="Universal Pictures"/></productoras></pelicula></peliculas>
