<peliculas><pelicula id="193610" emision="2014-04-16"><titulo>The Other Woman</titulo><presupuesto>40000000</presupuesto><ingresos>196781193</ingresos><directores><director id="11151" nombre="Nick Cassavetes"/></directores><productores><productor id="63989" nombre="Julie Yorn"/></productores><productoras><productora id="306" nombre="Twentieth Century Fox Film Corporation"/></productoras></pelicula><pelicula id="102382" emision="2014-04-16"><titulo>The Amazing Spider-Man 2</titulo><presupuesto>200000000</presupuesto><ingresos>705717432</ingresos><directores><director id="87742" nombre="Marc Webb"/></directores><productores><productor id="7626" nombre="Avi Arad"/><productor id="977941" nombre="Matt Tolmach"/></productores><productoras><productora id="5" nombre="Columbia Pictures"/></productoras></pelicula></peliculas>
