<peliculas><pelicula id="209451" emision="2014-06-05"><titulo>Jersey Boys</titulo><presupuesto>40000000</presupuesto><ingresos>67347013</ingresos><directores><director id="190" nombre="Clint Eastwood"/></directores><productores><productor id="190" nombre="Clint Eastwood"/><productor id="4746" nombre="Robert Lorenz"/><productor id="16729" nombre="Graham King"/></productores><productoras><productora id="6194" nombre="Warner Bros."/></productoras></pelicula><pelicula id="82702" emision="2014-06-12"><titulo>How to Train Your Dragon 2</titulo><presupuesto>145000000</presupuesto><ingresos>609123048</ingresos><directores><director id="69797" nombre="Dean DeBlois"/></directores><productores><productor id="12894" nombre="Bonnie Arnold"/></productores><productoras><productora id="521" nombre="DreamWorks Animation"/></productoras></pelicula><pelicula id="187017" emision="2014-06-05"><titulo>22 Jump Street</titulo><presupuesto>50000000</presupuesto><ingresos>188441614</ingresos><directores><director id="107446" nombre="Phil Lord"/><director id="155267" nombre="Christopher Miller"/></directores><productores><productor id="11874" nombre="Neal H. Moritz"/><productor id="21007" nombre="Jonah Hill"/><productor id="38673" nombre="Channing Tatum"/></productores><productoras><productora id="5" nombre="Columbia Pictures"/><productora id="8411" nombre="Metro-Goldwyn-Mayer (MGM)"/></productoras></pelicula><pelicula id="119450" emision="2014-06-26"><titulo>Dawn of the Planet of the Apes</titulo><presupuesto>170000000</presupuesto><ingresos>710644566</ingresos><directores><director id="32278" nombre="Matt Reeves"/></directores><productores><productor id="67802" nombre="Rick Jaffa"/><productor id="67803" nombre="Amanda Silver"/><productor id="266920" nombre="Peter Chernin"/><productor id="935717" nombre="Dylan Clark"/></productores><productoras><productora id="22213" nombre="TSG Entertainment"/></productoras></pelicula><pelicula id="91314" emision="2014-06-25"><titulo>Transformers: Age of Extinction</titulo><presupuesto>210000000</presupuesto><ingresos>1091405097</ingresos><directores><director id="865" nombre="Michael Bay"/></directores><productores><productor id="3183" nombre="Don Murphy"/><productor id="9987" nombre="Ian Bryce"/><productor id="10952" nombre="Lorenzo di Bonaventura"/><productor id="10994" nombre="Tom DeSanto"/></productores><productoras><productora id="4" nombre="Paramount Pictures"/><productora id="56" nombre="Amblin Entertainment"/></productoras></pelicula></peliculas>
