<peliculas><pelicula id="12193" emision="2008-11-26"><titulo>Four Christmases</titulo><presupuesto>80000000</presupuesto><ingresos>163733697</ingresos><directores><director id="71600" nombre="Seth Gordon"/></directores><productores><productor id="368" nombre="Reese Witherspoon"/><productor id="4504" nombre="Roger Birnbaum"/><productor id="4507" nombre="Gary Barber"/><productor id="4937" nombre="Vince Vaughn"/><productor id="21635" nombre="Jonathan Glickman"/></productores><productoras><productora id="12" nombre="New Line Cinema"/></productoras></pelicula><pelicula id="4922" emision="2008-11-24"><titulo>The Curious Case of Benjamin Button</titulo><presupuesto>150000000</presupuesto><ingresos>333932083</ingresos><directores><director id="7467" nombre="David Fincher"/></directores><productores><productor id="489" nombre="Kathleen Kennedy"/><productor id="664" nombre="Frank Marshall"/><productor id="7475" nombre="Ce&#xE1;n Chaffin"/></productores><productoras><productora id="6194" nombre="Warner Bros."/><productora id="4" nombre="Paramount Pictures"/></productoras></pelicula><pelicula id="6972" emision="2008-11-18"><titulo>Australia</titulo><presupuesto>130000000</presupuesto><ingresos>49554002</ingresos><directores><director id="6201" nombre="Baz Luhrmann"/></directores><productores><productor id="6201" nombre="Baz Luhrmann"/><productor id="6203" nombre="Catherine Martin"/><productor id="12202" nombre="Catherine Knapman"/><productor id="23226" nombre="G. Mac Brown"/><productor id="1115007" nombre="Paul Watters"/></productores><productoras><productora id="306" nombre="Twentieth Century Fox Film Corporation"/></productoras></pelicula></peliculas>
