<peliculas><pelicula id="12182" emision="2008-10-03"><titulo>Nick and Norah's Infinite Playlist</titulo><presupuesto>9000000</presupuesto><ingresos>32973937</ingresos><directores><director id="71548" nombre="Peter Sollett"/></directores><productores><productor id="3288" nombre="Chris Weitz"/><productor id="3289" nombre="Paul Weitz"/><productor id="45584" nombre="Andrew Miano"/><productor id="52451" nombre="Kelli Konop"/><productor id="57245" nombre="Kerry Kohansky"/><productor id="62117" nombre="Nicole Brown"/></productores><productoras><productora id="5" nombre="Columbia Pictures"/></productoras></pelicula><pelicula id="14325" emision="2008-10-10"><titulo>The Express</titulo><presupuesto>40000000</presupuesto><ingresos>9793496</ingresos><directores><director id="5501" nombre="Gary Fleder"/></directores><productores><productor id="2043" nombre="John Davis"/></productores><productoras><productora id="7295" nombre="Relativity Media"/></productoras></pelicula><pelicula id="10527" emision="2008-10-30"><titulo>Madagascar: Escape 2 Africa</titulo><presupuesto>150000000</presupuesto><ingresos>603900354</ingresos><directores><director id="18863" nombre="Eric Darnell"/><director id="18864" nombre="Tom McGrath"/></directores><productores/><productoras><productora id="521" nombre="DreamWorks Animation"/></productoras></pelicula><pelicula id="13051" emision="2008-10-15"><titulo>Max Payne</titulo><presupuesto>35000000</presupuesto><ingresos>85416905</ingresos><directores><director id="12028" nombre="John Moore"/></directores><productores><productor id="12028" nombre="John Moore"/><productor id="12031" nombre="Peter Veverka"/><productor id="51979" nombre="Scott Faye"/><productor id="63989" nombre="Julie Yorn"/></productores><productoras><productora id="444" nombre="Dune Entertainment"/></productoras></pelicula><pelicula id="12113" emision="2008-10-10"><titulo>Body of Lies</titulo><presupuesto>70000000</presupuesto><ingresos>113280098</ingresos><directores><director id="578" nombre="Ridley Scott"/></directores><productores><productor id="578" nombre="Ridley Scott"/><productor id="58470" nombre="Donald De Line"/></productores><productoras><productora id="6194" nombre="Warner Bros."/></productoras></pelicula><pelicula id="14405" emision="2008-10-03"><titulo>Beverly Hills Chihuahua</titulo><presupuesto>20000000</presupuesto><ingresos>149281606</ingresos><directores><director id="1215" nombre="Raja Gosnell"/></directores><productores/><productoras><productora id="2" nombre="Walt Disney Pictures"/></productoras></pelicula></peliculas>
