<peliculas><pelicula id="12" emision="2003-05-30"><titulo>Finding Nemo</titulo><presupuesto>94000000</presupuesto><ingresos>940335536</ingresos><directores><director id="7" nombre="Andrew Stanton"/></directores><productores><productor id="9" nombre="Graham Walters"/></productores><productoras><productora id="3" nombre="Pixar Animation Studios"/></productoras></pelicula><pelicula id="310" emision="2003-05-23"><titulo>Bruce Almighty</titulo><presupuesto>80000000</presupuesto><ingresos>484572835</ingresos><directores><director id="4499" nombre="Tom Shadyac"/></directores><productores><productor id="206" nombre="Jim Carrey"/><productor id="4485" nombre="Steve Koren"/><productor id="4486" nombre="Mark O'Keefe"/><productor id="4499" nombre="Tom Shadyac"/><productor id="4505" nombre="Michael Bostick"/><productor id="4506" nombre="James D. Brubaker"/></productores><productoras><productora id="33" nombre="Universal Pictures"/></productoras></pelicula><pelicula id="604" emision="2003-05-15"><titulo>The Matrix Reloaded</titulo><presupuesto>150000000</presupuesto><ingresos>738599701</ingresos><directores><director id="9339" nombre="Lilly Wachowski"/><director id="9340" nombre="Lana Wachowski"/></directores><productores><productor id="1091" nombre="Joel Silver"/></productores><productoras><productora id="6194" nombre="Warner Bros."/><productora id="79" nombre="Village Roadshow Pictures"/></productoras></pelicula><pelicula id="10708" emision="2003-05-03"><titulo>Daddy Day Care</titulo><presupuesto>60000000</presupuesto><ingresos>164433867</ingresos><directores><director id="52112" nombre="Steve Carr"/></directores><productores><productor id="2043" nombre="John Davis"/><productor id="6040" nombre="Wyck Godfrey"/><productor id="59416" nombre="Matt Berenson"/></productores><productoras><productora id="5" nombre="Columbia Pictures"/></productoras></pelicula></peliculas>
