<peliculas><pelicula id="7453" emision="2005-01-15"><titulo>The Hitchhiker's Guide to the Galaxy</titulo><presupuesto>50000000</presupuesto><ingresos>104478416</ingresos><directores><director id="52842" nombre="Garth Jennings"/></directores><productores><productor id="4504" nombre="Roger Birnbaum"/><productor id="4507" nombre="Gary Barber"/><productor id="6737" nombre="Jay Roach"/><productor id="21635" nombre="Jonathan Glickman"/><productor id="1349345" nombre="Nick Goldsmith"/></productores><productoras><productora id="9195" nombre="Touchstone Pictures"/></productoras></pelicula><pelicula id="11096" emision="2005-01-27"><titulo>Hide and Seek</titulo><presupuesto>25000000</presupuesto><ingresos>122644820</ingresos><directores><director id="15337" nombre="John Polson"/></directores><productores><productor id="42906" nombre="Barry Josephson"/></productores><productoras><productora id="306" nombre="Twentieth Century Fox Film Corporation"/></productoras></pelicula><pelicula id="9947" emision="2005-01-13"><titulo>Elektra</titulo><presupuesto>43000000</presupuesto><ingresos>56681566</ingresos><directores><director id="12523" nombre="Rob Bowman"/></directores><productores><productor id="376" nombre="Arnon Milchan"/><productor id="7626" nombre="Avi Arad"/><productor id="12922" nombre="Gary Foster"/></productores><productoras><productora id="306" nombre="Twentieth Century Fox Film Corporation"/></productoras></pelicula><pelicula id="11804" emision="2005-01-07"><titulo>White Noise</titulo><presupuesto>10000000</presupuesto><ingresos>91196419</ingresos><directores><director id="61357" nombre="Geoffrey Sax"/></directores><productores><productor id="16854" nombre="Paul Brooks"/><productor id="43901" nombre="Shawn Williamson"/></productores><productoras><productora id="33" nombre="Universal Pictures"/></productoras></pelicula><pelicula id="11637" emision="2005-01-20"><titulo>Are We There Yet?</titulo><presupuesto>32000000</presupuesto><ingresos>97918663</ingresos><directores><director id="13581" nombre="Brian Levant"/></directores><productores><productor id="9778" nombre="Ice Cube"/><productor id="11815" nombre="Dan Kolsrud"/><productor id="65135" nombre="Matt Alvarez"/></productores><productoras><productora id="5" nombre="Columbia Pictures"/></productoras></pelicula><pelicula id="7214" emision="2005-01-14"><titulo>Coach Carter</titulo><presupuesto>30000000</presupuesto><ingresos>76669806</ingresos><directores><director id="52038" nombre="Thomas Carter"/></directores><productores><productor id="53177" nombre="Brian Robbins"/><productor id="53178" nombre="Mike Tollin"/><productor id="1746321" nombre="David Gale"/></productores><productoras><productora id="4" nombre="Paramount Pictures"/></productoras></pelicula></peliculas>
