<peliculas><pelicula id="134374" emision="2013-04-18"><titulo>Pain &amp; Gain</titulo><presupuesto>25000000</presupuesto><ingresos>86175291</ingresos><directores><director id="865" nombre="Michael Bay"/></directores><productores><productor id="865" nombre="Michael Bay"/><productor id="9987" nombre="Ian Bryce"/><productor id="58470" nombre="Donald De Line"/></productores><productoras><productora id="4" nombre="Paramount Pictures"/></productoras></pelicula><pelicula id="109410" emision="2013-04-12"><titulo>42</titulo><presupuesto>40000000</presupuesto><ingresos>95020213</ingresos><directores><director id="4723" nombre="Brian Helgeland"/></directores><productores><productor id="54211" nombre="Thomas Tull"/></productores><productoras><productora id="6194" nombre="Warner Bros."/></productoras></pelicula><pelicula id="75612" emision="2013-04-10"><titulo>Oblivion</titulo><presupuesto>120000000</presupuesto><ingresos>286168572</ingresos><directores><director id="86270" nombre="Joseph Kosinski"/></directores><productores><productor id="6870" nombre="Duncan Henderson"/><productor id="73772" nombre="Barry Levine"/><productor id="86270" nombre="Joseph Kosinski"/><productor id="266920" nombre="Peter Chernin"/><productor id="935717" nombre="Dylan Clark"/></productores><productoras><productora id="33" nombre="Universal Pictures"/><productora id="7295" nombre="Relativity Media"/></productoras></pelicula><pelicula id="68721" emision="2013-04-18"><titulo>Iron Man 3</titulo><presupuesto>200000000</presupuesto><ingresos>1215439994</ingresos><directores><director id="1108" nombre="Shane Black"/></directores><productores><productor id="10850" nombre="Kevin Feige"/></productores><productoras><productora id="420" nombre="Marvel Studios"/></productoras></pelicula></peliculas>
