<peliculas><pelicula id="4512" emision="2007-09-02"><titulo>The Assassination of Jesse James by the Coward Robert Ford</titulo><presupuesto>30000000</presupuesto><ingresos>14711793</ingresos><directores><director id="37618" nombre="Andrew Dominik"/></directores><productores><productor id="287" nombre="Brad Pitt"/><productor id="578" nombre="Ridley Scott"/><productor id="3718" nombre="David Valdes"/><productor id="20458" nombre="Dede Gardner"/><productor id="39515" nombre="Jules Daly"/></productores><productoras><productora id="6194" nombre="Warner Bros."/></productoras></pelicula><pelicula id="5176" emision="2007-09-06"><titulo>3:10 to Yuma</titulo><presupuesto>55000000</presupuesto><ingresos>70016220</ingresos><directores><director id="366" nombre="James Mangold"/></directores><productores><productor id="409" nombre="Cathy Konrad"/></productores><productoras><productora id="7295" nombre="Relativity Media"/></productoras></pelicula><pelicula id="4629" emision="2007-09-20"><titulo>December Boys</titulo><presupuesto>4000000</presupuesto><ingresos>46474</ingresos><directores><director id="29078" nombre="Rod Hardy"/></directores><productores><productor id="38657" nombre="Jay Sanders"/></productores><productoras><productora id="79" nombre="Village Roadshow Pictures"/></productoras></pelicula><pelicula id="13680" emision="2007-09-28"><titulo>The Game Plan</titulo><presupuesto>22000000</presupuesto><ingresos>147880543</ingresos><directores><director id="58375" nombre="Andy Fickman"/></directores><productores><productor id="70698" nombre="Mark Ciardi"/><productor id="70700" nombre="Gordon Gray"/></productores><productoras><productora id="2" nombre="Walt Disney Pictures"/></productoras></pelicula><pelicula id="4517" emision="2007-09-09"><titulo>Elizabeth: The Golden Age</titulo><presupuesto>55000000</presupuesto><ingresos>74237563</ingresos><directores><director id="37630" nombre="Shekhar Kapur"/></directores><productores/><productoras><productora id="33" nombre="Universal Pictures"/></productoras></pelicula><pelicula id="4413" emision="2007-09-14"><titulo>The Brave One</titulo><presupuesto>70000000</presupuesto><ingresos>69766619</ingresos><directores><director id="17016" nombre="Neil Jordan"/></directores><productores><productor id="1091" nombre="Joel Silver"/><productor id="37162" nombre="Susan Downey"/></productores><productoras><productora id="6194" nombre="Warner Bros."/><productora id="79" nombre="Village Roadshow Pictures"/></productoras></pelicula><pelicula id="3877" emision="2007-09-26"><titulo>Things We Lost in the Fire</titulo><presupuesto>16000000</presupuesto><ingresos>2849142</ingresos><directores><director id="1011" nombre="Susanne Bier"/></directores><productores><productor id="39" nombre="Sam Mendes"/><productor id="136" nombre="Sam Mercer"/><productor id="34884" nombre="Barbara Kelly"/></productores><productoras><productora id="27" nombre="DreamWorks SKG"/></productoras></pelicula></peliculas>
