<peliculas><pelicula id="5123" emision="2007-11-21"><titulo>August Rush</titulo><presupuesto>25000000</presupuesto><ingresos>66122026</ingresos><directores><director id="41285" nombre="Kirsten Sheridan"/></directores><productores><productor id="2184" nombre="Richard Barton Lewis"/></productores><productoras><productora id="6194" nombre="Warner Bros."/></productoras></pelicula><pelicula id="4982" emision="2007-11-02"><titulo>American Gangster</titulo><presupuesto>100000000</presupuesto><ingresos>266465037</ingresos><directores><director id="578" nombre="Ridley Scott"/></directores><productores><productor id="339" nombre="Brian Grazer"/><productor id="578" nombre="Ridley Scott"/></productores><productoras><productora id="33" nombre="Universal Pictures"/><productora id="7295" nombre="Relativity Media"/></productoras></pelicula><pelicula id="1620" emision="2007-11-21"><titulo>Hitman</titulo><presupuesto>24000000</presupuesto><ingresos>99965753</ingresos><directores><director id="18184" nombre="Xavier Gens"/></directores><productores><productor id="7681" nombre="Charles Gordon"/><productor id="18186" nombre="Pierre-Ange Le Pogam"/><productor id="18187" nombre="Adrian Askarieh"/><productor id="18188" nombre="Daniel Alter"/></productores><productoras><productora id="306" nombre="Twentieth Century Fox Film Corporation"/><productora id="444" nombre="Dune Entertainment"/></productoras></pelicula><pelicula id="2310" emision="2007-11-05"><titulo>Beowulf</titulo><presupuesto>70000000</presupuesto><ingresos>195735876</ingresos><directores><director id="24" nombre="Robert Zemeckis"/></directores><productores><productor id="24" nombre="Robert Zemeckis"/><productor id="30" nombre="Steve Starkey"/><productor id="10956" nombre="Josh McLaglen"/><productor id="23779" nombre="Jack Rapke"/><productor id="42264" nombre="Jacqueline M. Lopez"/><productor id="42265" nombre="Peter M. Tobyansen"/></productores><productoras><productora id="4" nombre="Paramount Pictures"/></productoras></pelicula><pelicula id="4523" emision="2007-11-20"><titulo>Enchanted</titulo><presupuesto>85000000</presupuesto><ingresos>340487652</ingresos><directores><director id="15775" nombre="Kevin Lima"/></directores><productores><productor id="5174" nombre="Barry Sonnenfeld"/><productor id="42906" nombre="Barry Josephson"/></productores><productoras><productora id="2" nombre="Walt Disney Pictures"/></productoras></pelicula><pelicula id="5375" emision="2007-11-03"><titulo>Fred Claus</titulo><presupuesto>100000000</presupuesto><ingresos>97838349</ingresos><directores><director id="42994" nombre="David Dobkin"/></directores><productores><productor id="1091" nombre="Joel Silver"/><productor id="16853" nombre="Jessie Nelson"/><productor id="42994" nombre="David Dobkin"/></productores><productoras><productora id="6194" nombre="Warner Bros."/></productoras></pelicula><pelicula id="14397" emision="2007-11-27"><titulo>Whisper</titulo><presupuesto>12000000</presupuesto><ingresos>5285197</ingresos><directores><director id="130837" nombre="Stewart Hendler"/></directores><productores><productor id="16854" nombre="Paul Brooks"/><productor id="47365" nombre="Walter Hamada"/><productor id="72026" nombre="Damon Lee"/></productores><productoras><productora id="33" nombre="Universal Pictures"/></productoras></pelicula></peliculas>
