<peliculas><pelicula id="9614" emision="1996-02-16"><titulo>Happy Gilmore</titulo><presupuesto>12000000</presupuesto><ingresos>41205099</ingresos><directores><director id="17494" nombre="Dennis Dugan"/></directores><productores><productor id="29015" nombre="Robert Simonds"/></productores><productoras><productora id="33" nombre="Universal Pictures"/></productoras></pelicula><pelicula id="9208" emision="1996-02-09"><titulo>Broken Arrow</titulo><presupuesto>50000000</presupuesto><ingresos>150270147</ingresos><directores><director id="11401" nombre="John Woo"/></directores><productores><productor id="6048" nombre="Mark Gordon"/><productor id="11404" nombre="Terence Chang"/><productor id="21983" nombre="Allison Lyon Segan"/><productor id="35510" nombre="Bill Badalato"/></productores><productoras><productora id="306" nombre="Twentieth Century Fox Film Corporation"/></productoras></pelicula><pelicula id="13685" emision="1996-02-21"><titulo>Bottle Rocket</titulo><presupuesto>7000000</presupuesto><ingresos>560069</ingresos><directores><director id="5655" nombre="Wes Anderson"/></directores><productores><productor id="15207" nombre="L.M. Kit Carson"/><productor id="21067" nombre="Polly Platt"/><productor id="71555" nombre="Andrew Wilson"/><productor id="221695" nombre="Michael Lang"/><productor id="951099" nombre="Cynthia Hargrave"/><productor id="1117322" nombre="Ray Zimmerman"/></productores><productoras><productora id="441" nombre="Columbia Pictures Corporation"/></productoras></pelicula></peliculas>
