<peliculas><pelicula id="75780" emision="2012-12-20"><titulo>Jack Reacher</titulo><presupuesto>60000000</presupuesto><ingresos>218340595</ingresos><directores><director id="9033" nombre="Christopher McQuarrie"/></directores><productores><productor id="284" nombre="Gary Levinsohn"/><productor id="500" nombre="Tom Cruise"/><productor id="9183" nombre="Paula Wagner"/><productor id="29018" nombre="Dana Goldberg"/><productor id="56737" nombre="Don Granger"/><productor id="58433" nombre="David Ellison"/></productores><productoras><productora id="4" nombre="Paramount Pictures"/></productoras></pelicula><pelicula id="88042" emision="2012-12-25"><titulo>Parental Guidance</titulo><presupuesto>25000000</presupuesto><ingresos>119772232</ingresos><directores><director id="58375" nombre="Andy Fickman"/></directores><productores><productor id="266920" nombre="Peter Chernin"/><productor id="935717" nombre="Dylan Clark"/></productores><productoras><productora id="306" nombre="Twentieth Century Fox Film Corporation"/><productora id="444" nombre="Dune Entertainment"/></productoras></pelicula><pelicula id="68718" emision="2012-12-25"><titulo>Django Unchained</titulo><presupuesto>100000000</presupuesto><ingresos>425368238</ingresos><directores><director id="138" nombre="Quentin Tarantino"/></directores><productores><productor id="5382" nombre="Stacey Sher"/><productor id="68215" nombre="Reginald Hudlin"/><productor id="1003189" nombre="Pilar Savone"/></productores><productoras><productora id="5" nombre="Columbia Pictures"/></productoras></pelicula><pelicula id="82687" emision="2012-12-19"><titulo>The Guilt Trip</titulo><presupuesto>40000000</presupuesto><ingresos>41863726</ingresos><directores><director id="29214" nombre="Anne Fletcher"/></directores><productores><productor id="52160" nombre="John Goldwyn"/><productor id="54734" nombre="Evan Goldberg"/><productor id="56158" nombre="Lorne Michaels"/><productor id="928595" nombre="James Weaver"/></productores><productoras><productora id="4" nombre="Paramount Pictures"/></productoras></pelicula><pelicula id="97630" emision="2012-12-19"><titulo>Zero Dark Thirty</titulo><presupuesto>40000000</presupuesto><ingresos>132820716</ingresos><directores><director id="14392" nombre="Kathryn Bigelow"/></directores><productores><productor id="14392" nombre="Kathryn Bigelow"/><productor id="51686" nombre="Mark Boal"/><productor id="1027025" nombre="Megan Ellison"/></productores><productoras><productora id="5" nombre="Columbia Pictures"/></productoras></pelicula><pelicula id="82695" emision="2012-12-18"><titulo>Les Misérables</titulo><presupuesto>61000000</presupuesto><ingresos>441809770</ingresos><directores><director id="70500" nombre="Tom Hooper"/></directores><productores><productor id="2236" nombre="Tim Bevan"/><productor id="2238" nombre="Eric Fellner"/><productor id="231713" nombre="Cameron Mackintosh"/></productores><productoras><productora id="33" nombre="Universal Pictures"/><productora id="7295" nombre="Relativity Media"/></productoras></pelicula></peliculas>
