<peliculas><pelicula id="944" emision="1998-07-10"><titulo>Lethal Weapon 4</titulo><presupuesto>140000000</presupuesto><ingresos>285444603</ingresos><directores><director id="7187" nombre="Richard Donner"/></directores><productores><productor id="1091" nombre="Joel Silver"/><productor id="7187" nombre="Richard Donner"/></productores><productoras><productora id="6194" nombre="Warner Bros."/></productoras></pelicula><pelicula id="9631" emision="1998-07-29"><titulo>The Negotiator</titulo><presupuesto>50000000</presupuesto><ingresos>44547681</ingresos><directores><director id="37932" nombre="F. Gary Gray"/></directores><productores><productor id="376" nombre="Arnon Milchan"/><productor id="31710" nombre="David Hoberman"/></productores><productoras><productora id="6194" nombre="Warner Bros."/></productoras></pelicula><pelicula id="9424" emision="1998-07-24"><titulo>Disturbing Behavior</titulo><presupuesto>15000000</presupuesto><ingresos>17507368</ingresos><directores><director id="33316" nombre="David Nutter"/></directores><productores><productor id="41587" nombre="Armyan Bernstein"/><productor id="58327" nombre="Jonathan Shestack"/></productores><productoras><productora id="79" nombre="Village Roadshow Pictures"/><productora id="8411" nombre="Metro-Goldwyn-Mayer (MGM)"/></productoras></pelicula><pelicula id="95" emision="1998-07-01"><titulo>Armageddon</titulo><presupuesto>140000000</presupuesto><ingresos>553799566</ingresos><directores><director id="865" nombre="Michael Bay"/></directores><productores><productor id="770" nombre="Jerry Bruckheimer"/><productor id="865" nombre="Michael Bay"/><productor id="869" nombre="Gale Anne Hurd"/></productores><productoras><productora id="9195" nombre="Touchstone Pictures"/></productoras></pelicula><pelicula id="9342" emision="1998-07-16"><titulo>The Mask of Zorro</titulo><presupuesto>95000000</presupuesto><ingresos>250288523</ingresos><directores><director id="10702" nombre="Martin Campbell"/></directores><productores><productor id="2986" nombre="Doug Claybourne"/><productor id="11813" nombre="David Foster"/></productores><productoras><productora id="56" nombre="Amblin Entertainment"/></productoras></pelicula><pelicula id="544" emision="1998-07-15"><titulo>There's Something About Mary</titulo><presupuesto>23000000</presupuesto><ingresos>369884651</ingresos><directores><director id="7395" nombre="Bobby Farrelly"/><director id="7396" nombre="Peter Farrelly"/></directores><productores><productor id="7405" nombre="Frank Beddor"/><productor id="7406" nombre="Michael Steinberg"/><productor id="7407" nombre="Bradley Thomas"/><productor id="7408" nombre="Charles B. Wessler"/></productores><productoras><productora id="306" nombre="Twentieth Century Fox Film Corporation"/></productoras></pelicula><pelicula id="857" emision="1998-07-24"><titulo>Saving Private Ryan</titulo><presupuesto>70000000</presupuesto><ingresos>481840909</ingresos><directores><director id="488" nombre="Steven Spielberg"/></directores><productores><productor id="284" nombre="Gary Levinsohn"/><productor id="488" nombre="Steven Spielberg"/><productor id="6048" nombre="Mark Gordon"/><productor id="9987" nombre="Ian Bryce"/></productores><productoras><productora id="4" nombre="Paramount Pictures"/><productora id="56" nombre="Amblin Entertainment"/><productora id="27" nombre="DreamWorks SKG"/></productoras></pelicula><pelicula id="9454" emision="1998-07-31"><titulo>Ever After: A Cinderella Story</titulo><presupuesto>26000000</presupuesto><ingresos>65705772</ingresos><directores><director id="17167" nombre="Andy Tennant"/></directores><productores><productor id="17167" nombre="Andy Tennant"/><productor id="56671" nombre="Mireille Soria"/><productor id="58013" nombre="Tracey Trench"/></productores><productoras><productora id="306" nombre="Twentieth Century Fox Film Corporation"/></productoras></pelicula><pelicula id="9835" emision="1998-07-24"><titulo>Jane Austen's Mafia!</titulo><presupuesto>10000000</presupuesto><ingresos>19000000</ingresos><directores><director id="12936" nombre="Jim Abrahams"/></directores><productores><productor id="35510" nombre="Bill Badalato"/></productores><productoras><productora id="9195" nombre="Touchstone Pictures"/></productoras></pelicula><pelicula id="11551" emision="1998-07-10"><titulo>Small Soldiers</titulo><presupuesto>40000000</presupuesto><ingresos>54682547</ingresos><directores><director id="4600" nombre="Joe Dante"/></directores><productores><productor id="490" nombre="Colin Wilson"/><productor id="16154" nombre="Michael Finnell"/></productores><productoras><productora id="33" nombre="Universal Pictures"/><productora id="56" nombre="Amblin Entertainment"/></productoras></pelicula></peliculas>
