<peliculas><pelicula id="72571" emision="2011-10-19"><titulo>Paranormal Activity 3</titulo><presupuesto>5000000</presupuesto><ingresos>205703818</ingresos><directores><director id="142272" nombre="Henry Joost"/><director id="142276" nombre="Ariel Schulman"/></directores><productores><productor id="84348" nombre="Jason Blum"/><productor id="90591" nombre="Oren Peli"/><productor id="995456" nombre="Steven Schneider"/></productores><productoras><productora id="4" nombre="Paramount Pictures"/></productoras></pelicula><pelicula id="73937" emision="2011-10-13"><titulo>The Big Year</titulo><presupuesto>41000000</presupuesto><ingresos>7448385</ingresos><directores><director id="5065" nombre="David Frankel"/></directores><productores><productor id="323" nombre="Curtis Hanson"/><productor id="10569" nombre="Karen Rosenfelt"/><productor id="22302" nombre="Stuart Cornfeld"/></productores><productoras><productora id="444" nombre="Dune Entertainment"/></productoras></pelicula><pelicula id="17578" emision="2011-10-25"><titulo>The Adventures of Tintin</titulo><presupuesto>130000000</presupuesto><ingresos>371940071</ingresos><directores><director id="488" nombre="Steven Spielberg"/></directores><productores><productor id="108" nombre="Peter Jackson"/><productor id="488" nombre="Steven Spielberg"/><productor id="489" nombre="Kathleen Kennedy"/><productor id="3506" nombre="Carolynne Cunningham"/><productor id="1102139" nombre="Jason D. McGatlin"/></productores><productoras><productora id="4" nombre="Paramount Pictures"/><productora id="5" nombre="Columbia Pictures"/><productora id="56" nombre="Amblin Entertainment"/></productoras></pelicula><pelicula id="61891" emision="2011-10-21"><titulo>Anonymous</titulo><presupuesto>30000000</presupuesto><ingresos>15395087</ingresos><directores><director id="6046" nombre="Roland Emmerich"/></directores><productores/><productoras><productora id="5" nombre="Columbia Pictures"/></productoras></pelicula><pelicula id="60935" emision="2011-10-12"><titulo>The Thing</titulo><presupuesto>35000000</presupuesto><ingresos>28128670</ingresos><directores><director id="1692687" nombre="Matthijs van Heijningen Jr."/></directores><productores><productor id="15219" nombre="Marc Abraham"/><productor id="15220" nombre="Eric Newman"/></productores><productoras><productora id="33" nombre="Universal Pictures"/></productoras></pelicula></peliculas>
