<peliculas><pelicula id="41733" emision="2010-11-04"><titulo>Due Date</titulo><presupuesto>65000000</presupuesto><ingresos>211780824</ingresos><directores><director id="57130" nombre="Todd Phillips"/></directores><productores><productor id="57130" nombre="Todd Phillips"/><productor id="57132" nombre="Daniel Goldberg"/></productores><productoras><productora id="6194" nombre="Warner Bros."/><productora id="923" nombre="Legendary Pictures"/></productoras></pelicula><pelicula id="43347" emision="2010-11-22"><titulo>Love &amp; Other Drugs</titulo><presupuesto>30000000</presupuesto><ingresos>102820008</ingresos><directores><director id="9181" nombre="Edward Zwick"/></directores><productores/><productoras><productora id="444" nombre="Dune Entertainment"/></productoras></pelicula><pelicula id="38757" emision="2010-11-24"><titulo>Tangled</titulo><presupuesto>260000000</presupuesto><ingresos>591794936</ingresos><directores><director id="76595" nombre="Byron Howard"/><director id="121830" nombre="Nathan Greno"/></directores><productores><productor id="56612" nombre="Roy Conli"/></productores><productoras><productora id="2" nombre="Walt Disney Pictures"/></productoras></pelicula><pelicula id="44048" emision="2010-11-04"><titulo>Unstoppable</titulo><presupuesto>100000000</presupuesto><ingresos>167805466</ingresos><directores><director id="893" nombre="Tony Scott"/></directores><productores><productor id="893" nombre="Tony Scott"/><productor id="2445" nombre="Eric McLeod"/><productor id="13920" nombre="Mimi Rogers"/><productor id="63989" nombre="Julie Yorn"/><productor id="113665" nombre="Alex Young"/></productores><productoras><productora id="306" nombre="Twentieth Century Fox Film Corporation"/></productoras></pelicula><pelicula id="42684" emision="2010-11-11"><titulo>Skyline</titulo><presupuesto>10000000</presupuesto><ingresos>66821036</ingresos><directores><director id="6037" nombre="Colin Strause"/><director id="6038" nombre="Greg Strause"/></directores><productores><productor id="6037" nombre="Colin Strause"/><productor id="6038" nombre="Greg Strause"/><productor id="128636" nombre="Liam O'Donnell"/><productor id="496733" nombre="Liz Dean"/><productor id="1127471" nombre="Kristian James Andresen"/><productor id="1127472" nombre="Paul Barry"/></productores><productoras><productora id="7295" nombre="Relativity Media"/></productoras></pelicula><pelicula id="44115" emision="2010-11-05"><titulo>127 Hours</titulo><presupuesto>18000000</presupuesto><ingresos>35692920</ingresos><directores><director id="2034" nombre="Danny Boyle"/></directores><productores><productor id="2034" nombre="Danny Boyle"/><productor id="57583" nombre="Christian Colson"/><productor id="68542" nombre="John Smithson"/><productor id="965155" nombre="Tom Heller"/><productor id="1102067" nombre="Gareth Smith"/></productores><productoras><productora id="6194" nombre="Warner Bros."/></productoras></pelicula></peliculas>
