<peliculas><pelicula id="241259" emision="2016-05-25"><titulo>Alice Through the Looking Glass</titulo><presupuesto>170000000</presupuesto><ingresos>299370084</ingresos><directores><director id="26205" nombre="James Bobin"/></directores><productores><productor id="510" nombre="Tim Burton"/><productor id="550" nombre="Jennifer Todd"/><productor id="551" nombre="Suzanne Todd"/><productor id="18311" nombre="Joe Roth"/></productores><productoras><productora id="2" nombre="Walt Disney Pictures"/></productoras></pelicula><pelicula id="259693" emision="2016-05-13"><titulo>The Conjuring 2</titulo><presupuesto>40000000</presupuesto><ingresos>320170008</ingresos><directores><director id="2127" nombre="James Wan"/></directores><productores><productor id="18330" nombre="Rob Cowan"/><productor id="52259" nombre="Peter Safran"/></productores><productoras><productora id="12" nombre="New Line Cinema"/><productora id="444" nombre="Dune Entertainment"/></productoras></pelicula><pelicula id="153518" emision="2016-05-11"><titulo>The Angry Birds Movie</titulo><presupuesto>73000000</presupuesto><ingresos>349779543</ingresos><directores><director id="52701" nombre="Fergal Reilly"/><director id="1281387" nombre="Clay Kaytis"/></directores><productores><productor id="1011957" nombre="John Cohen"/></productores><productoras><productora id="5" nombre="Columbia Pictures"/></productoras></pelicula><pelicula id="290250" emision="2016-05-15"><titulo>The Nice Guys</titulo><presupuesto>50000000</presupuesto><ingresos>62788218</ingresos><directores><director id="1108" nombre="Shane Black"/></directores><productores><productor id="1091" nombre="Joel Silver"/></productores><productoras><productora id="6194" nombre="Warner Bros."/></productoras></pelicula><pelicula id="68735" emision="2016-05-25"><titulo>Warcraft</titulo><presupuesto>160000000</presupuesto><ingresos>433677183</ingresos><directores><director id="81850" nombre="Duncan Jones"/></directores><productores><productor id="282" nombre="Charles Roven"/><productor id="465" nombre="Tessa Ross"/><productor id="37436" nombre="Alex Gartner"/><productor id="54211" nombre="Thomas Tull"/><productor id="61091" nombre="Jon Jashni"/></productores><productoras><productora id="33" nombre="Universal Pictures"/><productora id="923" nombre="Legendary Pictures"/></productoras></pelicula><pelicula id="246655" emision="2016-05-18"><titulo>X-Men: Apocalypse</titulo><presupuesto>178000000</presupuesto><ingresos>543934787</ingresos><directores><director id="9032" nombre="Bryan Singer"/></directores><productores><productor id="7200" nombre="Lauren Shuler Donner"/><productor id="11092" nombre="Simon Kinberg"/></productores><productoras><productora id="306" nombre="Twentieth Century Fox Film Corporation"/><productora id="22213" nombre="TSG Entertainment"/></productoras></pelicula><pelicula id="325133" emision="2016-05-04"><titulo>Neighbors 2: Sorority Rising</titulo><presupuesto>35000000</presupuesto><ingresos>108758521</ingresos><directores><director id="52934" nombre="Nicholas Stoller"/></directores><productores><productor id="19274" nombre="Seth Rogen"/><productor id="54734" nombre="Evan Goldberg"/><productor id="928595" nombre="James Weaver"/></productores><productoras><productora id="33" nombre="Universal Pictures"/></productoras></pelicula><pelicula id="257345" emision="2016-05-13"><titulo>The Darkness</titulo><presupuesto>4000000</presupuesto><ingresos>10898293</ingresos><directores><director id="59998" nombre="Greg McLean"/></directores><productores><productor id="59998" nombre="Greg McLean"/><productor id="84348" nombre="Jason Blum"/><productor id="1525141" nombre="Matthew Kaplan"/><productor id="1616431" nombre="Bianca Martino"/></productores><productoras><productora id="33" nombre="Universal Pictures"/></productoras></pelicula></peliculas>
