<peliculas><pelicula id="12138" emision="2001-02-23"><titulo>3000 Miles to Graceland</titulo><presupuesto>62000000</presupuesto><ingresos>18720175</ingresos><directores><director id="71418" nombre="Demian Lichtenstein"/></directores><productores><productor id="18691" nombre="Elie Samaha"/><productor id="21479" nombre="Andrew Stevens"/><productor id="71418" nombre="Demian Lichtenstein"/><productor id="71421" nombre="Eric Manes"/><productor id="71422" nombre="Richard Spero"/></productores><productoras><productora id="6194" nombre="Warner Bros."/></productoras></pelicula><pelicula id="9740" emision="2001-02-08"><titulo>Hannibal</titulo><presupuesto>87000000</presupuesto><ingresos>351692268</ingresos><directores><director id="578" nombre="Ridley Scott"/></directores><productores><productor id="578" nombre="Ridley Scott"/><productor id="5398" nombre="Dino De Laurentiis"/><productor id="19051" nombre="Martha De Laurentiis"/></productores><productoras><productora id="33" nombre="Universal Pictures"/><productora id="8411" nombre="Metro-Goldwyn-Mayer (MGM)"/></productoras></pelicula><pelicula id="1921" emision="2001-02-16"><titulo>Sweet November</titulo><presupuesto>40000000</presupuesto><ingresos>65754228</ingresos><directores><director id="19969" nombre="Pat O'Connor"/></directores><productores><productor id="1202" nombre="Steven Reuther"/><productor id="9169" nombre="Elliott Kastner"/><productor id="10950" nombre="Erwin Stoff"/><productor id="19972" nombre="Deborah Stoff"/></productores><productoras><productora id="6194" nombre="Warner Bros."/></productoras></pelicula><pelicula id="23685" emision="2001-02-23"><titulo>Monkeybone</titulo><presupuesto>75000000</presupuesto><ingresos>5409517</ingresos><directores><director id="57646" nombre="Henry Selick"/></directores><productores><productor id="11222" nombre="Mark Radcliffe"/><productor id="17828" nombre="Michael Barnathan"/></productores><productoras><productora id="306" nombre="Twentieth Century Fox Film Corporation"/></productoras></pelicula><pelicula id="2575" emision="2001-02-11"><titulo>The Tailor of Panama</titulo><presupuesto>21000000</presupuesto><ingresos>28008462</ingresos><directores><director id="19665" nombre="John Boorman"/></directores><productores><productor id="19665" nombre="John Boorman"/></productores><productoras><productora id="5" nombre="Columbia Pictures"/></productoras></pelicula><pelicula id="10878" emision="2001-02-09"><titulo>Saving Silverman</titulo><presupuesto>22000000</presupuesto><ingresos>19351569</ingresos><directores><director id="17494" nombre="Dennis Dugan"/></directores><productores><productor id="1296" nombre="Bruce Berman"/></productores><productoras><productora id="79" nombre="Village Roadshow Pictures"/><productora id="441" nombre="Columbia Pictures Corporation"/></productoras></pelicula></peliculas>
