<peliculas><pelicula id="9021" emision="2002-10-31"><titulo>The Santa Clause 2</titulo><presupuesto>65000000</presupuesto><ingresos>172855065</ingresos><directores><director id="15045" nombre="Michael Lembeck"/></directores><productores><productor id="20908" nombre="Jeffrey Silver"/><productor id="21146" nombre="Robert F. Newmyer"/><productor id="56644" nombre="Brian Reilly"/></productores><productoras><productora id="2" nombre="Walt Disney Pictures"/></productoras></pelicula><pelicula id="8051" emision="2002-10-25"><titulo>Punch-Drunk Love</titulo><presupuesto>25000000</presupuesto><ingresos>17000000</ingresos><directores><director id="4762" nombre="Paul Thomas Anderson"/></directores><productores><productor id="4762" nombre="Paul Thomas Anderson"/><productor id="4769" nombre="Daniel Lupi"/><productor id="4770" nombre="JoAnne Sellar"/></productores><productoras><productora id="5" nombre="Columbia Pictures"/><productora id="12" nombre="New Line Cinema"/></productoras></pelicula><pelicula id="13768" emision="2002-10-11"><titulo>Tuck Everlasting</titulo><presupuesto>15000000</presupuesto><ingresos>19158074</ingresos><directores><director id="46297" nombre="Jay Russell"/></directores><productores/><productoras><productora id="2" nombre="Walt Disney Pictures"/></productoras></pelicula><pelicula id="8427" emision="2002-10-31"><titulo>I Spy</titulo><presupuesto>70000000</presupuesto><ingresos>33561137</ingresos><directores><director id="31024" nombre="Betty Thomas"/></directores><productores><productor id="31024" nombre="Betty Thomas"/></productores><productoras><productora id="441" nombre="Columbia Pictures Corporation"/></productoras></pelicula><pelicula id="565" emision="2002-10-18"><titulo>The Ring</titulo><presupuesto>48000000</presupuesto><ingresos>249348933</ingresos><directores><director id="1704" nombre="Gore Verbinski"/></directores><productores><productor id="2212" nombre="Walter F. Parkes"/><productor id="8701" nombre="Laurie MacDonald"/></productores><productoras><productora id="27" nombre="DreamWorks SKG"/></productoras></pelicula><pelicula id="15992" emision="2002-10-14"><titulo>Abandon</titulo><presupuesto>25000000</presupuesto><ingresos>10719357</ingresos><directores><director id="2945" nombre="Stephen Gaghan"/></directores><productores/><productoras><productora id="4" nombre="Paramount Pictures"/><productora id="9195" nombre="Touchstone Pictures"/></productoras></pelicula><pelicula id="9012" emision="2002-10-21"><titulo>Jackass: The Movie</titulo><presupuesto>5000000</presupuesto><ingresos>64282312</ingresos><directores><director id="56578" nombre="Jeff Tremaine"/></directores><productores><productor id="5953" nombre="Spike Jonze"/><productor id="9656" nombre="Johnny Knoxville"/><productor id="56578" nombre="Jeff Tremaine"/></productores><productoras><productora id="4" nombre="Paramount Pictures"/></productoras></pelicula><pelicula id="9645" emision="2002-10-25"><titulo>Ghost Ship</titulo><presupuesto>35000000</presupuesto><ingresos>68349884</ingresos><directores><director id="57521" nombre="Steve Beck"/></directores><productores><productor id="24" nombre="Robert Zemeckis"/><productor id="1091" nombre="Joel Silver"/><productor id="10953" nombre="Gilbert Adler"/></productores><productoras><productora id="6194" nombre="Warner Bros."/><productora id="79" nombre="Village Roadshow Pictures"/></productoras></pelicula></peliculas>
