<peliculas><pelicula id="11529" emision="2002-09-26"><titulo>Sweet Home Alabama</titulo><presupuesto>30000000</presupuesto><ingresos>180622424</ingresos><directores><director id="17167" nombre="Andy Tennant"/></directores><productores><productor id="11874" nombre="Neal H. Moritz"/><productor id="33256" nombre="Stokely Chaffin"/></productores><productoras><productora id="9195" nombre="Touchstone Pictures"/></productoras></pelicula><pelicula id="9093" emision="2002-09-08"><titulo>The Four Feathers</titulo><presupuesto>35000000</presupuesto><ingresos>29882645</ingresos><directores><director id="37630" nombre="Shekhar Kapur"/></directores><productores><productor id="12233" nombre="Paul Feldsher"/><productor id="17600" nombre="Allon Reich"/><productor id="22056" nombre="Marty Katz"/><productor id="34693" nombre="Stanley R. Jaffe"/><productor id="56961" nombre="Robert Jaffe"/></productores><productoras><productora id="4" nombre="Paramount Pictures"/></productoras></pelicula><pelicula id="9533" emision="2002-09-29"><titulo>Red Dragon</titulo><presupuesto>78000000</presupuesto><ingresos>209196298</ingresos><directores><director id="11091" nombre="Brett Ratner"/></directores><productores><productor id="5398" nombre="Dino De Laurentiis"/><productor id="19051" nombre="Martha De Laurentiis"/></productores><productoras><productora id="33" nombre="Universal Pictures"/><productora id="8411" nombre="Metro-Goldwyn-Mayer (MGM)"/></productoras></pelicula><pelicula id="20616" emision="2002-09-06"><titulo>Swimfan</titulo><presupuesto>8500000</presupuesto><ingresos>34411240</ingresos><directores><director id="15337" nombre="John Polson"/></directores><productores><productor id="10570" nombre="Joseph M. Caracciolo Jr."/><productor id="21983" nombre="Allison Lyon Segan"/><productor id="52989" nombre="John Penotti"/></productores><productoras><productora id="306" nombre="Twentieth Century Fox Film Corporation"/></productoras></pelicula><pelicula id="31005" emision="2002-09-09"><titulo>Moonlight Mile</titulo><presupuesto>21000000</presupuesto><ingresos>10011050</ingresos><directores><director id="11887" nombre="Brad Silberling"/></directores><productores><productor id="5162" nombre="Mark Johnson"/><productor id="11887" nombre="Brad Silberling"/></productores><productoras><productora id="9195" nombre="Touchstone Pictures"/></productoras></pelicula></peliculas>
