<peliculas><pelicula id="2116" emision="2003-10-03"><titulo>Out of Time</titulo><presupuesto>50000000</presupuesto><ingresos>55495563</ingresos><directores><director id="21712" nombre="Carl Franklin"/></directores><productores><productor id="11874" nombre="Neal H. Moritz"/><productor id="21714" nombre="Jesse Beaton"/><productor id="33256" nombre="Stokely Chaffin"/></productores><productoras><productora id="8411" nombre="Metro-Goldwyn-Mayer (MGM)"/></productoras></pelicula><pelicula id="10719" emision="2003-10-09"><titulo>Elf</titulo><presupuesto>32000000</presupuesto><ingresos>173398518</ingresos><directores><director id="15277" nombre="Jon Favreau"/></directores><productores><productor id="41076" nombre="Shauna Robertson"/><productor id="52000" nombre="Todd Komarnicki"/><productor id="66821" nombre="Jon Berg"/></productores><productoras><productora id="12" nombre="New Line Cinema"/></productoras></pelicula><pelicula id="9373" emision="2003-10-17"><titulo>The Texas Chainsaw Massacre</titulo><presupuesto>9500000</presupuesto><ingresos>107071655</ingresos><directores><director id="29922" nombre="Marcus Nispel"/></directores><productores><productor id="865" nombre="Michael Bay"/><productor id="6869" nombre="Mike Fleiss"/></productores><productoras><productora id="12" nombre="New Line Cinema"/></productoras></pelicula><pelicula id="322" emision="2003-10-07"><titulo>Mystic River</titulo><presupuesto>25000000</presupuesto><ingresos>156822020</ingresos><directores><director id="190" nombre="Clint Eastwood"/></directores><productores><productor id="190" nombre="Clint Eastwood"/><productor id="4745" nombre="Judie Hoyt"/><productor id="4746" nombre="Robert Lorenz"/></productores><productoras><productora id="6194" nombre="Warner Bros."/><productora id="79" nombre="Village Roadshow Pictures"/></productoras></pelicula><pelicula id="1584" emision="2003-10-03"><titulo>School of Rock</titulo><presupuesto>35000000</presupuesto><ingresos>131282949</ingresos><directores><director id="564" nombre="Richard Linklater"/></directores><productores><productor id="2997" nombre="Scott Rudin"/></productores><productoras><productora id="4" nombre="Paramount Pictures"/></productoras></pelicula></peliculas>
