<peliculas><pelicula id="27581" emision="2010-08-06"><titulo>The Other Guys</titulo><presupuesto>100000000</presupuesto><ingresos>170432927</ingresos><directores><director id="55710" nombre="Adam McKay"/></directores><productores><productor id="23659" nombre="Will Ferrell"/><productor id="25600" nombre="Patrick Crowley"/><productor id="55710" nombre="Adam McKay"/><productor id="61397" nombre="Jimmy Miller"/></productores><productoras><productora id="5" nombre="Columbia Pictures"/></productoras></pelicula><pelicula id="38167" emision="2010-08-12"><titulo>Eat Pray Love</titulo><presupuesto>60000000</presupuesto><ingresos>204594016</ingresos><directores><director id="52779" nombre="Ryan Murphy"/></directores><productores><productor id="20458" nombre="Dede Gardner"/></productores><productoras><productora id="5" nombre="Columbia Pictures"/></productoras></pelicula><pelicula id="39486" emision="2010-08-20"><titulo>Secretariat</titulo><presupuesto>35000000</presupuesto><ingresos>60251371</ingresos><directores><director id="2460" nombre="Randall Wallace"/></directores><productores><productor id="70698" nombre="Mark Ciardi"/><productor id="70700" nombre="Gordon Gray"/></productores><productoras><productora id="2" nombre="Walt Disney Pictures"/></productoras></pelicula><pelicula id="10140" emision="2010-08-13"><titulo>The Chronicles of Narnia: The Voyage of the Dawn Treader</titulo><presupuesto>155000000</presupuesto><ingresos>415686217</ingresos><directores><director id="10781" nombre="Michael Apted"/></directores><productores><productor id="5162" nombre="Mark Johnson"/><productor id="5524" nombre="Andrew Adamson"/><productor id="5541" nombre="Philip Steuer"/><productor id="1117948" nombre="Cort Kristensen"/></productores><productoras><productora id="444" nombre="Dune Entertainment"/></productoras></pelicula><pelicula id="41233" emision="2010-08-04"><titulo>Step Up 3D</titulo><presupuesto>30000000</presupuesto><ingresos>159291809</ingresos><directores><director id="54507" nombre="Jon M. Chu"/></directores><productores/><productoras><productora id="9195" nombre="Touchstone Pictures"/></productoras></pelicula></peliculas>
