<peliculas><pelicula id="10684" emision="1996-07-04"><titulo>Courage Under Fire</titulo><presupuesto>46000000</presupuesto><ingresos>100860818</ingresos><directores><director id="9181" nombre="Edward Zwick"/></directores><productores><productor id="2043" nombre="John Davis"/><productor id="59973" nombre="Debra Martin Chase"/></productores><productoras><productora id="306" nombre="Twentieth Century Fox Film Corporation"/></productoras></pelicula><pelicula id="11543" emision="1996-07-04"><titulo>Kingpin</titulo><presupuesto>27000000</presupuesto><ingresos>25023434</ingresos><directores><director id="7395" nombre="Bobby Farrelly"/><director id="7396" nombre="Peter Farrelly"/></directores><productores><productor id="7407" nombre="Bradley Thomas"/><productor id="51702" nombre="Brad Krevoy"/><productor id="51703" nombre="Steven Stabler"/></productores><productoras><productora id="8411" nombre="Metro-Goldwyn-Mayer (MGM)"/></productoras></pelicula><pelicula id="18550" emision="1996-07-19"><titulo>Fled</titulo><presupuesto>25000000</presupuesto><ingresos>17193231</ingresos><directores><director id="40230" nombre="Kevin Hooks"/></directores><productores/><productoras><productora id="8411" nombre="Metro-Goldwyn-Mayer (MGM)"/></productoras></pelicula><pelicula id="9294" emision="1996-07-05"><titulo>Phenomenon</titulo><presupuesto>32000000</presupuesto><ingresos>152036382</ingresos><directores><director id="12962" nombre="Jon Turteltaub"/></directores><productores><productor id="17797" nombre="Michael Taylor"/><productor id="71324" nombre="Barbara Boyle"/></productores><productoras><productora id="9195" nombre="Touchstone Pictures"/></productoras></pelicula><pelicula id="10779" emision="1996-07-18"><titulo>The Frighteners</titulo><presupuesto>30000000</presupuesto><ingresos>29359216</ingresos><directores><director id="108" nombre="Peter Jackson"/></directores><productores><productor id="108" nombre="Peter Jackson"/><productor id="1390" nombre="Jamie Selkirk"/></productores><productoras><productora id="33" nombre="Universal Pictures"/></productoras></pelicula><pelicula id="1645" emision="1996-07-24"><titulo>A Time to Kill</titulo><presupuesto>40000000</presupuesto><ingresos>152266007</ingresos><directores><director id="5572" nombre="Joel Schumacher"/></directores><productores><productor id="376" nombre="Arnon Milchan"/><productor id="11060" nombre="John Grisham"/><productor id="18349" nombre="Michael G. Nathanson"/><productor id="18350" nombre="Hunt Lowry"/></productores><productoras><productora id="6194" nombre="Warner Bros."/></productoras></pelicula></peliculas>
