<peliculas><pelicula id="60304" emision="2013-01-17"><titulo>Hansel &amp; Gretel: Witch Hunters</titulo><presupuesto>50000000</presupuesto><ingresos>224803475</ingresos><directores><director id="76927" nombre="Tommy Wirkola"/></directores><productores><productor id="23659" nombre="Will Ferrell"/><productor id="55710" nombre="Adam McKay"/><productor id="76927" nombre="Tommy Wirkola"/><productor id="231825" nombre="Kevin Messick"/></productores><productoras><productora id="4" nombre="Paramount Pictures"/><productora id="8411" nombre="Metro-Goldwyn-Mayer (MGM)"/></productoras></pelicula><pelicula id="132232" emision="2013-01-17"><titulo>Mama</titulo><presupuesto>15000000</presupuesto><ingresos>146497771</ingresos><directores><director id="1113116" nombre="Andy Muschietti"/></directores><productores><productor id="44138" nombre="J. Miles Dale"/><productor id="1094761" nombre="Barbara Muschietti"/></productores><productoras><productora id="33" nombre="Universal Pictures"/></productoras></pelicula><pelicula id="82682" emision="2013-01-10"><titulo>Gangster Squad</titulo><presupuesto>60000000</presupuesto><ingresos>105200903</ingresos><directores><director id="91268" nombre="Ruben Fleischer"/></directores><productores><productor id="17630" nombre="Michael Tadross"/><productor id="56932" nombre="Kevin McCormick"/><productor id="112690" nombre="Dan Lin"/><productor id="928546" nombre="Jon Silk"/></productores><productoras><productora id="6194" nombre="Warner Bros."/><productora id="79" nombre="Village Roadshow Pictures"/></productoras></pelicula><pelicula id="87818" emision="2013-01-01"><titulo>Movie 43</titulo><presupuesto>6000000</presupuesto><ingresos>32438988</ingresos><directores><director id="2171" nombre="Griffin Dunne"/><director id="7396" nombre="Peter Farrelly"/><director id="9281" nombre="Elizabeth Banks"/><director id="11091" nombre="Brett Ratner"/><director id="15218" nombre="James Gunn"/><director id="32593" nombre="Steven Brill"/><director id="52112" nombre="Steve Carr"/><director id="141825" nombre="Rusty Cundieff"/><director id="938681" nombre="James Duffy"/><director id="938682" nombre="Patrik Forsberg"/><director id="1272994" nombre="Jonathan van Tulleken"/><director id="1579630" nombre="Will Graham"/></directores><productores><productor id="7396" nombre="Peter Farrelly"/><productor id="7408" nombre="Charles B. Wessler"/><productor id="52989" nombre="John Penotti"/><productor id="54419" nombre="Ryan Kavanaugh"/><productor id="1272994" nombre="Jonathan van Tulleken"/><productor id="1272995" nombre="Jason Taragan"/><productor id="1272996" nombre="Jenny Serneholt"/></productores><productoras><productora id="7295" nombre="Relativity Media"/></productoras></pelicula><pelicula id="152742" emision="2013-01-01"><titulo>The Best Offer</titulo><presupuesto>13500000</presupuesto><ingresos>19255873</ingresos><directores><director id="65314" nombre="Giuseppe Tornatore"/></directores><productores><productor id="232666" nombre="Arturo Paglia"/><productor id="1133329" nombre="Isabella Cocuzza"/></productores><productoras><productora id="6194" nombre="Warner Bros."/></productoras></pelicula></peliculas>
