<peliculas><pelicula id="168259" emision="2015-04-01"><titulo>Furious 7</titulo><presupuesto>190000000</presupuesto><ingresos>1506249360</ingresos><directores><director id="2127" nombre="James Wan"/></directores><productores><productor id="8181" nombre="Michael Fottrell"/><productor id="11874" nombre="Neal H. Moritz"/><productor id="12835" nombre="Vin Diesel"/><productor id="75826" nombre="Brandon Birtell"/></productores><productoras><productora id="33" nombre="Universal Pictures"/></productoras></pelicula><pelicula id="256961" emision="2015-04-16"><titulo>Paul Blart: Mall Cop 2</titulo><presupuesto>38000000</presupuesto><ingresos>107597242</ingresos><directores><director id="58375" nombre="Andy Fickman"/></directores><productores><productor id="11814" nombre="Todd Garner"/><productor id="19292" nombre="Adam Sandler"/><productor id="20821" nombre="Jack Giarraputo"/><productor id="32895" nombre="Kevin James"/></productores><productoras><productora id="5" nombre="Columbia Pictures"/></productoras></pelicula><pelicula id="99861" emision="2015-04-22"><titulo>Avengers: Age of Ultron</titulo><presupuesto>280000000</presupuesto><ingresos>1405403694</ingresos><directores><director id="12891" nombre="Joss Whedon"/></directores><productores><productor id="10850" nombre="Kevin Feige"/></productores><productoras><productora id="420" nombre="Marvel Studios"/></productoras></pelicula></peliculas>
