<peliculas><pelicula id="8487" emision="1999-06-29"><titulo>Wild Wild West</titulo><presupuesto>170000000</presupuesto><ingresos>222104681</ingresos><directores><director id="5174" nombre="Barry Sonnenfeld"/></directores><productores><productor id="3805" nombre="Jon Peters"/><productor id="5174" nombre="Barry Sonnenfeld"/></productores><productoras><productora id="6194" nombre="Warner Bros."/></productoras></pelicula><pelicula id="37135" emision="1999-06-18"><titulo>Tarzan</titulo><presupuesto>150000000</presupuesto><ingresos>448000000</ingresos><directores><director id="15774" nombre="Chris Buck"/><director id="15775" nombre="Kevin Lima"/></directores><productores><productor id="12894" nombre="Bonnie Arnold"/></productores><productoras><productora id="2" nombre="Walt Disney Pictures"/></productoras></pelicula><pelicula id="2275" emision="1999-06-18"><titulo>The General's Daughter</titulo><presupuesto>60000000</presupuesto><ingresos>149705852</ingresos><directores><director id="12786" nombre="Simon West"/></directores><productores><productor id="4611" nombre="Mace Neufeld"/></productores><productoras><productora id="4" nombre="Paramount Pictures"/></productoras></pelicula><pelicula id="817" emision="1999-06-08"><titulo>Austin Powers: The Spy Who Shagged Me</titulo><presupuesto>33000000</presupuesto><ingresos>310940086</ingresos><directores><director id="6737" nombre="Jay Roach"/></directores><productores><productor id="550" nombre="Jennifer Todd"/><productor id="551" nombre="Suzanne Todd"/><productor id="1227" nombre="John S. Lyons"/><productor id="2445" nombre="Eric McLeod"/><productor id="3416" nombre="Demi Moore"/><productor id="12073" nombre="Mike Myers"/></productores><productoras><productora id="12" nombre="New Line Cinema"/></productoras></pelicula><pelicula id="9032" emision="1999-06-25"><titulo>Big Daddy</titulo><presupuesto>34200000</presupuesto><ingresos>234801895</ingresos><directores><director id="17494" nombre="Dennis Dugan"/></directores><productores><productor id="20820" nombre="Sid Ganis"/><productor id="20821" nombre="Jack Giarraputo"/></productores><productoras><productora id="5" nombre="Columbia Pictures"/></productoras></pelicula></peliculas>
