<peliculas><pelicula id="13972" emision="2008-09-12"><titulo>The Women</titulo><presupuesto>16000000</presupuesto><ingresos>50007546</ingresos><directores><director id="76230" nombre="Diane English"/></directores><productores/><productoras><productora id="12" nombre="New Line Cinema"/></productoras></pelicula><pelicula id="13809" emision="2008-09-04"><titulo>RockNRolla</titulo><presupuesto>18000000</presupuesto><ingresos>25739015</ingresos><directores><director id="956" nombre="Guy Ritchie"/></directores><productores><productor id="956" nombre="Guy Ritchie"/><productor id="1091" nombre="Joel Silver"/><productor id="37162" nombre="Susan Downey"/><productor id="63127" nombre="Steve Clark-Hall"/></productores><productoras><productora id="6194" nombre="Warner Bros."/></productoras></pelicula><pelicula id="13027" emision="2008-09-25"><titulo>Eagle Eye</titulo><presupuesto>80000000</presupuesto><ingresos>178066569</ingresos><directores><director id="40256" nombre="D.J. Caruso"/></directores><productores><productor id="15345" nombre="Alex Kurtzman"/><productor id="15346" nombre="Roberto Orci"/><productor id="25600" nombre="Patrick Crowley"/></productores><productoras><productora id="27" nombre="DreamWorks SKG"/></productoras></pelicula><pelicula id="4944" emision="2008-09-05"><titulo>Burn After Reading</titulo><presupuesto>37000000</presupuesto><ingresos>163720069</ingresos><directores><director id="1223" nombre="Joel Coen"/><director id="1224" nombre="Ethan Coen"/></directores><productores><productor id="1223" nombre="Joel Coen"/><productor id="1224" nombre="Ethan Coen"/><productor id="51737" nombre="David Diliberto"/></productores><productoras><productora id="7295" nombre="Relativity Media"/></productoras></pelicula><pelicula id="12412" emision="2008-09-15"><titulo>Miracle at St. Anna</titulo><presupuesto>45000000</presupuesto><ingresos>9323833</ingresos><directores><director id="5281" nombre="Spike Lee"/></directores><productores><productor id="5281" nombre="Spike Lee"/><productor id="35115" nombre="Luigi Musini"/><productor id="1038526" nombre="Roberto Cicutto"/></productores><productoras><productora id="9195" nombre="Touchstone Pictures"/></productoras></pelicula><pelicula id="12690" emision="2008-09-12"><titulo>Appaloosa</titulo><presupuesto>20000000</presupuesto><ingresos>20211394</ingresos><directores><director id="228" nombre="Ed Harris"/></directores><productores><productor id="228" nombre="Ed Harris"/><productor id="16430" nombre="Robert Knott"/><productor id="18135" nombre="Ginger Sledge"/></productores><productoras><productora id="12" nombre="New Line Cinema"/></productoras></pelicula><pelicula id="13150" emision="2008-09-09"><titulo>Pride and Glory</titulo><presupuesto>30000000</presupuesto><ingresos>31148328</ingresos><directores><director id="77003" nombre="Gavin O'Connor"/></directores><productores><productor id="199449" nombre="Greg O'Connor"/><productor id="1125866" nombre="Robert Hopes"/><productor id="1125867" nombre="Josh Fagin"/></productores><productoras><productora id="12" nombre="New Line Cinema"/></productoras></pelicula></peliculas>
