<peliculas><pelicula id="13275" emision="2006-01-27"><titulo>Annapolis</titulo><presupuesto>26000000</presupuesto><ingresos>17496992</ingresos><directores><director id="58189" nombre="Justin Lin"/></directores><productores/><productoras><productora id="9195" nombre="Touchstone Pictures"/></productoras></pelicula><pelicula id="11565" emision="2006-01-26"><titulo>Big Momma's House 2</titulo><presupuesto>40000000</presupuesto><ingresos>138259062</ingresos><directores><director id="61175" nombre="John Whitesell"/></directores><productores><productor id="17144" nombre="David T. Friendly"/><productor id="17313" nombre="Michael Green"/></productores><productoras><productora id="306" nombre="Twentieth Century Fox Film Corporation"/></productoras></pelicula><pelicula id="17379" emision="2006-01-13"><titulo>Last Holiday</titulo><presupuesto>45000000</presupuesto><ingresos>38399961</ingresos><directores><director id="39819" nombre="Wayne Wang"/></directores><productores/><productoras><productora id="4" nombre="Paramount Pictures"/></productoras></pelicula></peliculas>
