<peliculas><pelicula id="2539" emision="2004-12-17"><titulo>Spanglish</titulo><presupuesto>80000000</presupuesto><ingresos>55041367</ingresos><directores><director id="3388" nombre="James L. Brooks"/></directores><productores><productor id="3388" nombre="James L. Brooks"/><productor id="57572" nombre="Richard Sakai"/><productor id="67994" nombre="Julie Ansell"/></productores><productoras><productora id="441" nombre="Columbia Pictures Corporation"/></productoras></pelicula><pelicula id="2567" emision="2004-12-17"><titulo>The Aviator</titulo><presupuesto>116000000</presupuesto><ingresos>102000000</ingresos><directores><director id="1032" nombre="Martin Scorsese"/></directores><productores><productor id="638" nombre="Michael Mann"/><productor id="16729" nombre="Graham King"/><productor id="27218" nombre="Sandy Climan"/><productor id="27219" nombre="Charles Evans Jr."/><productor id="66185" nombre="Matthias Deyle"/></productores><productoras><productora id="6194" nombre="Warner Bros."/></productoras></pelicula><pelicula id="9833" emision="2004-12-08"><titulo>The Phantom of the Opera</titulo><presupuesto>70000000</presupuesto><ingresos>154648887</ingresos><directores><director id="5572" nombre="Joel Schumacher"/></directores><productores><productor id="65360" nombre="Andrew Lloyd Webber"/></productores><productoras><productora id="6194" nombre="Warner Bros."/></productoras></pelicula><pelicula id="163" emision="2004-12-09"><titulo>Ocean's Twelve</titulo><presupuesto>110000000</presupuesto><ingresos>362744280</ingresos><directores><director id="1884" nombre="Steven Soderbergh"/></directores><productores><productor id="1888" nombre="Jerry Weintraub"/></productores><productoras><productora id="6194" nombre="Warner Bros."/><productora id="79" nombre="Village Roadshow Pictures"/></productoras></pelicula><pelicula id="693" emision="2004-12-22"><titulo>Meet the Fockers</titulo><presupuesto>80000000</presupuesto><ingresos>516642939</ingresos><directores><director id="6737" nombre="Jay Roach"/></directores><productores><productor id="380" nombre="Robert De Niro"/><productor id="3305" nombre="Jane Rosenthal"/><productor id="6737" nombre="Jay Roach"/></productores><productoras><productora id="33" nombre="Universal Pictures"/><productora id="27" nombre="DreamWorks SKG"/></productoras></pelicula><pelicula id="421" emision="2004-12-10"><titulo>The Life Aquatic with Steve Zissou</titulo><presupuesto>50000000</presupuesto><ingresos>34808403</ingresos><directores><director id="5655" nombre="Wes Anderson"/></directores><productores><productor id="2997" nombre="Scott Rudin"/><productor id="5655" nombre="Wes Anderson"/><productor id="5664" nombre="Barry Mendel"/><productor id="5665" nombre="Dan Beers"/></productores><productoras><productora id="9195" nombre="Touchstone Pictures"/></productoras></pelicula><pelicula id="2288" emision="2004-12-01"><titulo>Closer</titulo><presupuesto>27000000</presupuesto><ingresos>115505027</ingresos><directores><director id="5342" nombre="Mike Nichols"/></directores><productores><productor id="5342" nombre="Mike Nichols"/><productor id="6476" nombre="Cary Brokaw"/><productor id="8406" nombre="John Calley"/></productores><productoras><productora id="5" nombre="Columbia Pictures"/></productoras></pelicula><pelicula id="36648" emision="2004-12-08"><titulo>Blade: Trinity</titulo><presupuesto>65000000</presupuesto><ingresos>128905366</ingresos><directores><director id="3893" nombre="David S. Goyer"/></directores><productores><productor id="3893" nombre="David S. Goyer"/><productor id="4768" nombre="Lynn Harris"/><productor id="10810" nombre="Peter Frankfurt"/><productor id="10814" nombre="Wesley Snipes"/></productores><productoras><productora id="12" nombre="New Line Cinema"/></productoras></pelicula><pelicula id="11774" emision="2004-12-16"><titulo>Lemony Snicket's A Series of Unfortunate Events</titulo><presupuesto>140000000</presupuesto><ingresos>209073645</ingresos><directores><director id="11887" nombre="Brad Silberling"/></directores><productores><productor id="2212" nombre="Walter F. Parkes"/><productor id="8701" nombre="Laurie MacDonald"/><productor id="22816" nombre="Jim Van Wyck"/></productores><productoras><productora id="4" nombre="Paramount Pictures"/></productoras></pelicula><pelicula id="70" emision="2004-12-15"><titulo>Million Dollar Baby</titulo><presupuesto>30000000</presupuesto><ingresos>216763646</ingresos><directores><director id="190" nombre="Clint Eastwood"/></directores><productores><productor id="190" nombre="Clint Eastwood"/><productor id="455" nombre="Paul Haggis"/><productor id="457" nombre="Albert S. Ruddy"/><productor id="68602" nombre="Tom Rosenberg"/></productores><productoras><productora id="6194" nombre="Warner Bros."/></productoras></pelicula><pelicula id="11866" emision="2004-12-17"><titulo>Flight of the Phoenix</titulo><presupuesto>45000000</presupuesto><ingresos>21009180</ingresos><directores><director id="12028" nombre="John Moore"/></directores><productores><productor id="2043" nombre="John Davis"/><productor id="6040" nombre="Wyck Godfrey"/><productor id="41157" nombre="William Aldrich"/><productor id="70791" nombre="Alex Blum"/></productores><productoras><productora id="306" nombre="Twentieth Century Fox Film Corporation"/></productoras></pelicula></peliculas>
