<peliculas><pelicula id="9741" emision="2000-11-13"><titulo>Unbreakable</titulo><presupuesto>75000000</presupuesto><ingresos>248118121</ingresos><directores><director id="11614" nombre="M. Night Shyamalan"/></directores><productores><productor id="136" nombre="Sam Mercer"/><productor id="5664" nombre="Barry Mendel"/><productor id="11614" nombre="M. Night Shyamalan"/></productores><productoras><productora id="9195" nombre="Touchstone Pictures"/></productoras></pelicula><pelicula id="8871" emision="2000-11-17"><titulo>How the Grinch Stole Christmas</titulo><presupuesto>123000000</presupuesto><ingresos>345141403</ingresos><directores><director id="6159" nombre="Ron Howard"/></directores><productores><productor id="339" nombre="Brian Grazer"/><productor id="6159" nombre="Ron Howard"/></productores><productoras><productora id="33" nombre="Universal Pictures"/></productoras></pelicula><pelicula id="4327" emision="2000-11-02"><titulo>Charlie's Angels</titulo><presupuesto>92000000</presupuesto><ingresos>264105545</ingresos><directores><director id="36425" nombre="McG"/></directores><productores><productor id="1588" nombre="Nancy Juvonen"/><productor id="12842" nombre="Leonard Goldberg"/><productor id="69597" nombre="Drew Barrymore"/></productores><productoras><productora id="5" nombre="Columbia Pictures"/></productoras></pelicula><pelicula id="4958" emision="2000-11-02"><titulo>The Legend of Bagger Vance</titulo><presupuesto>80000000</presupuesto><ingresos>39459427</ingresos><directores><director id="4135" nombre="Robert Redford"/></directores><productores><productor id="2359" nombre="Jake Eberts"/><productor id="2948" nombre="Michael Nozik"/><productor id="4135" nombre="Robert Redford"/><productor id="7531" nombre="Joseph P. Reidy"/><productor id="41018" nombre="Chris Brigham"/></productores><productoras><productora id="306" nombre="Twentieth Century Fox Film Corporation"/><productora id="27" nombre="DreamWorks SKG"/></productoras></pelicula><pelicula id="8870" emision="2000-11-10"><titulo>Red Planet</titulo><presupuesto>80000000</presupuesto><ingresos>33463969</ingresos><directores><director id="56154" nombre="Antony Hoffman"/></directores><productores><productor id="1296" nombre="Bruce Berman"/><productor id="46077" nombre="Jorge Saralegui"/><productor id="46088" nombre="Mark Canton"/></productores><productoras><productora id="6194" nombre="Warner Bros."/><productora id="79" nombre="Village Roadshow Pictures"/></productoras></pelicula></peliculas>
