<peliculas><pelicula id="105864" emision="2015-11-14"><titulo>The Good Dinosaur</titulo><presupuesto>175000000</presupuesto><ingresos>331926147</ingresos><directores><director id="21198" nombre="Peter Sohn"/></directores><productores><productor id="7879" nombre="John Lasseter"/><productor id="970529" nombre="Denise Ream"/></productores><productoras><productora id="2" nombre="Walt Disney Pictures"/><productora id="3" nombre="Pixar Animation Studios"/></productoras></pelicula><pelicula id="228066" emision="2015-11-10"><titulo>Victor Frankenstein</titulo><presupuesto>40000000</presupuesto><ingresos>34227298</ingresos><directores><director id="2291" nombre="Paul McGuigan"/></directores><productores><productor id="2043" nombre="John Davis"/></productores><productoras><productora id="306" nombre="Twentieth Century Fox Film Corporation"/><productora id="22213" nombre="TSG Entertainment"/></productoras></pelicula><pelicula id="321741" emision="2015-11-12"><titulo>Concussion</titulo><presupuesto>35000000</presupuesto><ingresos>50363790</ingresos><directores><director id="1192754" nombre="Peter Landesman"/></directores><productores><productor id="578" nombre="Ridley Scott"/><productor id="56760" nombre="Elizabeth Cantillon"/><productor id="1424196" nombre="Larry Shuman"/><productor id="1555782" nombre="Giannina Facio-Scott"/><productor id="1555783" nombre="David Wolthoff"/></productores><productoras><productora id="5" nombre="Columbia Pictures"/><productora id="79" nombre="Village Roadshow Pictures"/></productoras></pelicula><pelicula id="312221" emision="2015-11-25"><titulo>Creed</titulo><presupuesto>37000000</presupuesto><ingresos>173567581</ingresos><directores><director id="1056121" nombre="Ryan Coogler"/></directores><productores><productor id="11472" nombre="Irwin Winkler"/><productor id="16483" nombre="Sylvester Stallone"/><productor id="16485" nombre="William Chartoff"/><productor id="16486" nombre="Kevin King Templeton"/><productor id="16487" nombre="Charles Winkler"/><productor id="16514" nombre="Robert Chartoff"/><productor id="207419" nombre="David Winkler"/></productores><productoras><productora id="6194" nombre="Warner Bros."/><productora id="12" nombre="New Line Cinema"/><productora id="8411" nombre="Metro-Goldwyn-Mayer (MGM)"/></productoras></pelicula><pelicula id="287903" emision="2015-11-26"><titulo>Krampus</titulo><presupuesto>15000000</presupuesto><ingresos>61548707</ingresos><directores><director id="11012" nombre="Michael Dougherty"/></directores><productores><productor id="11012" nombre="Michael Dougherty"/><productor id="54211" nombre="Thomas Tull"/><productor id="61091" nombre="Jon Jashni"/><productor id="90281" nombre="Alex Garcia"/></productores><productoras><productora id="33" nombre="Universal Pictures"/><productora id="923" nombre="Legendary Pictures"/></productoras></pelicula><pelicula id="314365" emision="2015-11-06"><titulo>Spotlight</titulo><presupuesto>20000000</presupuesto><ingresos>88346473</ingresos><directores><director id="17867" nombre="Tom McCarthy"/></directores><productores><productor id="322" nombre="Steve Golin"/><productor id="41331" nombre="Michael Sugar"/><productor id="1548067" nombre="Nicole Rocklin"/><productor id="1548068" nombre="Blye Pagon Faust"/></productores><productoras><productora id="33" nombre="Universal Pictures"/></productoras></pelicula><pelicula id="205775" emision="2015-11-20"><titulo>In the Heart of the Sea</titulo><presupuesto>100000000</presupuesto><ingresos>93820758</ingresos><directores><director id="6159" nombre="Ron Howard"/></directores><productores><productor id="339" nombre="Brian Grazer"/><productor id="6159" nombre="Ron Howard"/><productor id="16731" nombre="Paula Weinstein"/><productor id="18311" nombre="Joe Roth"/><productor id="1395340" nombre="Will Ward"/></productores><productoras><productora id="6194" nombre="Warner Bros."/></productoras></pelicula></peliculas>
