<peliculas><pelicula id="9890" emision="2004-06-10"><titulo>The Stepford Wives</titulo><presupuesto>90000000</presupuesto><ingresos>102000000</ingresos><directores><director id="7908" nombre="Frank Oz"/></directores><productores><productor id="2997" nombre="Scott Rudin"/><productor id="14929" nombre="Edgar J. Scherick"/><productor id="58470" nombre="Donald De Line"/><productor id="60010" nombre="Gabriel Grunfeld"/><productor id="60013" nombre="Leslie J. Converse"/></productores><productoras><productora id="4" nombre="Paramount Pictures"/></productoras></pelicula><pelicula id="8193" emision="2004-06-11"><titulo>Napoleon Dynamite</titulo><presupuesto>400000</presupuesto><ingresos>46118097</ingresos><directores><director id="53925" nombre="Jared Hess"/></directores><productores><productor id="53941" nombre="Sean Covel"/><productor id="53942" nombre="Jeremy Coon"/><productor id="1459908" nombre="Chris Wyatt"/></productores><productoras><productora id="4" nombre="Paramount Pictures"/></productoras></pelicula><pelicula id="11036" emision="2004-06-25"><titulo>The Notebook</titulo><presupuesto>29000000</presupuesto><ingresos>115603229</ingresos><directores><director id="11151" nombre="Nick Cassavetes"/></directores><productores><productor id="4768" nombre="Lynn Harris"/><productor id="5162" nombre="Mark Johnson"/></productores><productoras><productora id="12" nombre="New Line Cinema"/></productoras></pelicula><pelicula id="558" emision="2004-06-25"><titulo>Spider-Man 2</titulo><presupuesto>200000000</presupuesto><ingresos>783766341</ingresos><directores><director id="7623" nombre="Sam Raimi"/></directores><productores><productor id="7626" nombre="Avi Arad"/><productor id="7627" nombre="Laura Ziskin"/><productor id="20643" nombre="Lorne Orleans"/></productores><productoras><productora id="5" nombre="Columbia Pictures"/></productoras></pelicula><pelicula id="12153" emision="2004-06-23"><titulo>White Chicks</titulo><presupuesto>37000000</presupuesto><ingresos>113086475</ingresos><directores><director id="35689" nombre="Keenen Ivory Wayans"/></directores><productores><productor id="9562" nombre="Marlon Wayans"/><productor id="35689" nombre="Keenen Ivory Wayans"/><productor id="35690" nombre="Shawn Wayans"/><productor id="56908" nombre="Rick Alvarez"/><productor id="57225" nombre="Lee R. Mayes"/></productores><productoras><productora id="5" nombre="Columbia Pictures"/></productoras></pelicula><pelicula id="8920" emision="2004-06-10"><titulo>Garfield</titulo><presupuesto>50000000</presupuesto><ingresos>200804534</ingresos><directores><director id="18357" nombre="Peter Hewitt"/></directores><productores><productor id="2043" nombre="John Davis"/></productores><productoras><productora id="306" nombre="Twentieth Century Fox Film Corporation"/></productoras></pelicula><pelicula id="17047" emision="2004-06-24"><titulo>Agent Cody Banks 2: Destination London</titulo><presupuesto>26000000</presupuesto><ingresos>28818995</ingresos><directores><director id="36083" nombre="Kevin Allen"/></directores><productores/><productoras><productora id="8411" nombre="Metro-Goldwyn-Mayer (MGM)"/></productoras></pelicula><pelicula id="9472" emision="2004-06-18"><titulo>DodgeBall: A True Underdog Story</titulo><presupuesto>20000000</presupuesto><ingresos>167722310</ingresos><directores><director id="57633" nombre="Rawson Marshall Thurber"/></directores><productores><productor id="7399" nombre="Ben Stiller"/><productor id="22302" nombre="Stuart Cornfeld"/></productores><productoras><productora id="306" nombre="Twentieth Century Fox Film Corporation"/></productoras></pelicula><pelicula id="594" emision="2004-06-17"><titulo>The Terminal</titulo><presupuesto>60000000</presupuesto><ingresos>219417255</ingresos><directores><director id="488" nombre="Steven Spielberg"/></directores><productores><productor id="488" nombre="Steven Spielberg"/><productor id="2212" nombre="Walter F. Parkes"/><productor id="8701" nombre="Laurie MacDonald"/></productores><productoras><productora id="56" nombre="Amblin Entertainment"/><productora id="27" nombre="DreamWorks SKG"/></productoras></pelicula><pelicula id="16232" emision="2004-06-15"><titulo>Mr. 3000</titulo><presupuesto>30000000</presupuesto><ingresos>21800302</ingresos><directores><director id="80215" nombre="Charles Stone III"/></directores><productores><productor id="4504" nombre="Roger Birnbaum"/><productor id="4507" nombre="Gary Barber"/><productor id="15150" nombre="Maggie Wilde"/></productores><productoras><productora id="9195" nombre="Touchstone Pictures"/></productoras></pelicula></peliculas>
