<peliculas><pelicula id="846" emision="1998-06-19"><titulo>The X Files</titulo><presupuesto>66000000</presupuesto><ingresos>189198313</ingresos><directores><director id="12523" nombre="Rob Bowman"/></directores><productores><productor id="12524" nombre="Chris Carter"/><productor id="12632" nombre="Daniel Sackheim"/></productores><productoras><productora id="306" nombre="Twentieth Century Fox Film Corporation"/></productoras></pelicula><pelicula id="3050" emision="1998-06-22"><titulo>Doctor Dolittle</titulo><presupuesto>71000000</presupuesto><ingresos>294456605</ingresos><directores><director id="31024" nombre="Betty Thomas"/></directores><productores><productor id="2043" nombre="John Davis"/><productor id="17144" nombre="David T. Friendly"/></productores><productoras><productora id="306" nombre="Twentieth Century Fox Film Corporation"/></productoras></pelicula><pelicula id="1965" emision="1998-06-05"><titulo>A Perfect Murder</titulo><presupuesto>60000000</presupuesto><ingresos>128038368</ingresos><directores><director id="12989" nombre="Andrew Davis"/></directores><productores><productor id="5580" nombre="Peter Macgregor-Scott"/><productor id="10764" nombre="Arnold Kopelson"/><productor id="12050" nombre="Anne Kopelson"/><productor id="69020" nombre="Christopher Mankiewicz"/></productores><productoras><productora id="6194" nombre="Warner Bros."/></productoras></pelicula><pelicula id="15037" emision="1998-06-12"><titulo>Can't Hardly Wait</titulo><presupuesto>10000000</presupuesto><ingresos>25605015</ingresos><directores><director id="13614" nombre="Deborah Kaplan"/><director id="13615" nombre="Harry Elfont"/></directores><productores/><productoras><productora id="5" nombre="Columbia Pictures"/></productoras></pelicula><pelicula id="6068" emision="1998-06-12"><titulo>Six Days Seven Nights</titulo><presupuesto>70000000</presupuesto><ingresos>164000000</ingresos><directores><director id="8858" nombre="Ivan Reitman"/></directores><productores><productor id="4504" nombre="Roger Birnbaum"/><productor id="8858" nombre="Ivan Reitman"/></productores><productoras><productora id="9195" nombre="Touchstone Pictures"/></productoras></pelicula><pelicula id="37165" emision="1998-06-04"><titulo>The Truman Show</titulo><presupuesto>60000000</presupuesto><ingresos>264118201</ingresos><directores><director id="2690" nombre="Peter Weir"/></directores><productores><productor id="2997" nombre="Scott Rudin"/><productor id="8685" nombre="Andrew Niccol"/><productor id="11302" nombre="Edward S. Feldman"/><productor id="11303" nombre="Adam Schroeder"/></productores><productoras><productora id="4" nombre="Paramount Pictures"/></productoras></pelicula><pelicula id="10674" emision="1998-06-18"><titulo>Mulan</titulo><presupuesto>90000000</presupuesto><ingresos>304320254</ingresos><directores><director id="66190" nombre="Tony Bancroft"/><director id="66191" nombre="Barry Cook"/></directores><productores><productor id="69163" nombre="Pam Coats"/></productores><productoras><productora id="2" nombre="Walt Disney Pictures"/></productoras></pelicula><pelicula id="1389" emision="1998-06-26"><titulo>Out of Sight</titulo><presupuesto>48000000</presupuesto><ingresos>77745568</ingresos><directores><director id="1884" nombre="Steven Soderbergh"/></directores><productores><productor id="518" nombre="Danny DeVito"/><productor id="5381" nombre="Michael Shamberg"/><productor id="5382" nombre="Stacey Sher"/></productores><productoras><productora id="33" nombre="Universal Pictures"/></productoras></pelicula></peliculas>
