<peliculas><pelicula id="10625" emision="2004-04-30"><titulo>Mean Girls</titulo><presupuesto>17000000</presupuesto><ingresos>129042871</ingresos><directores><director id="54050" nombre="Mark Waters"/></directores><productores><productor id="56158" nombre="Lorne Michaels"/></productores><productoras><productora id="4" nombre="Paramount Pictures"/></productoras></pelicula><pelicula id="11141" emision="2004-04-04"><titulo>Laws of Attraction</titulo><presupuesto>28000000</presupuesto><ingresos>30016165</ingresos><directores><director id="7791" nombre="Peter Howitt"/></directores><productores><productor id="4857" nombre="Marc Turtletaub"/><productor id="13928" nombre="Beau St. Clair"/><productor id="17144" nombre="David T. Friendly"/><productor id="36616" nombre="David Bergstein"/><productor id="57682" nombre="Julie Durk"/></productores><productoras><productora id="12" nombre="New Line Cinema"/></productoras></pelicula><pelicula id="1487" emision="2004-04-02"><titulo>Hellboy</titulo><presupuesto>66000000</presupuesto><ingresos>99318987</ingresos><directores><director id="10828" nombre="Guillermo del Toro"/></directores><productores><productor id="1093" nombre="Lawrence Gordon"/><productor id="1993" nombre="Lloyd Levin"/><productor id="40832" nombre="Mike Richardson"/></productores><productoras><productora id="5" nombre="Columbia Pictures"/></productoras></pelicula><pelicula id="11358" emision="2004-04-02"><titulo>Walking Tall</titulo><presupuesto>56000000</presupuesto><ingresos>57223890</ingresos><directores><director id="34453" nombre="Kevin Bray"/></directores><productores><productor id="11695" nombre="Lucas Foster"/><productor id="18344" nombre="Paul Schiff"/><productor id="21478" nombre="Ashok Amritraj"/><productor id="31710" nombre="David Hoberman"/><productor id="54242" nombre="Jim Burke"/></productores><productoras><productora id="8411" nombre="Metro-Goldwyn-Mayer (MGM)"/></productoras></pelicula><pelicula id="10096" emision="2004-04-13"><titulo>13 Going on 30</titulo><presupuesto>37000000</presupuesto><ingresos>96455697</ingresos><directores><director id="17046" nombre="Gary Winick"/></directores><productores><productor id="16158" nombre="Susan Arnold"/><productor id="18322" nombre="Donna Roth"/><productor id="59963" nombre="Gina Matthews"/></productores><productoras><productora id="5" nombre="Columbia Pictures"/></productoras></pelicula><pelicula id="747" emision="2004-04-09"><titulo>Shaun of the Dead</titulo><presupuesto>4000000</presupuesto><ingresos>30039392</ingresos><directores><director id="11090" nombre="Edgar Wright"/></directores><productores><productor id="11112" nombre="Nira Park"/></productores><productoras><productora id="33" nombre="Universal Pictures"/></productoras></pelicula><pelicula id="13700" emision="2004-04-02"><titulo>Home on the Range</titulo><presupuesto>110000000</presupuesto><ingresos>103951461</ingresos><directores><director id="70287" nombre="Will Finn"/><director id="80671" nombre="John Sanford"/></directores><productores><productor id="15818" nombre="Alice Dewey"/></productores><productoras><productora id="2" nombre="Walt Disney Pictures"/></productoras></pelicula><pelicula id="15673" emision="2004-04-16"><titulo>Connie and Carla</titulo><presupuesto>20000000</presupuesto><ingresos>11341016</ingresos><directores><director id="15045" nombre="Michael Lembeck"/></directores><productores/><productoras><productora id="33" nombre="Universal Pictures"/></productoras></pelicula><pelicula id="10733" emision="2004-04-07"><titulo>The Alamo</titulo><presupuesto>145000000</presupuesto><ingresos>25819961</ingresos><directores><director id="54040" nombre="John Lee Hancock"/></directores><productores><productor id="5162" nombre="Mark Johnson"/><productor id="6159" nombre="Ron Howard"/></productores><productoras><productora id="9195" nombre="Touchstone Pictures"/></productoras></pelicula></peliculas>
