<peliculas><pelicula id="9297" emision="2006-07-21"><titulo>Monster House</titulo><presupuesto>75000000</presupuesto><ingresos>140175006</ingresos><directores><director id="57193" nombre="Gil Kenan"/></directores><productores><productor id="30" nombre="Steve Starkey"/><productor id="23779" nombre="Jack Rapke"/></productores><productoras><productora id="5" nombre="Columbia Pictures"/><productora id="56" nombre="Amblin Entertainment"/></productoras></pelicula><pelicula id="9697" emision="2006-07-21"><titulo>Lady in the Water</titulo><presupuesto>75000000</presupuesto><ingresos>42285169</ingresos><directores><director id="11614" nombre="M. Night Shyamalan"/></directores><productores><productor id="136" nombre="Sam Mercer"/><productor id="11614" nombre="M. Night Shyamalan"/></productores><productoras><productora id="6194" nombre="Warner Bros."/><productora id="923" nombre="Legendary Pictures"/></productoras></pelicula><pelicula id="37933" emision="2006-07-29"><titulo>Tales from Earthsea</titulo><presupuesto>22000000</presupuesto><ingresos>68000000</ingresos><directores><director id="1414" nombre="Goro Miyazaki"/></directores><productores><productor id="1417" nombre="Toshio Suzuki"/><productor id="40454" nombre="Tomohiko Ishii"/></productores><productoras><productora id="2" nombre="Walt Disney Pictures"/></productoras></pelicula><pelicula id="9293" emision="2006-07-27"><titulo>John Tucker Must Die</titulo><presupuesto>18000000</presupuesto><ingresos>41009669</ingresos><directores><director id="31024" nombre="Betty Thomas"/></directores><productores><productor id="31708" nombre="Michael Birnbaum"/><productor id="57174" nombre="Bob Cooper"/></productores><productoras><productora id="306" nombre="Twentieth Century Fox Film Corporation"/><productora id="444" nombre="Dune Entertainment"/></productoras></pelicula><pelicula id="9906" emision="2006-07-27"><titulo>The Ant Bully</titulo><presupuesto>50000000</presupuesto><ingresos>55181129</ingresos><directores><director id="60237" nombre="John A. Davis"/></directores><productores><productor id="31" nombre="Tom Hanks"/><productor id="27098" nombre="Gary Goetzman"/><productor id="60237" nombre="John A. Davis"/><productor id="60244" nombre="Alex Johns"/><productor id="60248" nombre="Kim Saxon"/></productores><productoras><productora id="6194" nombre="Warner Bros."/></productoras></pelicula><pelicula id="1819" emision="2006-07-14"><titulo>You, Me and Dupree</titulo><presupuesto>54000000</presupuesto><ingresos>130431368</ingresos><directores><director id="19271" nombre="Anthony Russo"/><director id="19272" nombre="Joe Russo"/></directores><productores><productor id="887" nombre="Owen Wilson"/><productor id="19282" nombre="Scott Stuber"/></productores><productoras><productora id="33" nombre="Universal Pictures"/></productoras></pelicula><pelicula id="82" emision="2006-07-27"><titulo>Miami Vice</titulo><presupuesto>135000000</presupuesto><ingresos>163794509</ingresos><directores><director id="638" nombre="Michael Mann"/></directores><productores><productor id="638" nombre="Michael Mann"/><productor id="639" nombre="Pieter Jan Brugge"/></productores><productoras><productora id="33" nombre="Universal Pictures"/></productoras></pelicula></peliculas>
