<peliculas><pelicula id="1124" emision="2006-10-19"><titulo>The Prestige</titulo><presupuesto>40000000</presupuesto><ingresos>109676311</ingresos><directores><director id="525" nombre="Christopher Nolan"/></directores><productores><productor id="525" nombre="Christopher Nolan"/><productor id="554" nombre="Aaron Ryder"/><productor id="556" nombre="Emma Thomas"/></productores><productoras><productora id="6194" nombre="Warner Bros."/><productora id="9195" nombre="Touchstone Pictures"/></productoras></pelicula><pelicula id="8975" emision="2006-10-13"><titulo>The Marine</titulo><presupuesto>20000000</presupuesto><ingresos>22165608</ingresos><directores><director id="56453" nombre="John Bonito"/></directores><productores><productor id="10999" nombre="Joel Simon"/><productor id="102688" nombre="Jonathan Winfrey"/></productores><productoras><productora id="306" nombre="Twentieth Century Fox Film Corporation"/></productoras></pelicula><pelicula id="14012" emision="2006-10-20"><titulo>Flicka</titulo><presupuesto>15000000</presupuesto><ingresos>21000000</ingresos><directores><director id="50460" nombre="Michael Mayer"/></directores><productores/><productoras><productora id="306" nombre="Twentieth Century Fox Film Corporation"/></productoras></pelicula><pelicula id="11619" emision="2006-10-22"><titulo>Flushed Away</titulo><presupuesto>149000000</presupuesto><ingresos>64459316</ingresos><directores><director id="33183" nombre="David Bowers"/><director id="58897" nombre="Sam Fell"/></directores><productores><productor id="53304" nombre="Peter Lord"/><productor id="53329" nombre="David Sproxton"/><productor id="70041" nombre="Cecil Kramer"/><productor id="1106862" nombre="Maryann Garger"/></productores><productoras><productora id="521" nombre="DreamWorks Animation"/></productoras></pelicula><pelicula id="1422" emision="2006-10-05"><titulo>The Departed</titulo><presupuesto>90000000</presupuesto><ingresos>289847354</ingresos><directores><director id="1032" nombre="Martin Scorsese"/></directores><productores><productor id="287" nombre="Brad Pitt"/><productor id="1298" nombre="Brad Grey"/><productor id="16729" nombre="Graham King"/></productores><productoras><productora id="6194" nombre="Warner Bros."/></productoras></pelicula><pelicula id="3683" emision="2006-10-18"><titulo>Flags of Our Fathers</titulo><presupuesto>90000000</presupuesto><ingresos>65900249</ingresos><directores><director id="190" nombre="Clint Eastwood"/></directores><productores><productor id="190" nombre="Clint Eastwood"/><productor id="488" nombre="Steven Spielberg"/><productor id="4746" nombre="Robert Lorenz"/></productores><productoras><productora id="6194" nombre="Warner Bros."/><productora id="56" nombre="Amblin Entertainment"/><productora id="27" nombre="DreamWorks SKG"/></productoras></pelicula><pelicula id="1440" emision="2006-10-06"><titulo>Little Children</titulo><presupuesto>26000000</presupuesto><ingresos>14821658</ingresos><directores><director id="5010" nombre="Todd Field"/></directores><productores><productor id="5010" nombre="Todd Field"/><productor id="17172" nombre="Albert Berger"/><productor id="17173" nombre="Ron Yerxa"/></productores><productoras><productora id="12" nombre="New Line Cinema"/></productoras></pelicula><pelicula id="1593" emision="2006-10-20"><titulo>Night at the Museum</titulo><presupuesto>110000000</presupuesto><ingresos>574480841</ingresos><directores><director id="17825" nombre="Shawn Levy"/></directores><productores><productor id="10965" nombre="Chris Columbus"/><productor id="17825" nombre="Shawn Levy"/><productor id="17828" nombre="Michael Barnathan"/></productores><productoras><productora id="306" nombre="Twentieth Century Fox Film Corporation"/></productoras></pelicula><pelicula id="13668" emision="2006-10-20"><titulo>Catch and Release</titulo><presupuesto>25000000</presupuesto><ingresos>16158487</ingresos><directores><director id="6340" nombre="Susannah Grant"/></directores><productores><productor id="36427" nombre="Jenno Topping"/></productores><productoras><productora id="7295" nombre="Relativity Media"/><productora id="441" nombre="Columbia Pictures Corporation"/></productoras></pelicula><pelicula id="1975" emision="2006-10-13"><titulo>The Grudge 2</titulo><presupuesto>20000000</presupuesto><ingresos>39143839</ingresos><directores><director id="20310" nombre="Takashi Shimizu"/></directores><productores><productor id="11359" nombre="Robert Tapert"/><productor id="20316" nombre="Takashige Ichise"/></productores><productoras><productora id="441" nombre="Columbia Pictures Corporation"/></productoras></pelicula><pelicula id="9895" emision="2006-10-09"><titulo>Man of the Year</titulo><presupuesto>20000000</presupuesto><ingresos>41237648</ingresos><directores><director id="8246" nombre="Barry Levinson"/></directores><productores><productor id="4700" nombre="James G. Robinson"/><productor id="1203317" nombre="David C. Robinson"/></productores><productoras><productora id="33" nombre="Universal Pictures"/></productoras></pelicula></peliculas>
