<peliculas><pelicula id="2048" emision="2004-07-15"><titulo>I, Robot</titulo><presupuesto>120000000</presupuesto><ingresos>347234916</ingresos><directores><director id="21085" nombre="Alex Proyas"/></directores><productores><productor id="2043" nombre="John Davis"/><productor id="6040" nombre="Wyck Godfrey"/><productor id="10685" nombre="Laurence Mark"/><productor id="945998" nombre="Topher Dow"/><productor id="1702379" nombre="Michael Lee Baron"/></productores><productoras><productora id="306" nombre="Twentieth Century Fox Film Corporation"/></productoras></pelicula><pelicula id="11247" emision="2004-07-10"><titulo>A Cinderella Story</titulo><presupuesto>19000000</presupuesto><ingresos>70067909</ingresos><directores><director id="68770" nombre="Mark Rosman"/></directores><productores><productor id="18350" nombre="Hunt Lowry"/><productor id="65559" nombre="Dylan Sellers"/><productor id="66531" nombre="Clifford Werber"/><productor id="68773" nombre="Ilyssa Goodman"/></productores><productoras><productora id="6194" nombre="Warner Bros."/></productoras></pelicula><pelicula id="14462" emision="2004-07-30"><titulo>The Manchurian Candidate</titulo><presupuesto>80000000</presupuesto><ingresos>96105964</ingresos><directores><director id="16294" nombre="Jonathan Demme"/></directores><productores><productor id="2997" nombre="Scott Rudin"/><productor id="16294" nombre="Jonathan Demme"/><productor id="27095" nombre="Ilona Herzberg"/><productor id="1470041" nombre="Tina Sinatra"/></productores><productoras><productora id="4" nombre="Paramount Pictures"/></productoras></pelicula><pelicula id="314" emision="2004-07-22"><titulo>Catwoman</titulo><presupuesto>100000000</presupuesto><ingresos>82102379</ingresos><directores><director id="4586" nombre="Pitof"/></directores><productores><productor id="1899" nombre="Denise Di Novi"/><productor id="4588" nombre="Edward McDonnell"/></productores><productoras><productora id="6194" nombre="Warner Bros."/><productora id="79" nombre="Village Roadshow Pictures"/></productoras></pelicula><pelicula id="6947" emision="2004-07-30"><titulo>The Village</titulo><presupuesto>60000000</presupuesto><ingresos>256697520</ingresos><directores><director id="11614" nombre="M. Night Shyamalan"/></directores><productores><productor id="136" nombre="Sam Mercer"/><productor id="2997" nombre="Scott Rudin"/><productor id="11614" nombre="M. Night Shyamalan"/></productores><productoras><productora id="9195" nombre="Touchstone Pictures"/></productoras></pelicula><pelicula id="2502" emision="2004-07-23"><titulo>The Bourne Supremacy</titulo><presupuesto>75000000</presupuesto><ingresos>288500217</ingresos><directores><director id="25598" nombre="Paul Greengrass"/></directores><productores><productor id="664" nombre="Frank Marshall"/><productor id="25600" nombre="Patrick Crowley"/><productor id="25604" nombre="Paul Sandberg"/></productores><productoras><productora id="33" nombre="Universal Pictures"/></productoras></pelicula><pelicula id="9477" emision="2004-07-07"><titulo>King Arthur</titulo><presupuesto>120000000</presupuesto><ingresos>203567857</ingresos><directores><director id="20907" nombre="Antoine Fuqua"/></directores><productores><productor id="770" nombre="Jerry Bruckheimer"/></productores><productoras><productora id="9195" nombre="Touchstone Pictures"/></productoras></pelicula></peliculas>
