<peliculas><pelicula id="17707" emision="1999-08-13"><titulo>Brokedown Palace</titulo><presupuesto>25000000</presupuesto><ingresos>13000000</ingresos><directores><director id="42171" nombre="Jonathan Kaplan"/></directores><productores><productor id="1586" nombre="Adam Fields"/></productores><productoras><productora id="306" nombre="Twentieth Century Fox Film Corporation"/></productoras></pelicula><pelicula id="16406" emision="1999-08-04"><titulo>Dick</titulo><presupuesto>13000000</presupuesto><ingresos>27500000</ingresos><directores><director id="41549" nombre="Andrew Fleming"/></directores><productores><productor id="869" nombre="Gale Anne Hurd"/></productores><productoras><productora id="5" nombre="Columbia Pictures"/></productoras></pelicula><pelicula id="913" emision="1999-08-06"><titulo>The Thomas Crown Affair</titulo><presupuesto>48000000</presupuesto><ingresos>124305181</ingresos><directores><director id="1090" nombre="John McTiernan"/></directores><productores><productor id="517" nombre="Pierce Brosnan"/><productor id="13928" nombre="Beau St. Clair"/><productor id="13929" nombre="Roger Paradiso"/><productor id="13930" nombre="Bruce Moriarty"/></productores><productoras><productora id="8411" nombre="Metro-Goldwyn-Mayer (MGM)"/></productoras></pelicula><pelicula id="2900" emision="1999-08-26"><titulo>The Astronaut's Wife</titulo><presupuesto>75000000</presupuesto><ingresos>19598588</ingresos><directores><director id="29524" nombre="Rand Ravich"/></directores><productores><productor id="29525" nombre="Andrew Lazar"/></productores><productoras><productora id="12" nombre="New Line Cinema"/></productoras></pelicula><pelicula id="1911" emision="1999-08-27"><titulo>The 13th Warrior</titulo><presupuesto>160000000</presupuesto><ingresos>61698899</ingresos><directores><director id="1090" nombre="John McTiernan"/></directores><productores><productor id="1090" nombre="John McTiernan"/><productor id="4782" nombre="Michael Crichton"/><productor id="42006" nombre="Ned Dowd"/></productores><productoras><productora id="9195" nombre="Touchstone Pictures"/></productoras></pelicula><pelicula id="9824" emision="1999-08-06"><titulo>Mystery Men</titulo><presupuesto>68000000</presupuesto><ingresos>29762011</ingresos><directores><director id="59646" nombre="Kinka Usher"/></directores><productores><productor id="1093" nombre="Lawrence Gordon"/><productor id="1993" nombre="Lloyd Levin"/><productor id="40832" nombre="Mike Richardson"/></productores><productoras><productora id="33" nombre="Universal Pictures"/></productoras></pelicula><pelicula id="9781" emision="1999-08-13"><titulo>Detroit Rock City</titulo><presupuesto>6500000</presupuesto><ingresos>4217115</ingresos><directores><director id="50583" nombre="Adam Rifkin"/></directores><productores><productor id="57756" nombre="Gene Simmons"/><productor id="73771" nombre="Kathleen Haase"/><productor id="73772" nombre="Barry Levine"/></productores><productoras><productora id="12" nombre="New Line Cinema"/></productoras></pelicula></peliculas>
