<peliculas><pelicula id="8976" emision="2005-04-22"><titulo>A Lot Like Love</titulo><presupuesto>30000000</presupuesto><ingresos>42886719</ingresos><directores><director id="24248" nombre="Nigel Cole"/></directores><productores><productor id="41587" nombre="Armyan Bernstein"/><productor id="56461" nombre="Kevin J. Messick"/></productores><productoras><productora id="9195" nombre="Touchstone Pictures"/></productoras></pelicula><pelicula id="11679" emision="2005-04-27"><titulo>xXx: State of the Union</titulo><presupuesto>60000000</presupuesto><ingresos>71073932</ingresos><directores><director id="7256" nombre="Lee Tamahori"/></directores><productores><productor id="8277" nombre="Arne Schmidt"/><productor id="11874" nombre="Neal H. Moritz"/></productores><productoras><productora id="441" nombre="Columbia Pictures Corporation"/></productoras></pelicula><pelicula id="10065" emision="2005-04-15"><titulo>The Amityville Horror</titulo><presupuesto>19000000</presupuesto><ingresos>108047131</ingresos><directores><director id="62721" nombre="Andrew Douglas"/></directores><productores><productor id="865" nombre="Michael Bay"/><productor id="17210" nombre="George Furla"/><productor id="17211" nombre="Randall Emmett"/><productor id="49681" nombre="Paul Mason"/><productor id="54843" nombre="Andrew Form"/><productor id="54844" nombre="Bradley Fuller"/><productor id="62722" nombre="Matthew Cohan"/><productor id="62723" nombre="Stefan Sonnenfeld"/><productor id="62726" nombre="Steve Whitney"/></productores><productoras><productora id="8411" nombre="Metro-Goldwyn-Mayer (MGM)"/></productoras></pelicula><pelicula id="10066" emision="2005-04-30"><titulo>House of Wax</titulo><presupuesto>40000000</presupuesto><ingresos>68766121</ingresos><directores><director id="59521" nombre="Jaume Collet-Serra"/></directores><productores><productor id="24" nombre="Robert Zemeckis"/><productor id="1091" nombre="Joel Silver"/><productor id="37162" nombre="Susan Downey"/></productores><productoras><productora id="6194" nombre="Warner Bros."/><productora id="79" nombre="Village Roadshow Pictures"/></productoras></pelicula><pelicula id="7364" emision="2005-04-06"><titulo>Sahara</titulo><presupuesto>130000000</presupuesto><ingresos>119269486</ingresos><directores><director id="52609" nombre="Breck Eisner"/></directores><productores><productor id="3984" nombre="Stephanie Austin"/><productor id="4611" nombre="Mace Neufeld"/><productor id="53299" nombre="Howard Baldwin"/><productor id="53300" nombre="Karen Elise Baldwin"/></productores><productoras><productora id="4" nombre="Paramount Pictures"/></productoras></pelicula><pelicula id="179" emision="2005-04-08"><titulo>The Interpreter</titulo><presupuesto>80000000</presupuesto><ingresos>162944923</ingresos><directores><director id="2226" nombre="Sydney Pollack"/></directores><productores><productor id="2236" nombre="Tim Bevan"/><productor id="2238" nombre="Eric Fellner"/><productor id="57343" nombre="Kevin Misher"/></productores><productoras><productora id="33" nombre="Universal Pictures"/></productoras></pelicula></peliculas>
