<peliculas><pelicula id="9358" emision="2003-01-31"><titulo>Final Destination 2</titulo><presupuesto>26000000</presupuesto><ingresos>90426405</ingresos><directores><director id="4755" nombre="David R. Ellis"/></directores><productores><productor id="21585" nombre="Craig Perry"/><productor id="21586" nombre="Warren Zide"/></productores><productoras><productora id="12" nombre="New Line Cinema"/></productoras></pelicula><pelicula id="12090" emision="2003-01-09"><titulo>Just Married</titulo><presupuesto>18000000</presupuesto><ingresos>101564935</ingresos><directores><director id="17825" nombre="Shawn Levy"/></directores><productores><productor id="29015" nombre="Robert Simonds"/></productores><productoras><productora id="306" nombre="Twentieth Century Fox Film Corporation"/></productoras></pelicula><pelicula id="9582" emision="2003-01-17"><titulo>A Guy Thing</titulo><presupuesto>20000000</presupuesto><ingresos>17432163</ingresos><directores><director id="58059" nombre="Chris Koch"/></directores><productores><productor id="8305" nombre="David Nicksay"/><productor id="33104" nombre="David Ladd"/></productores><productoras><productora id="8411" nombre="Metro-Goldwyn-Mayer (MGM)"/></productoras></pelicula><pelicula id="21525" emision="2003-01-23"><titulo>Tupac: Resurrection</titulo><presupuesto>300000</presupuesto><ingresos>7808524</ingresos><directores><director id="1110343" nombre="Lauren Lazin"/></directores><productores><productor id="1548000" nombre="Karolyn Ali"/></productores><productoras><productora id="4" nombre="Paramount Pictures"/></productoras></pelicula></peliculas>
