<peliculas><pelicula id="4347" emision="2007-08-29"><titulo>Atonement</titulo><presupuesto>30000000</presupuesto><ingresos>129266061</ingresos><directores><director id="36588" nombre="Joe Wright"/></directores><productores><productor id="2236" nombre="Tim Bevan"/><productor id="2238" nombre="Eric Fellner"/></productores><productoras><productora id="33" nombre="Universal Pictures"/><productora id="7295" nombre="Relativity Media"/></productoras></pelicula><pelicula id="8363" emision="2007-08-17"><titulo>Superbad</titulo><presupuesto>20000000</presupuesto><ingresos>121463226</ingresos><directores><director id="54733" nombre="Greg Mottola"/></directores><productores><productor id="41039" nombre="Judd Apatow"/><productor id="41076" nombre="Shauna Robertson"/></productores><productoras><productora id="5" nombre="Columbia Pictures"/></productoras></pelicula><pelicula id="11835" emision="2007-08-31"><titulo>Death Sentence</titulo><presupuesto>20000000</presupuesto><ingresos>16974459</ingresos><directores><director id="2127" nombre="James Wan"/></directores><productores><productor id="21478" nombre="Ashok Amritraj"/><productor id="53299" nombre="Howard Baldwin"/><productor id="53300" nombre="Karen Elise Baldwin"/></productores><productoras><productora id="306" nombre="Twentieth Century Fox Film Corporation"/><productora id="444" nombre="Dune Entertainment"/></productoras></pelicula><pelicula id="4858" emision="2007-08-17"><titulo>The Invasion</titulo><presupuesto>80000000</presupuesto><ingresos>15071514</ingresos><directores><director id="7832" nombre="Oliver Hirschbiegel"/><director id="11266" nombre="James McTeigue"/></directores><productores><productor id="1091" nombre="Joel Silver"/><productor id="11267" nombre="Jessica Alan"/><productor id="979152" nombre="David Gambino"/></productores><productoras><productora id="6194" nombre="Warner Bros."/><productora id="79" nombre="Village Roadshow Pictures"/></productoras></pelicula><pelicula id="2270" emision="2007-08-09"><titulo>Stardust</titulo><presupuesto>70000000</presupuesto><ingresos>135560026</ingresos><directores><director id="957" nombre="Matthew Vaughn"/></directores><productores><productor id="957" nombre="Matthew Vaughn"/><productor id="9776" nombre="Chantal Feghali"/><productor id="10952" nombre="Lorenzo di Bonaventura"/><productor id="23446" nombre="Neil Gaiman"/><productor id="23449" nombre="Michael Dreyer"/></productores><productoras><productora id="4" nombre="Paramount Pictures"/></productoras></pelicula><pelicula id="2503" emision="2007-08-03"><titulo>The Bourne Ultimatum</titulo><presupuesto>70000000</presupuesto><ingresos>442824138</ingresos><directores><director id="25598" nombre="Paul Greengrass"/></directores><productores><productor id="664" nombre="Frank Marshall"/><productor id="25600" nombre="Patrick Crowley"/><productor id="25604" nombre="Paul Sandberg"/><productor id="29403" nombre="Andrew R. Tennenbaum"/></productores><productoras><productora id="33" nombre="Universal Pictures"/></productoras></pelicula><pelicula id="5174" emision="2007-08-08"><titulo>Rush Hour 3</titulo><presupuesto>140000000</presupuesto><ingresos>258022233</ingresos><directores><director id="11091" nombre="Brett Ratner"/></directores><productores><productor id="4504" nombre="Roger Birnbaum"/><productor id="21635" nombre="Jonathan Glickman"/><productor id="21636" nombre="Arthur M. Sarkissian"/><productor id="41896" nombre="Jay Stern"/></productores><productoras><productora id="12" nombre="New Line Cinema"/></productoras></pelicula><pelicula id="4349" emision="2007-08-22"><titulo>The Kingdom</titulo><presupuesto>70000000</presupuesto><ingresos>86658558</ingresos><directores><director id="36602" nombre="Peter Berg"/></directores><productores><productor id="638" nombre="Michael Mann"/><productor id="5545" nombre="K.C. Hodenfield"/><productor id="19282" nombre="Scott Stuber"/><productor id="1128232" nombre="Tim Smythe"/><productor id="1128233" nombre="Maria Williams"/></productores><productoras><productora id="33" nombre="Universal Pictures"/><productora id="7295" nombre="Relativity Media"/></productoras></pelicula></peliculas>
