<peliculas><pelicula id="308266" emision="2016-08-17"><titulo>War Dogs</titulo><presupuesto>40000000</presupuesto><ingresos>86234523</ingresos><directores><director id="57130" nombre="Todd Phillips"/></directores><productores><productor id="6048" nombre="Mark Gordon"/><productor id="51329" nombre="Bradley Cooper"/><productor id="57130" nombre="Todd Phillips"/><productor id="59833" nombre="Scott Budnick"/><productor id="1102498" nombre="Bryan Zuriff"/></productores><productoras><productora id="6194" nombre="Warner Bros."/></productoras></pelicula><pelicula id="297761" emision="2016-08-02"><titulo>Suicide Squad</titulo><presupuesto>175000000</presupuesto><ingresos>745600054</ingresos><directores><director id="19769" nombre="David Ayer"/></directores><productores><productor id="282" nombre="Charles Roven"/><productor id="18953" nombre="Richard Suckle"/></productores><productoras><productora id="6194" nombre="Warner Bros."/><productora id="444" nombre="Dune Entertainment"/></productoras></pelicula><pelicula id="294272" emision="2016-08-10"><titulo>Pete's Dragon</titulo><presupuesto>65000000</presupuesto><ingresos>143695338</ingresos><directores><director id="592493" nombre="David Lowery"/></directores><productores><productor id="40375" nombre="James Whitaker"/></productores><productoras><productora id="2" nombre="Walt Disney Pictures"/></productoras></pelicula><pelicula id="271969" emision="2016-08-17"><titulo>Ben-Hur</titulo><presupuesto>100000000</presupuesto><ingresos>94061311</ingresos><directores><director id="23430" nombre="Timur Bekmambetov"/></directores><productores><productor id="6870" nombre="Duncan Henderson"/><productor id="7779" nombre="Sean Daniel"/><productor id="223609" nombre="Joni Levin"/><productor id="942904" nombre="Mark Burnett"/></productores><productoras><productora id="4" nombre="Paramount Pictures"/><productora id="8411" nombre="Metro-Goldwyn-Mayer (MGM)"/></productoras></pelicula></peliculas>
