<peliculas><pelicula id="15189" emision="2009-01-16"><titulo>Hotel for Dogs</titulo><presupuesto>35000000</presupuesto><ingresos>73034460</ingresos><directores><director id="109857" nombre="Thor Freudenthal"/></directores><productores/><productoras><productora id="27" nombre="DreamWorks SKG"/></productoras></pelicula><pelicula id="10521" emision="2009-01-09"><titulo>Bride Wars</titulo><presupuesto>30000000</presupuesto><ingresos>114663461</ingresos><directores><director id="17046" nombre="Gary Winick"/></directores><productores/><productoras><productora id="444" nombre="Dune Entertainment"/></productoras></pelicula><pelicula id="14560" emision="2009-01-15"><titulo>Paul Blart: Mall Cop</titulo><presupuesto>26000000</presupuesto><ingresos>183293131</ingresos><directores><director id="52112" nombre="Steve Carr"/></directores><productores><productor id="11772" nombre="Barry Bernardi"/><productor id="11814" nombre="Todd Garner"/><productor id="19292" nombre="Adam Sandler"/><productor id="20821" nombre="Jack Giarraputo"/><productor id="32895" nombre="Kevin James"/></productores><productoras><productora id="5" nombre="Columbia Pictures"/><productora id="7295" nombre="Relativity Media"/></productoras></pelicula><pelicula id="20002" emision="2009-01-16"><titulo>Chandni Chowk To China</titulo><presupuesto>10500000</presupuesto><ingresos>9400000</ingresos><directores><director id="35735" nombre="Nikhil Advani"/></directores><productores><productor id="85444" nombre="Mukesh Talreja"/><productor id="85445" nombre="Rohan Sippy"/><productor id="85446" nombre="Ramesh Sippy"/></productores><productoras><productora id="6194" nombre="Warner Bros."/></productoras></pelicula><pelicula id="13788" emision="2009-01-09"><titulo>The Unborn</titulo><presupuesto>16000000</presupuesto><ingresos>76514050</ingresos><directores><director id="3893" nombre="David S. Goyer"/></directores><productores><productor id="865" nombre="Michael Bay"/><productor id="54843" nombre="Andrew Form"/><productor id="54844" nombre="Bradley Fuller"/></productores><productoras><productora id="7295" nombre="Relativity Media"/></productoras></pelicula><pelicula id="7445" emision="2009-01-27"><titulo>Brothers</titulo><presupuesto>26000000</presupuesto><ingresos>43318349</ingresos><directores><director id="53334" nombre="Jim Sheridan"/></directores><productores><productor id="4767" nombre="Michael De Luca"/><productor id="6590" nombre="Sigurj&#xF3;n Sighvatsson"/><productor id="15282" nombre="Matt Battaglia"/><productor id="54419" nombre="Ryan Kavanaugh"/><productor id="72106" nombre="Ken Halsband"/><productor id="1117438" nombre="Mark Fischer"/></productores><productoras><productora id="7295" nombre="Relativity Media"/></productoras></pelicula></peliculas>
