<peliculas><pelicula id="109445" emision="2013-11-27"><titulo>Frozen</titulo><presupuesto>150000000</presupuesto><ingresos>1274219009</ingresos><directores><director id="15774" nombre="Chris Buck"/><director id="1120694" nombre="Jennifer Lee"/></directores><productores><productor id="61416" nombre="Peter Del Vecho"/></productores><productoras><productora id="2" nombre="Walt Disney Pictures"/></productoras></pelicula><pelicula id="140823" emision="2013-11-16"><titulo>Saving Mr. Banks</titulo><presupuesto>35000000</presupuesto><ingresos>112544580</ingresos><directores><director id="54040" nombre="John Lee Hancock"/></directores><productores><productor id="5541" nombre="Philip Steuer"/><productor id="37756" nombre="Alison Owen"/><productor id="1113484" nombre="Ian Collie"/></productores><productoras><productora id="2" nombre="Walt Disney Pictures"/></productoras></pelicula></peliculas>
