<peliculas><pelicula id="12222" emision="2008-03-03"><titulo>Horton Hears a Who!</titulo><presupuesto>85000000</presupuesto><ingresos>297138014</ingresos><directores><director id="8029" nombre="Jimmy Hayward"/><director id="71729" nombre="Steve Martino"/></directores><productores><productor id="71730" nombre="Bob Gordon"/><productor id="535878" nombre="Bruce Anderson"/></productores><productoras><productora id="306" nombre="Twentieth Century Fox Film Corporation"/></productoras></pelicula><pelicula id="8988" emision="2008-03-28"><titulo>Stop-Loss</titulo><presupuesto>25000000</presupuesto><ingresos>11207130</ingresos><directores><director id="2836" nombre="Kimberly Peirce"/></directores><productores><productor id="2836" nombre="Kimberly Peirce"/><productor id="2997" nombre="Scott Rudin"/><productor id="6488" nombre="Mark Roybal"/><productor id="120606" nombre="Gregory Goodman"/></productores><productoras><productora id="4" nombre="Paramount Pictures"/></productoras></pelicula><pelicula id="4942" emision="2008-03-24"><titulo>Leatherheads</titulo><presupuesto>58000000</presupuesto><ingresos>41299492</ingresos><directores><director id="1461" nombre="George Clooney"/></directores><productores><productor id="1461" nombre="George Clooney"/><productor id="20802" nombre="Casey Silver"/><productor id="31511" nombre="Grant Heslov"/></productores><productoras><productora id="33" nombre="Universal Pictures"/></productoras></pelicula><pelicula id="13001" emision="2008-03-11"><titulo>Stargate: The Ark of Truth</titulo><presupuesto>7000000</presupuesto><ingresos>8900000</ingresos><directores><director id="27745" nombre="Robert C. Cooper"/></directores><productores><productor id="27745" nombre="Robert C. Cooper"/><productor id="72082" nombre="Brad Wright"/><productor id="74082" nombre="John G. Lenic"/><productor id="74083" nombre="Allison Volk"/></productores><productoras><productora id="8411" nombre="Metro-Goldwyn-Mayer (MGM)"/></productoras></pelicula><pelicula id="8065" emision="2008-03-27"><titulo>21</titulo><presupuesto>35000000</presupuesto><ingresos>69823199</ingresos><directores><director id="36797" nombre="Robert Luketic"/></directores><productores><productor id="4767" nombre="Michael De Luca"/><productor id="54417" nombre="Dana Brunetti"/></productores><productoras><productora id="5" nombre="Columbia Pictures"/><productora id="7295" nombre="Relativity Media"/></productoras></pelicula></peliculas>
