<peliculas><pelicula id="82505" emision="2012-09-21"><titulo>House at the End of the Street</titulo><presupuesto>6900000</presupuesto><ingresos>44287131</ingresos><directores><director id="86482" nombre="Mark Tonderai"/></directores><productores><productor id="554" nombre="Aaron Ryder"/><productor id="7227" nombre="Hal Lieberman"/><productor id="51030" nombre="Peter Block"/></productores><productoras><productora id="7295" nombre="Relativity Media"/></productoras></pelicula><pelicula id="82675" emision="2012-09-27"><titulo>Taken 2</titulo><presupuesto>45000000</presupuesto><ingresos>376141306</ingresos><directores><director id="75035" nombre="Olivier Megaton"/></directores><productores><productor id="59" nombre="Luc Besson"/></productores><productoras><productora id="306" nombre="Twentieth Century Fox Film Corporation"/></productoras></pelicula><pelicula id="76492" emision="2012-09-20"><titulo>Hotel Transylvania</titulo><presupuesto>85000000</presupuesto><ingresos>358375603</ingresos><directores><director id="185438" nombre="Genndy Tartakovsky"/></directores><productores><productor id="52700" nombre="Michelle Murdocca"/></productores><productoras><productora id="5" nombre="Columbia Pictures"/></productoras></pelicula></peliculas>
