<peliculas><pelicula id="46889" emision="1998-10-30"><titulo>Living Out Loud</titulo><presupuesto>12000000</presupuesto><ingresos>12902790</ingresos><directores><director id="2163" nombre="Richard LaGravenese"/></directores><productores><productor id="518" nombre="Danny DeVito"/><productor id="5381" nombre="Michael Shamberg"/><productor id="5382" nombre="Stacey Sher"/></productores><productoras><productora id="12" nombre="New Line Cinema"/></productoras></pelicula><pelicula id="9429" emision="1998-10-01"><titulo>A Night at the Roxbury</titulo><presupuesto>17000000</presupuesto><ingresos>30331165</ingresos><directores><director id="58316" nombre="John Fortenberry"/></directores><productores><productor id="57434" nombre="Amy Heckerling"/></productores><productoras><productora id="4" nombre="Paramount Pictures"/></productoras></pelicula><pelicula id="11932" emision="1998-10-16"><titulo>Bride of Chucky</titulo><presupuesto>25000000</presupuesto><ingresos>50671850</ingresos><directores><director id="17268" nombre="Ronny Yu"/></directores><productores><productor id="13596" nombre="David Kirschner"/><productor id="70955" nombre="Grace Gilroy"/></productores><productoras><productora id="33" nombre="Universal Pictures"/></productoras></pelicula><pelicula id="73" emision="1998-10-30"><titulo>American History X</titulo><presupuesto>20000000</presupuesto><ingresos>23875127</ingresos><directores><director id="814" nombre="Tony Kaye"/></directores><productores><productor id="816" nombre="John Morrissey"/></productores><productoras><productora id="12" nombre="New Line Cinema"/></productoras></pelicula><pelicula id="6435" emision="1998-10-16"><titulo>Practical Magic</titulo><presupuesto>75000000</presupuesto><ingresos>46683377</ingresos><directores><director id="2171" nombre="Griffin Dunne"/></directores><productores><productor id="1899" nombre="Denise Di Novi"/></productores><productoras><productora id="6194" nombre="Warner Bros."/><productora id="79" nombre="Village Roadshow Pictures"/></productoras></pelicula><pelicula id="8916" emision="1998-10-02"><titulo>Antz</titulo><presupuesto>60000000</presupuesto><ingresos>171757863</ingresos><directores><director id="18863" nombre="Eric Darnell"/><director id="52870" nombre="Tim Johnson"/></directores><productores><productor id="12106" nombre="Aron Warner"/><productor id="32532" nombre="Brad Lewis"/><productor id="56269" nombre="Patty Wooton"/></productores><productoras><productora id="27" nombre="DreamWorks SKG"/><productora id="521" nombre="DreamWorks Animation"/></productoras></pelicula><pelicula id="9425" emision="1998-10-23"><titulo>Soldier</titulo><presupuesto>75000000</presupuesto><ingresos>14567883</ingresos><directores><director id="4014" nombre="Paul W.S. Anderson"/></directores><productores><productor id="1888" nombre="Jerry Weintraub"/><productor id="4700" nombre="James G. Robinson"/></productores><productoras><productora id="6194" nombre="Warner Bros."/></productoras></pelicula></peliculas>
