<peliculas><pelicula id="10195" emision="2011-04-21"><titulo>Thor</titulo><presupuesto>150000000</presupuesto><ingresos>449326618</ingresos><directores><director id="11181" nombre="Kenneth Branagh"/></directores><productores><productor id="10850" nombre="Kevin Feige"/></productores><productoras><productora id="420" nombre="Marvel Studios"/></productoras></pelicula><pelicula id="51588" emision="2011-04-29"><titulo>Prom</titulo><presupuesto>8000000</presupuesto><ingresos>10130000</ingresos><directores><director id="54597" nombre="Joe Nussbaum"/></directores><productores><productor id="1886" nombre="Ted Griffin"/><productor id="970765" nombre="Justin Springer"/></productores><productoras><productora id="2" nombre="Walt Disney Pictures"/></productoras></pelicula><pelicula id="38319" emision="2011-04-08"><titulo>Your Highness</titulo><presupuesto>49900000</presupuesto><ingresos>26121638</ingresos><directores><director id="64141" nombre="David Gordon Green"/></directores><productores><productor id="19282" nombre="Scott Stuber"/></productores><productoras><productora id="33" nombre="Universal Pictures"/></productoras></pelicula><pelicula id="55721" emision="2011-04-28"><titulo>Bridesmaids</titulo><presupuesto>32500000</presupuesto><ingresos>288383523</ingresos><directores><director id="116805" nombre="Paul Feig"/></directores><productores><productor id="3184" nombre="Clayton Townsend"/><productor id="5664" nombre="Barry Mendel"/><productor id="41039" nombre="Judd Apatow"/></productores><productoras><productora id="33" nombre="Universal Pictures"/><productora id="7295" nombre="Relativity Media"/></productoras></pelicula><pelicula id="49012" emision="2011-04-08"><titulo>Arthur</titulo><presupuesto>40000000</presupuesto><ingresos>45735397</ingresos><directores><director id="141675" nombre="Jason Winer"/></directores><productores><productor id="298" nombre="Chris Bender"/><productor id="17630" nombre="Michael Tadross"/><productor id="56932" nombre="Kevin McCormick"/></productores><productoras><productora id="6194" nombre="Warner Bros."/></productoras></pelicula><pelicula id="51162" emision="2011-04-13"><titulo>Winnie the Pooh</titulo><presupuesto>30000000</presupuesto><ingresos>14460000</ingresos><directores><director id="227438" nombre="Stephen Anderson"/><director id="227439" nombre="Don Hall"/></directores><productores><productor id="61416" nombre="Peter Del Vecho"/></productores><productoras><productora id="2" nombre="Walt Disney Pictures"/></productoras></pelicula><pelicula id="51497" emision="2011-04-20"><titulo>Fast Five</titulo><presupuesto>125000000</presupuesto><ingresos>626137675</ingresos><directores><director id="58189" nombre="Justin Lin"/></directores><productores><productor id="8181" nombre="Michael Fottrell"/><productor id="11874" nombre="Neal H. Moritz"/><productor id="12835" nombre="Vin Diesel"/></productores><productoras><productora id="33" nombre="Universal Pictures"/></productoras></pelicula></peliculas>
