<peliculas><pelicula id="294254" emision="2015-09-09"><titulo>Maze Runner: The Scorch Trials</titulo><presupuesto>61000000</presupuesto><ingresos>311256926</ingresos><directores><director id="1179066" nombre="Wes Ball"/></directores><productores><productor id="6040" nombre="Wyck Godfrey"/><productor id="25046" nombre="Marty Bowen"/><productor id="91161" nombre="Joe Hartwick Jr."/><productor id="1257754" nombre="Ellen Goldsmith-Vein"/><productor id="1328142" nombre="Lee Stollman"/></productores><productoras><productora id="22213" nombre="TSG Entertainment"/></productoras></pelicula><pelicula id="286217" emision="2015-09-30"><titulo>The Martian</titulo><presupuesto>108000000</presupuesto><ingresos>630161890</ingresos><directores><director id="578" nombre="Ridley Scott"/></directores><productores><productor id="578" nombre="Ridley Scott"/><productor id="8401" nombre="Mark Huffam"/><productor id="11092" nombre="Simon Kinberg"/><productor id="22498" nombre="Michael Schaefer"/></productores><productoras><productora id="306" nombre="Twentieth Century Fox Film Corporation"/><productora id="22213" nombre="TSG Entertainment"/></productoras></pelicula><pelicula id="159824" emision="2015-09-21"><titulo>Hotel Transylvania 2</titulo><presupuesto>80000000</presupuesto><ingresos>473226958</ingresos><directores><director id="185438" nombre="Genndy Tartakovsky"/></directores><productores><productor id="53684" nombre="Robert Smigel"/></productores><productoras><productora id="5" nombre="Columbia Pictures"/></productoras></pelicula><pelicula id="253412" emision="2015-09-10"><titulo>Everest</titulo><presupuesto>55000000</presupuesto><ingresos>203427584</ingresos><directores><director id="67813" nombre="Baltasar Korm&#xE1;kur"/></directores><productores><productor id="1266" nombre="Nicky Kentish Barnes"/><productor id="2236" nombre="Tim Bevan"/><productor id="2238" nombre="Eric Fellner"/><productor id="57049" nombre="Brian Oliver"/><productor id="67813" nombre="Baltasar Korm&#xE1;kur"/><productor id="158401" nombre="Tyler Thompson"/><productor id="1017234" nombre="Evan Hayes"/></productores><productoras><productora id="33" nombre="Universal Pictures"/></productoras></pelicula><pelicula id="266647" emision="2015-09-24"><titulo>Pan</titulo><presupuesto>150000000</presupuesto><ingresos>128388320</ingresos><directores><director id="36588" nombre="Joe Wright"/></directores><productores><productor id="21378" nombre="Paul Webster"/><productor id="88967" nombre="Greg Berlanti"/><productor id="1395152" nombre="Sarah Schechter"/></productores><productoras><productora id="6194" nombre="Warner Bros."/></productoras></pelicula><pelicula id="257211" emision="2015-09-24"><titulo>The Intern</titulo><presupuesto>35000000</presupuesto><ingresos>194564672</ingresos><directores><director id="17698" nombre="Nancy Meyers"/></directores><productores><productor id="17698" nombre="Nancy Meyers"/><productor id="1123348" nombre="Suzanne McNeill Farwell"/></productores><productoras><productora id="6194" nombre="Warner Bros."/></productoras></pelicula></peliculas>
