<peliculas><pelicula id="2698" emision="2007-06-09"><titulo>Evan Almighty</titulo><presupuesto>175000000</presupuesto><ingresos>173000000</ingresos><directores><director id="4499" nombre="Tom Shadyac"/></directores><productores><productor id="4499" nombre="Tom Shadyac"/><productor id="4504" nombre="Roger Birnbaum"/><productor id="4505" nombre="Michael Bostick"/><productor id="4507" nombre="Gary Barber"/><productor id="11874" nombre="Neal H. Moritz"/></productores><productoras><productora id="33" nombre="Universal Pictures"/><productora id="5" nombre="Columbia Pictures"/><productora id="7295" nombre="Relativity Media"/></productoras></pelicula><pelicula id="1979" emision="2007-06-13"><titulo>Fantastic 4: Rise of the Silver Surfer</titulo><presupuesto>130000000</presupuesto><ingresos>289047763</ingresos><directores><director id="20400" nombre="Tim Story"/></directores><productores><productor id="673" nombre="Bernd Eichinger"/><productor id="2095" nombre="Ralph Winter"/><productor id="7626" nombre="Avi Arad"/></productores><productoras><productora id="306" nombre="Twentieth Century Fox Film Corporation"/><productora id="444" nombre="Dune Entertainment"/></productoras></pelicula><pelicula id="2062" emision="2007-06-22"><titulo>Ratatouille</titulo><presupuesto>150000000</presupuesto><ingresos>623722818</ingresos><directores><director id="7087" nombre="Brad Bird"/><director id="7930" nombre="Jan Pinkava"/></directores><productores><productor id="32532" nombre="Brad Lewis"/></productores><productoras><productora id="2" nombre="Walt Disney Pictures"/><productora id="3" nombre="Pixar Animation Studios"/></productoras></pelicula><pelicula id="1571" emision="2007-06-20"><titulo>Live Free or Die Hard</titulo><presupuesto>110000000</presupuesto><ingresos>383531464</ingresos><directores><director id="3950" nombre="Len Wiseman"/></directores><productores><productor id="8181" nombre="Michael Fottrell"/></productores><productoras><productora id="306" nombre="Twentieth Century Fox Film Corporation"/><productora id="444" nombre="Dune Entertainment"/></productoras></pelicula><pelicula id="675" emision="2007-06-28"><titulo>Harry Potter and the Order of the Phoenix</titulo><presupuesto>150000000</presupuesto><ingresos>938212738</ingresos><directores><director id="11343" nombre="David Yates"/></directores><productores><productor id="10968" nombre="David Heyman"/></productores><productoras><productora id="6194" nombre="Warner Bros."/></productoras></pelicula><pelicula id="1858" emision="2007-06-27"><titulo>Transformers</titulo><presupuesto>150000000</presupuesto><ingresos>709709780</ingresos><directores><director id="865" nombre="Michael Bay"/></directores><productores><productor id="3183" nombre="Don Murphy"/><productor id="9987" nombre="Ian Bryce"/><productor id="10952" nombre="Lorenzo di Bonaventura"/><productor id="10994" nombre="Tom DeSanto"/></productores><productoras><productora id="4" nombre="Paramount Pictures"/><productora id="56" nombre="Amblin Entertainment"/><productora id="27" nombre="DreamWorks SKG"/></productoras></pelicula><pelicula id="4964" emision="2007-06-01"><titulo>Knocked Up</titulo><presupuesto>30000000</presupuesto><ingresos>219076518</ingresos><directores><director id="41039" nombre="Judd Apatow"/></directores><productores><productor id="3184" nombre="Clayton Townsend"/><productor id="41039" nombre="Judd Apatow"/><productor id="41076" nombre="Shauna Robertson"/></productores><productoras><productora id="33" nombre="Universal Pictures"/></productoras></pelicula><pelicula id="9408" emision="2007-06-08"><titulo>Surf's Up</titulo><presupuesto>85000000</presupuesto><ingresos>149044513</ingresos><directores><director id="12905" nombre="Ash Brannon"/><director id="15774" nombre="Chris Buck"/></directores><productores><productor id="58421" nombre="Christopher Jenkins"/><productor id="1118709" nombre="Lydia Bottegoni"/></productores><productoras><productora id="5" nombre="Columbia Pictures"/></productoras></pelicula><pelicula id="3432" emision="2007-06-01"><titulo>Mr. Brooks</titulo><presupuesto>20000000</presupuesto><ingresos>41637263</ingresos><directores><director id="3028" nombre="Bruce A. Evans"/></directores><productores><productor id="1269" nombre="Kevin Costner"/><productor id="3029" nombre="Raynold Gideon"/><productor id="7847" nombre="Jim Wilson"/></productores><productoras><productora id="7295" nombre="Relativity Media"/></productoras></pelicula><pelicula id="298" emision="2007-06-07"><titulo>Ocean's Thirteen</titulo><presupuesto>85000000</presupuesto><ingresos>311312624</ingresos><directores><director id="1884" nombre="Steven Soderbergh"/></directores><productores><productor id="1888" nombre="Jerry Weintraub"/></productores><productoras><productora id="6194" nombre="Warner Bros."/><productora id="79" nombre="Village Roadshow Pictures"/></productoras></pelicula></peliculas>
