<peliculas><pelicula id="20048" emision="2009-02-05"><titulo>Confessions of a Shopaholic</titulo><presupuesto>40000000</presupuesto><ingresos>108332743</ingresos><directores><director id="3045" nombre="P.J. Hogan"/></directores><productores><productor id="770" nombre="Jerry Bruckheimer"/></productores><productoras><productora id="9195" nombre="Touchstone Pictures"/></productoras></pelicula><pelicula id="10184" emision="2009-02-06"><titulo>He's Just Not That Into You</titulo><presupuesto>40000000</presupuesto><ingresos>177259441</ingresos><directores><director id="29009" nombre="Ken Kwapis"/></directores><productores/><productoras><productora id="12" nombre="New Line Cinema"/></productoras></pelicula><pelicula id="13207" emision="2009-02-11"><titulo>Friday the 13th</titulo><presupuesto>19000000</presupuesto><ingresos>91379051</ingresos><directores><director id="29922" nombre="Marcus Nispel"/></directores><productores><productor id="865" nombre="Michael Bay"/><productor id="35475" nombre="Sean S. Cunningham"/></productores><productoras><productora id="12" nombre="New Line Cinema"/></productoras></pelicula><pelicula id="15268" emision="2009-02-27"><titulo>Street Fighter: The Legend of Chun-Li</titulo><presupuesto>50000000</presupuesto><ingresos>12764201</ingresos><directores><director id="10765" nombre="Andrzej Bartkowiak"/></directores><productores/><productoras><productora id="306" nombre="Twentieth Century Fox Film Corporation"/></productoras></pelicula></peliculas>
