<peliculas><pelicula id="80035" emision="2012-07-26"><titulo>The Watch</titulo><presupuesto>68000000</presupuesto><ingresos>68267862</ingresos><directores><director id="62854" nombre="Akiva Schaffer"/></directores><productores><productor id="17825" nombre="Shawn Levy"/></productores><productoras><productora id="306" nombre="Twentieth Century Fox Film Corporation"/><productora id="444" nombre="Dune Entertainment"/></productoras></pelicula><pelicula id="82525" emision="2012-07-06"><titulo>Savages</titulo><presupuesto>45000000</presupuesto><ingresos>82966152</ingresos><directores><director id="1152" nombre="Oliver Stone"/></directores><productores><productor id="20295" nombre="Moritz Borman"/><productor id="53757" nombre="Eric Kopeloff"/><productor id="928143" nombre="Evan Bates"/></productores><productoras><productora id="7295" nombre="Relativity Media"/></productoras></pelicula><pelicula id="49026" emision="2012-07-16"><titulo>The Dark Knight Rises</titulo><presupuesto>250000000</presupuesto><ingresos>1084939099</ingresos><directores><director id="525" nombre="Christopher Nolan"/></directores><productores><productor id="282" nombre="Charles Roven"/><productor id="525" nombre="Christopher Nolan"/><productor id="556" nombre="Emma Thomas"/></productores><productoras><productora id="6194" nombre="Warner Bros."/><productora id="923" nombre="Legendary Pictures"/></productoras></pelicula></peliculas>
