<peliculas><pelicula id="20856" emision="2009-07-31"><titulo>Aliens in the Attic</titulo><presupuesto>45000000</presupuesto><ingresos>57881056</ingresos><directores><director id="79656" nombre="John Schultz"/></directores><productores/><productoras><productora id="306" nombre="Twentieth Century Fox Film Corporation"/></productoras></pelicula><pelicula id="20829" emision="2009-07-31"><titulo>Funny People</titulo><presupuesto>75000000</presupuesto><ingresos>61458982</ingresos><directores><director id="41039" nombre="Judd Apatow"/></directores><productores><productor id="3184" nombre="Clayton Townsend"/><productor id="5664" nombre="Barry Mendel"/><productor id="41039" nombre="Judd Apatow"/><productor id="184582" nombre="Brendan O'Brien"/><productor id="1085179" nombre="Andrew J. Cohen"/></productores><productoras><productora id="33" nombre="Universal Pictures"/><productora id="5" nombre="Columbia Pictures"/><productora id="7295" nombre="Relativity Media"/></productoras></pelicula><pelicula id="20943" emision="2009-07-24"><titulo>The Ugly Truth</titulo><presupuesto>38000000</presupuesto><ingresos>205298907</ingresos><directores><director id="36797" nombre="Robert Luketic"/></directores><productores><productor id="1202" nombre="Steven Reuther"/><productor id="3953" nombre="Gary Lucchesi"/><productor id="67390" nombre="Deborah Jelin Newmyer"/><productor id="68602" nombre="Tom Rosenberg"/><productor id="1493074" nombre="Kimberly di Bonaventura"/></productores><productoras><productora id="7295" nombre="Relativity Media"/></productoras></pelicula><pelicula id="767" emision="2009-07-07"><titulo>Harry Potter and the Half-Blood Prince</titulo><presupuesto>250000000</presupuesto><ingresos>933959197</ingresos><directores><director id="11343" nombre="David Yates"/></directores><productores><productor id="10968" nombre="David Heyman"/><productor id="65614" nombre="David Barron"/><productor id="89320" nombre="Tim Lewis"/></productores><productoras><productora id="6194" nombre="Warner Bros."/></productoras></pelicula><pelicula id="19585" emision="2009-07-21"><titulo>G-Force</titulo><presupuesto>150000000</presupuesto><ingresos>292817841</ingresos><directores><director id="84851" nombre="Hoyt Yeatman"/></directores><productores/><productoras><productora id="2" nombre="Walt Disney Pictures"/></productoras></pelicula><pelicula id="11322" emision="2009-07-01"><titulo>Public Enemies</titulo><presupuesto>80000000</presupuesto><ingresos>214104620</ingresos><directores><director id="638" nombre="Michael Mann"/></directores><productores><productor id="638" nombre="Michael Mann"/><productor id="57343" nombre="Kevin Misher"/></productores><productoras><productora id="33" nombre="Universal Pictures"/><productora id="7295" nombre="Relativity Media"/></productoras></pelicula></peliculas>
