<peliculas><pelicula id="591" emision="2006-05-17"><titulo>The Da Vinci Code</titulo><presupuesto>125000000</presupuesto><ingresos>767820459</ingresos><directores><director id="6159" nombre="Ron Howard"/></directores><productores><productor id="339" nombre="Brian Grazer"/><productor id="6159" nombre="Ron Howard"/><productor id="6186" nombre="Kathleen McGill"/><productor id="6188" nombre="Louisa Velis"/><productor id="8406" nombre="John Calley"/></productores><productoras><productora id="5" nombre="Columbia Pictures"/></productoras></pelicula><pelicula id="1887" emision="2006-05-24"><titulo>Marie Antoinette</titulo><presupuesto>40000000</presupuesto><ingresos>60474340</ingresos><directores><director id="1769" nombre="Sofia Coppola"/></directores><productores><productor id="1769" nombre="Sofia Coppola"/><productor id="1777" nombre="Ross Katz"/><productor id="19770" nombre="Callum Greene"/></productores><productoras><productora id="441" nombre="Columbia Pictures Corporation"/></productoras></pelicula><pelicula id="956" emision="2006-05-03"><titulo>Mission: Impossible III</titulo><presupuesto>150000000</presupuesto><ingresos>397850012</ingresos><directores><director id="15344" nombre="J.J. Abrams"/></directores><productores><productor id="500" nombre="Tom Cruise"/><productor id="9183" nombre="Paula Wagner"/></productores><productoras><productora id="4" nombre="Paramount Pictures"/></productoras></pelicula><pelicula id="503" emision="2006-05-12"><titulo>Poseidon</titulo><presupuesto>160000000</presupuesto><ingresos>181674817</ingresos><directores><director id="5231" nombre="Wolfgang Petersen"/></directores><productores><productor id="5231" nombre="Wolfgang Petersen"/><productor id="5575" nombre="Akiva Goldsman"/><productor id="6866" nombre="Todd Arnow"/><productor id="6867" nombre="Chris Briggs"/><productor id="6869" nombre="Mike Fleiss"/><productor id="6870" nombre="Duncan Henderson"/><productor id="6871" nombre="Barbara Huber"/><productor id="6873" nombre="Kimberly Miller"/><productor id="61091" nombre="Jon Jashni"/></productores><productoras><productora id="6194" nombre="Warner Bros."/></productoras></pelicula><pelicula id="4723" emision="2006-05-15"><titulo>Southland Tales</titulo><presupuesto>17000000</presupuesto><ingresos>374743</ingresos><directores><director id="1577" nombre="Richard Kelly"/></directores><productores><productor id="1587" nombre="Sean McKittrick"/><productor id="39118" nombre="Bo Hyde"/><productor id="39119" nombre="Kendall Morgan"/><productor id="39120" nombre="Matthew Rhodes"/></productores><productoras><productora id="33" nombre="Universal Pictures"/></productoras></pelicula><pelicula id="36668" emision="2006-05-24"><titulo>X-Men: The Last Stand</titulo><presupuesto>210000000</presupuesto><ingresos>459359555</ingresos><directores><director id="11091" nombre="Brett Ratner"/></directores><productores><productor id="2095" nombre="Ralph Winter"/><productor id="7200" nombre="Lauren Shuler Donner"/><productor id="7626" nombre="Avi Arad"/></productores><productoras><productora id="306" nombre="Twentieth Century Fox Film Corporation"/><productora id="444" nombre="Dune Entertainment"/></productoras></pelicula></peliculas>
