<peliculas><pelicula id="16523" emision="2009-10-16"><titulo>Where the Wild Things Are</titulo><presupuesto>100000000</presupuesto><ingresos>100086793</ingresos><directores><director id="5953" nombre="Spike Jonze"/></directores><productores><productor id="31" nombre="Tom Hanks"/><productor id="6955" nombre="Vincent Landay"/><productor id="27098" nombre="Gary Goetzman"/><productor id="52693" nombre="John B. Carls"/><productor id="110564" nombre="Maurice Sendak"/></productores><productoras><productora id="6194" nombre="Warner Bros."/><productora id="79" nombre="Village Roadshow Pictures"/><productora id="923" nombre="Legendary Pictures"/></productoras></pelicula><pelicula id="14161" emision="2009-10-10"><titulo>2012</titulo><presupuesto>200000000</presupuesto><ingresos>769653595</ingresos><directores><director id="6046" nombre="Roland Emmerich"/></directores><productores><productor id="511" nombre="Larry J. Franco"/><productor id="5430" nombre="Harald Kloser"/><productor id="6048" nombre="Mark Gordon"/><productor id="27952" nombre="Volker Engel"/><productor id="947478" nombre="Marc Weigert"/><productor id="1102080" nombre="Aaron Boyd"/><productor id="1102081" nombre="Kirstin Winkler"/></productores><productoras><productora id="5" nombre="Columbia Pictures"/></productoras></pelicula><pelicula id="10315" emision="2009-10-23"><titulo>Fantastic Mr. Fox</titulo><presupuesto>40000000</presupuesto><ingresos>46471023</ingresos><directores><director id="5655" nombre="Wes Anderson"/></directores><productores/><productoras><productora id="306" nombre="Twentieth Century Fox Film Corporation"/></productoras></pelicula><pelicula id="12573" emision="2009-10-02"><titulo>A Serious Man</titulo><presupuesto>7000000</presupuesto><ingresos>31430334</ingresos><directores><director id="1223" nombre="Joel Coen"/><director id="1224" nombre="Ethan Coen"/></directores><productores><productor id="1223" nombre="Joel Coen"/><productor id="1224" nombre="Ethan Coen"/></productores><productoras><productora id="7295" nombre="Relativity Media"/></productoras></pelicula><pelicula id="19908" emision="2009-10-07"><titulo>Zombieland</titulo><presupuesto>23600000</presupuesto><ingresos>102391382</ingresos><directores><director id="91268" nombre="Ruben Fleischer"/></directores><productores><productor id="35974" nombre="Gavin Polone"/></productores><productoras><productora id="5" nombre="Columbia Pictures"/><productora id="7295" nombre="Relativity Media"/></productoras></pelicula><pelicula id="24418" emision="2009-10-23"><titulo>Cirque du Freak: The Vampire's Assistant</titulo><presupuesto>40000000</presupuesto><ingresos>28169671</ingresos><directores><director id="3289" nombre="Paul Weitz"/></directores><productores/><productoras><productora id="33" nombre="Universal Pictures"/></productoras></pelicula></peliculas>
