<peliculas><pelicula id="816" emision="1997-05-02"><titulo>Austin Powers: International Man of Mystery</titulo><presupuesto>16500000</presupuesto><ingresos>67683989</ingresos><directores><director id="6737" nombre="Jay Roach"/></directores><productores><productor id="550" nombre="Jennifer Todd"/><productor id="551" nombre="Suzanne Todd"/><productor id="3416" nombre="Demi Moore"/></productores><productoras><productora id="12" nombre="New Line Cinema"/></productoras></pelicula><pelicula id="330" emision="1997-05-23"><titulo>The Lost World: Jurassic Park</titulo><presupuesto>73000000</presupuesto><ingresos>229074524</ingresos><directores><director id="488" nombre="Steven Spielberg"/></directores><productores><productor id="490" nombre="Colin Wilson"/><productor id="2211" nombre="Gerald R. Molen"/></productores><productoras><productora id="33" nombre="Universal Pictures"/><productora id="56" nombre="Amblin Entertainment"/></productoras></pelicula><pelicula id="2163" emision="1997-05-02"><titulo>Breakdown</titulo><presupuesto>36000000</presupuesto><ingresos>50159144</ingresos><directores><director id="7213" nombre="Jonathan Mostow"/></directores><productores><productor id="5398" nombre="Dino De Laurentiis"/><productor id="19051" nombre="Martha De Laurentiis"/></productores><productoras><productora id="4" nombre="Paramount Pictures"/></productoras></pelicula><pelicula id="18" emision="1997-05-07"><titulo>The Fifth Element</titulo><presupuesto>90000000</presupuesto><ingresos>263920180</ingresos><directores><director id="59" nombre="Luc Besson"/></directores><productores><productor id="60" nombre="Patrice Ledoux"/></productores><productoras><productora id="5" nombre="Columbia Pictures"/></productoras></pelicula></peliculas>
