<peliculas><pelicula id="16871" emision="2009-03-15"><titulo>Drag Me to Hell</titulo><presupuesto>30000000</presupuesto><ingresos>90810892</ingresos><directores><director id="7623" nombre="Sam Raimi"/></directores><productores><productor id="7628" nombre="Grant Curtis"/><productor id="11359" nombre="Robert Tapert"/></productores><productoras><productora id="33" nombre="Universal Pictures"/></productoras></pelicula><pelicula id="13836" emision="2009-03-12"><titulo>Race to Witch Mountain</titulo><presupuesto>50000000</presupuesto><ingresos>106303988</ingresos><directores><director id="58375" nombre="Andy Fickman"/></directores><productores/><productoras><productora id="2" nombre="Walt Disney Pictures"/></productoras></pelicula><pelicula id="16996" emision="2009-03-11"><titulo>17 Again</titulo><presupuesto>20000000</presupuesto><ingresos>136267476</ingresos><directores><director id="58552" nombre="Burr Steers"/></directores><productores><productor id="20739" nombre="Adam Shankman"/><productor id="20742" nombre="Jennifer Gibgot"/></productores><productoras><productora id="12" nombre="New Line Cinema"/></productoras></pelicula><pelicula id="13183" emision="2009-03-05"><titulo>Watchmen</titulo><presupuesto>130000000</presupuesto><ingresos>185258983</ingresos><directores><director id="15217" nombre="Zack Snyder"/></directores><productores><productor id="1093" nombre="Lawrence Gordon"/><productor id="1993" nombre="Lloyd Levin"/><productor id="79242" nombre="Wesley Coller"/><productor id="79243" nombre="Deborah Snyder"/></productores><productoras><productora id="6194" nombre="Warner Bros."/><productora id="4" nombre="Paramount Pictures"/><productora id="923" nombre="Legendary Pictures"/></productoras></pelicula><pelicula id="16558" emision="2009-03-19"><titulo>Duplicity</titulo><presupuesto>78146652</presupuesto><ingresos>60000000</ingresos><directores><director id="19242" nombre="Tony Gilroy"/></directores><productores><productor id="2946" nombre="Jennifer Fox"/><productor id="21706" nombre="Laura Bickford"/><productor id="38082" nombre="Kerry Orent"/></productores><productoras><productora id="33" nombre="Universal Pictures"/><productora id="7295" nombre="Relativity Media"/></productoras></pelicula><pelicula id="15512" emision="2009-03-19"><titulo>Monsters vs Aliens</titulo><presupuesto>175000000</presupuesto><ingresos>381509870</ingresos><directores><director id="12080" nombre="Conrad Vernon"/><director id="65630" nombre="Rob Letterman"/></directores><productores/><productoras><productora id="521" nombre="DreamWorks Animation"/></productoras></pelicula></peliculas>
