<peliculas><pelicula id="9410" emision="1998-01-19"><titulo>Great Expectations</titulo><presupuesto>25000000</presupuesto><ingresos>55494066</ingresos><directores><director id="11218" nombre="Alfonso Cuar&#xF3;n"/></directores><productores/><productoras><productora id="306" nombre="Twentieth Century Fox Film Corporation"/></productoras></pelicula><pelicula id="16148" emision="1998-01-30"><titulo>Zero Effect</titulo><presupuesto>5000000</presupuesto><ingresos>1980338</ingresos><directores><director id="51851" nombre="Jake Kasdan"/></directores><productores><productor id="21015" nombre="Janet Yang"/><productor id="51851" nombre="Jake Kasdan"/><productor id="79665" nombre="Naomi Despres"/><productor id="79666" nombre="Lisa Henson"/></productores><productoras><productora id="441" nombre="Columbia Pictures Corporation"/></productoras></pelicula><pelicula id="11258" emision="1998-01-16"><titulo>Hard Rain</titulo><presupuesto>70000000</presupuesto><ingresos>19870567</ingresos><directores><director id="30149" nombre="Mikael Salomon"/></directores><productores><productor id="284" nombre="Gary Levinsohn"/><productor id="6048" nombre="Mark Gordon"/><productor id="9987" nombre="Ian Bryce"/><productor id="62045" nombre="Art Levinson"/></productores><productoras><productora id="4" nombre="Paramount Pictures"/></productoras></pelicula><pelicula id="9490" emision="1998-01-16"><titulo>Half Baked</titulo><presupuesto>8000000</presupuesto><ingresos>17460020</ingresos><directores><director id="57691" nombre="Tamra Davis"/></directores><productores><productor id="4169" nombre="Dave Chappelle"/><productor id="29015" nombre="Robert Simonds"/></productores><productoras><productora id="33" nombre="Universal Pictures"/></productoras></pelicula></peliculas>
