<peliculas><pelicula id="12257" emision="1998-11-25"><titulo>Home Fries</titulo><presupuesto>15000000</presupuesto><ingresos>10443316</ingresos><directores><director id="15002" nombre="Dean Parisot"/></directores><productores><productor id="5162" nombre="Mark Johnson"/><productor id="8246" nombre="Barry Levinson"/><productor id="8844" nombre="Lawrence Kasdan"/><productor id="15004" nombre="Charles Newirth"/></productores><productoras><productora id="6194" nombre="Warner Bros."/></productoras></pelicula><pelicula id="3600" emision="1998-11-13"><titulo>I Still Know What You Did Last Summer</titulo><presupuesto>65000000</presupuesto><ingresos>40002112</ingresos><directores><director id="33279" nombre="Danny Cannon"/></directores><productores><productor id="11697" nombre="Erik Feig"/><productor id="11874" nombre="Neal H. Moritz"/><productor id="33256" nombre="Stokely Chaffin"/><productor id="33281" nombre="William S. Beasley"/></productores><productoras><productora id="5" nombre="Columbia Pictures"/></productoras></pelicula><pelicula id="9487" emision="1998-11-25"><titulo>A Bug's Life</titulo><presupuesto>120000000</presupuesto><ingresos>363258859</ingresos><directores><director id="7879" nombre="John Lasseter"/></directores><productores><productor id="7878" nombre="Darla K. Anderson"/><productor id="57673" nombre="Kevin Reher"/></productores><productoras><productora id="2" nombre="Walt Disney Pictures"/><productora id="3" nombre="Pixar Animation Studios"/></productoras></pelicula><pelicula id="9798" emision="1998-11-20"><titulo>Enemy of the State</titulo><presupuesto>90000000</presupuesto><ingresos>250649836</ingresos><directores><director id="893" nombre="Tony Scott"/></directores><productores><productor id="770" nombre="Jerry Bruckheimer"/></productores><productoras><productora id="9195" nombre="Touchstone Pictures"/></productoras></pelicula><pelicula id="14444" emision="1998-11-20"><titulo>The Rugrats Movie</titulo><presupuesto>30000000</presupuesto><ingresos>100491683</ingresos><directores><director id="86439" nombre="Norton Virgien"/><director id="110873" nombre="Igor Kovalyov"/></directores><productores/><productoras><productora id="4" nombre="Paramount Pictures"/></productoras></pelicula><pelicula id="297" emision="1998-11-12"><titulo>Meet Joe Black</titulo><presupuesto>90000000</presupuesto><ingresos>142940100</ingresos><directores><director id="769" nombre="Martin Brest"/></directores><productores><productor id="769" nombre="Martin Brest"/><productor id="4182" nombre="David J. Wally"/><productor id="4183" nombre="Celia D. Costas"/></productores><productoras><productora id="33" nombre="Universal Pictures"/></productoras></pelicula><pelicula id="10663" emision="1998-11-06"><titulo>The Waterboy</titulo><presupuesto>23000000</presupuesto><ingresos>185991646</ingresos><directores><director id="57370" nombre="Frank Coraci"/></directores><productores><productor id="20821" nombre="Jack Giarraputo"/><productor id="29015" nombre="Robert Simonds"/></productores><productoras><productora id="9195" nombre="Touchstone Pictures"/></productoras></pelicula><pelicula id="9882" emision="1998-11-06"><titulo>The Siege</titulo><presupuesto>70000000</presupuesto><ingresos>116672912</ingresos><directores><director id="9181" nombre="Edward Zwick"/></directores><productores><productor id="2162" nombre="Lynda Obst"/><productor id="9181" nombre="Edward Zwick"/></productores><productoras><productora id="306" nombre="Twentieth Century Fox Film Corporation"/></productoras></pelicula></peliculas>
