<peliculas><pelicula id="616" emision="2003-12-05"><titulo>The Last Samurai</titulo><presupuesto>140000000</presupuesto><ingresos>456758981</ingresos><directores><director id="9181" nombre="Edward Zwick"/></directores><productores><productor id="500" nombre="Tom Cruise"/><productor id="9181" nombre="Edward Zwick"/><productor id="9182" nombre="Marshall Herskovitz"/><productor id="9183" nombre="Paula Wagner"/><productor id="9184" nombre="Scott Kroopf"/><productor id="9185" nombre="Tom Engelman"/></productores><productoras><productora id="6194" nombre="Warner Bros."/></productoras></pelicula><pelicula id="587" emision="2003-12-25"><titulo>Big Fish</titulo><presupuesto>70000000</presupuesto><ingresos>122919055</ingresos><directores><director id="510" nombre="Tim Burton"/></directores><productores><productor id="1297" nombre="Richard D. Zanuck"/><productor id="8215" nombre="Bruce Cohen"/><productor id="8216" nombre="Dan Jinks"/></productores><productoras><productora id="5" nombre="Columbia Pictures"/></productoras></pelicula><pelicula id="11007" emision="2003-12-24"><titulo>Cheaper by the Dozen</titulo><presupuesto>40000000</presupuesto><ingresos>190212113</ingresos><directores><director id="17825" nombre="Shawn Levy"/></directores><productores><productor id="17828" nombre="Michael Barnathan"/><productor id="29015" nombre="Robert Simonds"/><productor id="58266" nombre="Ben Myron"/></productores><productoras><productora id="306" nombre="Twentieth Century Fox Film Corporation"/></productoras></pelicula><pelicula id="6964" emision="2003-12-12"><titulo>Something's Gotta Give</titulo><presupuesto>80000000</presupuesto><ingresos>266728738</ingresos><directores><director id="17698" nombre="Nancy Meyers"/></directores><productores><productor id="17698" nombre="Nancy Meyers"/><productor id="17699" nombre="Bruce A. Block"/></productores><productoras><productora id="6194" nombre="Warner Bros."/><productora id="441" nombre="Columbia Pictures Corporation"/></productoras></pelicula><pelicula id="9620" emision="2003-12-25"><titulo>Paycheck</titulo><presupuesto>60000000</presupuesto><ingresos>96269812</ingresos><directores><director id="11401" nombre="John Woo"/></directores><productores><productor id="2043" nombre="John Davis"/><productor id="11401" nombre="John Woo"/><productor id="11404" nombre="Terence Chang"/><productor id="946092" nombre="Michael Hackett"/></productores><productoras><productora id="4" nombre="Paramount Pictures"/><productora id="27" nombre="DreamWorks SKG"/></productoras></pelicula><pelicula id="10601" emision="2003-12-25"><titulo>Peter Pan</titulo><presupuesto>100000000</presupuesto><ingresos>121975011</ingresos><directores><director id="3045" nombre="P.J. Hogan"/></directores><productores><productor id="931" nombre="Douglas Wick"/><productor id="19862" nombre="Lucy Fisher"/><productor id="57465" nombre="Patrick McCormick"/></productores><productoras><productora id="33" nombre="Universal Pictures"/><productora id="5" nombre="Columbia Pictures"/></productoras></pelicula><pelicula id="1792" emision="2003-12-10"><titulo>Stuck on You</titulo><presupuesto>55000000</presupuesto><ingresos>33828318</ingresos><directores><director id="7395" nombre="Bobby Farrelly"/><director id="7396" nombre="Peter Farrelly"/></directores><productores><productor id="7395" nombre="Bobby Farrelly"/><productor id="7396" nombre="Peter Farrelly"/><productor id="7407" nombre="Bradley Thomas"/><productor id="7408" nombre="Charles B. Wessler"/></productores><productoras><productora id="306" nombre="Twentieth Century Fox Film Corporation"/></productoras></pelicula><pelicula id="11093" emision="2003-12-19"><titulo>House of Sand and Fog</titulo><presupuesto>16500000</presupuesto><ingresos>16942795</ingresos><directores><director id="78118" nombre="Vadim Perelman"/></directores><productores><productor id="27679" nombre="Michael London"/><productor id="78118" nombre="Vadim Perelman"/></productores><productoras><productora id="27" nombre="DreamWorks SKG"/></productoras></pelicula><pelicula id="122" emision="2003-12-01"><titulo>The Lord of the Rings: The Return of the King</titulo><presupuesto>94000000</presupuesto><ingresos>1118888979</ingresos><directores><director id="108" nombre="Peter Jackson"/></directores><productores><productor id="108" nombre="Peter Jackson"/><productor id="123" nombre="Barrie M. Osborne"/></productores><productoras><productora id="12" nombre="New Line Cinema"/></productoras></pelicula></peliculas>
