<peliculas><pelicula id="76341" emision="2015-05-13"><titulo>Mad Max: Fury Road</titulo><presupuesto>150000000</presupuesto><ingresos>378858340</ingresos><directores><director id="20629" nombre="George Miller"/></directores><productores><productor id="11651" nombre="Doug Mitchell"/><productor id="20629" nombre="George Miller"/><productor id="1518756" nombre="P.J. Voeten"/></productores><productoras><productora id="6194" nombre="Warner Bros."/><productora id="79" nombre="Village Roadshow Pictures"/></productoras></pelicula><pelicula id="243688" emision="2015-05-20"><titulo>Poltergeist</titulo><presupuesto>35000000</presupuesto><ingresos>95437994</ingresos><directores><director id="57193" nombre="Gil Kenan"/></directores><productores><productor id="7623" nombre="Sam Raimi"/><productor id="11359" nombre="Robert Tapert"/><productor id="21036" nombre="Roy Lee"/><productor id="40383" nombre="Nathan Kahane"/></productores><productoras><productora id="8411" nombre="Metro-Goldwyn-Mayer (MGM)"/><productora id="22213" nombre="TSG Entertainment"/></productoras></pelicula><pelicula id="268920" emision="2015-05-08"><titulo>Hot Pursuit</titulo><presupuesto>35000000</presupuesto><ingresos>51680201</ingresos><directores><director id="29214" nombre="Anne Fletcher"/></directores><productores><productor id="368" nombre="Reese Witherspoon"/><productor id="52993" nombre="Bruna Papandrea"/><productor id="56718" nombre="Dana Fox"/></productores><productoras><productora id="6194" nombre="Warner Bros."/><productora id="12" nombre="New Line Cinema"/><productora id="8411" nombre="Metro-Goldwyn-Mayer (MGM)"/></productoras></pelicula><pelicula id="158852" emision="2015-05-19"><titulo>Tomorrowland</titulo><presupuesto>190000000</presupuesto><ingresos>209154322</ingresos><directores><director id="7087" nombre="Brad Bird"/></directores><productores><productor id="7087" nombre="Brad Bird"/><productor id="28974" nombre="Damon Lindelof"/><productor id="40592" nombre="Jeffrey Chernov"/></productores><productoras><productora id="2" nombre="Walt Disney Pictures"/></productoras></pelicula><pelicula id="254128" emision="2015-05-27"><titulo>San Andreas</titulo><presupuesto>110000000</presupuesto><ingresos>470490832</ingresos><directores><director id="132876" nombre="Brad Peyton"/></directores><productores><productor id="9543" nombre="Beau Flynn"/></productores><productoras><productora id="6194" nombre="Warner Bros."/><productora id="12" nombre="New Line Cinema"/><productora id="79" nombre="Village Roadshow Pictures"/></productoras></pelicula><pelicula id="254470" emision="2015-05-07"><titulo>Pitch Perfect 2</titulo><presupuesto>29000000</presupuesto><ingresos>287506194</ingresos><directores><director id="9281" nombre="Elizabeth Banks"/></directores><productores><productor id="9281" nombre="Elizabeth Banks"/><productor id="16854" nombre="Paul Brooks"/><productor id="1005814" nombre="Max Handelman"/></productores><productoras><productora id="33" nombre="Universal Pictures"/></productoras></pelicula><pelicula id="238713" emision="2015-05-06"><titulo>Spy</titulo><presupuesto>65000000</presupuesto><ingresos>235666219</ingresos><directores><director id="116805" nombre="Paul Feig"/></directores><productores><productor id="36427" nombre="Jenno Topping"/><productor id="116805" nombre="Paul Feig"/><productor id="266920" nombre="Peter Chernin"/><productor id="1500696" nombre="Jessie Henderson"/></productores><productoras><productora id="306" nombre="Twentieth Century Fox Film Corporation"/></productoras></pelicula></peliculas>
