<peliculas><pelicula id="10871" emision="1997-10-31"><titulo>Switchback</titulo><presupuesto>37000000</presupuesto><ingresos>6482195</ingresos><directores><director id="7671" nombre="Jeb Stuart"/></directores><productores><productor id="869" nombre="Gale Anne Hurd"/><productor id="7671" nombre="Jeb Stuart"/></productores><productoras><productora id="4" nombre="Paramount Pictures"/></productoras></pelicula><pelicula id="12628" emision="1997-10-17"><titulo>Playing God</titulo><presupuesto>12000000</presupuesto><ingresos>4000000</ingresos><directores><director id="28487" nombre="Andy Wilson"/></directores><productores><productor id="15219" nombre="Marc Abraham"/><productor id="21706" nombre="Laura Bickford"/></productores><productoras><productora id="9195" nombre="Touchstone Pictures"/></productoras></pelicula><pelicula id="34309" emision="1997-10-10"><titulo>Most Wanted</titulo><presupuesto>25000000</presupuesto><ingresos>11838218</ingresos><directores><director id="70792" nombre="David Hogan"/></directores><productores/><productoras><productora id="12" nombre="New Line Cinema"/></productoras></pelicula><pelicula id="1813" emision="1997-10-17"><titulo>The Devil's Advocate</titulo><presupuesto>57000000</presupuesto><ingresos>152944660</ingresos><directores><director id="18596" nombre="Taylor Hackford"/></directores><productores><productor id="376" nombre="Arnon Milchan"/><productor id="10764" nombre="Arnold Kopelson"/><productor id="12050" nombre="Anne Kopelson"/></productores><productoras><productora id="6194" nombre="Warner Bros."/></productoras></pelicula><pelicula id="9437" emision="1997-10-03"><titulo>Kiss the Girls</titulo><presupuesto>27000000</presupuesto><ingresos>60527873</ingresos><directores><director id="5501" nombre="Gary Fleder"/></directores><productores><productor id="5322" nombre="David Brown"/><productor id="21024" nombre="Joe Wizan"/><productor id="69668" nombre="Steve Wizan"/></productores><productoras><productora id="4" nombre="Paramount Pictures"/></productoras></pelicula><pelicula id="3597" emision="1997-10-17"><titulo>I Know What You Did Last Summer</titulo><presupuesto>17000000</presupuesto><ingresos>125586134</ingresos><directores><director id="33254" nombre="Jim Gillespie"/></directores><productores><productor id="11697" nombre="Erik Feig"/><productor id="11874" nombre="Neal H. Moritz"/><productor id="33256" nombre="Stokely Chaffin"/></productores><productoras><productora id="441" nombre="Columbia Pictures Corporation"/></productoras></pelicula></peliculas>
