<peliculas><pelicula id="13341" emision="2005-07-22"><titulo>Bad News Bears</titulo><presupuesto>30000000</presupuesto><ingresos>34252847</ingresos><directores><director id="564" nombre="Richard Linklater"/></directores><productores/><productoras><productora id="4" nombre="Paramount Pictures"/></productoras></pelicula><pelicula id="10048" emision="2005-07-28"><titulo>Stealth</titulo><presupuesto>135000000</presupuesto><ingresos>76932943</ingresos><directores><director id="18878" nombre="Rob Cohen"/></directores><productores><productor id="7627" nombre="Laura Ziskin"/><productor id="11874" nombre="Neal H. Moritz"/><productor id="20206" nombre="Mike Medavoy"/></productores><productoras><productora id="441" nombre="Columbia Pictures Corporation"/></productoras></pelicula><pelicula id="9913" emision="2005-07-29"><titulo>The Skeleton Key</titulo><presupuesto>43000000</presupuesto><ingresos>91974818</ingresos><directores><director id="1978" nombre="Iain Softley"/></directores><productores><productor id="1978" nombre="Iain Softley"/><productor id="5381" nombre="Michael Shamberg"/><productor id="5382" nombre="Stacey Sher"/><productor id="37297" nombre="Daniel Bobker"/><productor id="1396886" nombre="Lorenzo P. Lampthwait"/></productores><productoras><productora id="33" nombre="Universal Pictures"/></productoras></pelicula><pelicula id="11459" emision="2005-07-29"><titulo>Sky High</titulo><presupuesto>35000000</presupuesto><ingresos>86369815</ingresos><directores><director id="64151" nombre="Mike Mitchell"/></directores><productores><productor id="64830" nombre="Andrew Gunn"/></productores><productoras><productora id="2" nombre="Walt Disney Pictures"/></productoras></pelicula><pelicula id="1635" emision="2005-07-20"><titulo>The Island</titulo><presupuesto>126000000</presupuesto><ingresos>162949164</ingresos><directores><director id="865" nombre="Michael Bay"/></directores><productores><productor id="865" nombre="Michael Bay"/><productor id="2212" nombre="Walter F. Parkes"/><productor id="9987" nombre="Ian Bryce"/></productores><productoras><productora id="6194" nombre="Warner Bros."/><productora id="27" nombre="DreamWorks SKG"/></productoras></pelicula><pelicula id="118" emision="2005-07-13"><titulo>Charlie and the Chocolate Factory</titulo><presupuesto>150000000</presupuesto><ingresos>474968763</ingresos><directores><director id="510" nombre="Tim Burton"/></directores><productores><productor id="1297" nombre="Richard D. Zanuck"/><productor id="1298" nombre="Brad Grey"/><productor id="20643" nombre="Lorne Orleans"/></productores><productoras><productora id="6194" nombre="Warner Bros."/><productora id="79" nombre="Village Roadshow Pictures"/></productoras></pelicula><pelicula id="9522" emision="2005-07-14"><titulo>Wedding Crashers</titulo><presupuesto>40000000</presupuesto><ingresos>285176741</ingresos><directores><director id="42994" nombre="David Dobkin"/></directores><productores><productor id="15306" nombre="Peter Abrams"/><productor id="15307" nombre="Robert L. Levy"/><productor id="57822" nombre="Andrew Panay"/></productores><productoras><productora id="12" nombre="New Line Cinema"/></productoras></pelicula><pelicula id="11648" emision="2005-07-21"><titulo>Must Love Dogs</titulo><presupuesto>30000000</presupuesto><ingresos>58405313</ingresos><directores><director id="70738" nombre="Gary David Goldberg"/></directores><productores><productor id="550" nombre="Jennifer Todd"/><productor id="551" nombre="Suzanne Todd"/><productor id="70738" nombre="Gary David Goldberg"/></productores><productoras><productora id="6194" nombre="Warner Bros."/></productoras></pelicula><pelicula id="7233" emision="2005-07-01"><titulo>Rebound</titulo><presupuesto>45000000</presupuesto><ingresos>16809014</ingresos><directores><director id="52112" nombre="Steve Carr"/></directores><productores><productor id="29015" nombre="Robert Simonds"/></productores><productoras><productora id="306" nombre="Twentieth Century Fox Film Corporation"/></productoras></pelicula></peliculas>
