<peliculas><pelicula id="21539" emision="1996-12-13"><titulo>The Preacher's Wife</titulo><presupuesto>40000000</presupuesto><ingresos>48093211</ingresos><directores><director id="14911" nombre="Penny Marshall"/></directores><productores/><productoras><productora id="9195" nombre="Touchstone Pictures"/></productoras></pelicula><pelicula id="11228" emision="1996-12-06"><titulo>Daylight</titulo><presupuesto>80000000</presupuesto><ingresos>159212469</ingresos><directores><director id="18878" nombre="Rob Cohen"/></directores><productores><productor id="2043" nombre="John Davis"/><productor id="17144" nombre="David T. Friendly"/><productor id="56053" nombre="Joseph Singer"/></productores><productoras><productora id="33" nombre="Universal Pictures"/></productoras></pelicula></peliculas>
