<peliculas><pelicula id="1534" emision="2007-01-11"><titulo>Pathfinder</titulo><presupuesto>45000000</presupuesto><ingresos>30822861</ingresos><directores><director id="29922" nombre="Marcus Nispel"/></directores><productores><productor id="8375" nombre="John A. Amicarella"/><productor id="20206" nombre="Mike Medavoy"/><productor id="20207" nombre="Arnold Messer"/><productor id="29922" nombre="Marcus Nispel"/></productores><productoras><productora id="306" nombre="Twentieth Century Fox Film Corporation"/><productora id="444" nombre="Dune Entertainment"/></productoras></pelicula><pelicula id="9760" emision="2007-01-25"><titulo>Epic Movie</titulo><presupuesto>20000000</presupuesto><ingresos>86865564</ingresos><directores><director id="35694" nombre="Jason Friedberg"/><director id="35734" nombre="Aaron Seltzer"/></directores><productores><productor id="18344" nombre="Paul Schiff"/></productores><productoras><productora id="306" nombre="Twentieth Century Fox Film Corporation"/></productoras></pelicula><pelicula id="14396" emision="2007-01-05"><titulo>Code Name: The Cleaner</titulo><presupuesto>20000000</presupuesto><ingresos>10337477</ingresos><directores><director id="56911" nombre="Les Mayfield"/></directores><productores/><productoras><productora id="12" nombre="New Line Cinema"/></productoras></pelicula></peliculas>
