<peliculas><pelicula id="188222" emision="2015-06-03"><titulo>Entourage</titulo><presupuesto>30000000</presupuesto><ingresos>49263404</ingresos><directores><director id="183036" nombre="Doug Ellin"/></directores><productores><productor id="13240" nombre="Mark Wahlberg"/><productor id="183044" nombre="Stephen Levinson"/><productor id="183055" nombre="Rob Weiss"/></productores><productoras><productora id="6194" nombre="Warner Bros."/></productoras></pelicula><pelicula id="211672" emision="2015-06-17"><titulo>Minions</titulo><presupuesto>74000000</presupuesto><ingresos>1156730962</ingresos><directores><director id="8023" nombre="Kyle Balda"/><director id="124747" nombre="Pierre Coffin"/></directores><productores><productor id="5720" nombre="Christopher Meledandri"/><productor id="65674" nombre="Janet Healy"/></productores><productoras><productora id="33" nombre="Universal Pictures"/></productoras></pelicula><pelicula id="150540" emision="2015-06-09"><titulo>Inside Out</titulo><presupuesto>175000000</presupuesto><ingresos>857611174</ingresos><directores><director id="12890" nombre="Pete Docter"/></directores><productores><productor id="7940" nombre="Jonas Rivera"/></productores><productoras><productora id="2" nombre="Walt Disney Pictures"/><productora id="3" nombre="Pixar Animation Studios"/></productoras></pelicula><pelicula id="272878" emision="2015-06-26"><titulo>Max</titulo><presupuesto>20000000</presupuesto><ingresos>43967255</ingresos><directores><director id="52358" nombre="Boaz Yakin"/></directores><productores><productor id="10569" nombre="Karen Rosenfelt"/><productor id="144483" nombre="Ken Blancato"/></productores><productoras><productora id="6194" nombre="Warner Bros."/><productora id="8411" nombre="Metro-Goldwyn-Mayer (MGM)"/></productoras></pelicula><pelicula id="87101" emision="2015-06-23"><titulo>Terminator Genisys</titulo><presupuesto>155000000</presupuesto><ingresos>440603537</ingresos><directores><director id="47005" nombre="Alan Taylor"/></directores><productores><productor id="29018" nombre="Dana Goldberg"/><productor id="58433" nombre="David Ellison"/></productores><productoras><productora id="4" nombre="Paramount Pictures"/></productoras></pelicula><pelicula id="214756" emision="2015-06-25"><titulo>Ted 2</titulo><presupuesto>68000000</presupuesto><ingresos>217022588</ingresos><directores><director id="52139" nombre="Seth MacFarlane"/></directores><productores><productor id="19282" nombre="Scott Stuber"/><productor id="52139" nombre="Seth MacFarlane"/><productor id="570788" nombre="John Jacobs"/><productor id="1089071" nombre="Jason Clark"/></productores><productoras><productora id="33" nombre="Universal Pictures"/></productoras></pelicula><pelicula id="135397" emision="2015-06-09"><titulo>Jurassic World</titulo><presupuesto>150000000</presupuesto><ingresos>1513528810</ingresos><directores><director id="930707" nombre="Colin Trevorrow"/></directores><productores><productor id="664" nombre="Frank Marshall"/><productor id="25600" nombre="Patrick Crowley"/></productores><productoras><productora id="56" nombre="Amblin Entertainment"/><productora id="923" nombre="Legendary Pictures"/></productoras></pelicula></peliculas>
