<peliculas><pelicula id="57165" emision="2012-03-27"><titulo>Wrath of the Titans</titulo><presupuesto>150000000</presupuesto><ingresos>301000000</ingresos><directores><director id="66739" nombre="Jonathan Liebesman"/></directores><productores><productor id="67759" nombre="Basil Iwanyk"/><productor id="113987" nombre="Polly Johnsen"/></productores><productoras><productora id="6194" nombre="Warner Bros."/><productora id="923" nombre="Legendary Pictures"/></productoras></pelicula><pelicula id="49529" emision="2012-03-07"><titulo>John Carter</titulo><presupuesto>260000000</presupuesto><ingresos>284139100</ingresos><directores><director id="7" nombre="Andrew Stanton"/></directores><productores><productor id="490" nombre="Colin Wilson"/><productor id="72752" nombre="Jim Morris"/><productor id="72753" nombre="Lindsey Collins"/></productores><productoras><productora id="2" nombre="Walt Disney Pictures"/></productoras></pelicula><pelicula id="73723" emision="2012-03-01"><titulo>The Lorax</titulo><presupuesto>70000000</presupuesto><ingresos>348840316</ingresos><directores><director id="8023" nombre="Kyle Balda"/><director id="124748" nombre="Chris Renaud"/></directores><productores><productor id="5720" nombre="Christopher Meledandri"/><productor id="570211" nombre="Janet Healey"/></productores><productoras><productora id="33" nombre="Universal Pictures"/></productoras></pelicula><pelicula id="62764" emision="2012-03-15"><titulo>Mirror Mirror</titulo><presupuesto>85000000</presupuesto><ingresos>183018522</ingresos><directores><director id="56512" nombre="Tarsem Singh"/></directores><productores><productor id="11091" nombre="Brett Ratner"/><productor id="54419" nombre="Ryan Kavanaugh"/><productor id="65377" nombre="Bernie Goldmann"/><productor id="72106" nombre="Ken Halsband"/><productor id="77288" nombre="Nico Soultanakis"/><productor id="166278" nombre="Andy Berman"/><productor id="1125540" nombre="Ajit Singh"/></productores><productoras><productora id="7295" nombre="Relativity Media"/></productoras></pelicula><pelicula id="64688" emision="2012-03-12"><titulo>21 Jump Street</titulo><presupuesto>42000000</presupuesto><ingresos>201585328</ingresos><directores><director id="107446" nombre="Phil Lord"/><director id="155267" nombre="Christopher Miller"/></directores><productores><productor id="11874" nombre="Neal H. Moritz"/><productor id="110019" nombre="Stephen J. Cannell"/></productores><productoras><productora id="5" nombre="Columbia Pictures"/><productora id="7295" nombre="Relativity Media"/><productora id="8411" nombre="Metro-Goldwyn-Mayer (MGM)"/></productoras></pelicula><pelicula id="70436" emision="2012-03-09"><titulo>The Raven</titulo><presupuesto>26000000</presupuesto><ingresos>29657751</ingresos><directores><director id="11266" nombre="James McTeigue"/></directores><productores><productor id="554" nombre="Aaron Ryder"/><productor id="60471" nombre="Marc D. Evans"/><productor id="60472" nombre="Trevor Macy"/></productores><productoras><productora id="7295" nombre="Relativity Media"/></productoras></pelicula><pelicula id="72358" emision="2012-03-07"><titulo>A Thousand Words</titulo><presupuesto>40000000</presupuesto><ingresos>22044277</ingresos><directores><director id="53177" nombre="Brian Robbins"/></directores><productores><productor id="2963" nombre="Nicolas Cage"/><productor id="4275" nombre="Alain Chabat"/><productor id="18956" nombre="Norman Golightly"/><productor id="53177" nombre="Brian Robbins"/><productor id="53180" nombre="Sharla Sumpter"/><productor id="993236" nombre="Stephanie Danan"/></productores><productoras><productora id="4" nombre="Paramount Pictures"/><productora id="27" nombre="DreamWorks SKG"/></productoras></pelicula><pelicula id="72197" emision="2012-03-12"><titulo>The Pirates! In an Adventure with Scientists!</titulo><presupuesto>60000000</presupuesto><ingresos>118338361</ingresos><directores><director id="53304" nombre="Peter Lord"/><director id="565297" nombre="Jeff Newitt"/></directores><productores/><productoras><productora id="5" nombre="Columbia Pictures"/></productoras></pelicula></peliculas>
