<peliculas><pelicula id="808" emision="2001-05-16"><titulo>Shrek</titulo><presupuesto>60000000</presupuesto><ingresos>484409218</ingresos><directores><director id="5524" nombre="Andrew Adamson"/><director id="12058" nombre="Vicky Jenson"/></directores><productores><productor id="12062" nombre="Jeffrey Katzenberg"/><productor id="12106" nombre="Aron Warner"/><productor id="12107" nombre="John H. Williams"/></productores><productoras><productora id="27" nombre="DreamWorks SKG"/><productora id="521" nombre="DreamWorks Animation"/></productoras></pelicula><pelicula id="9476" emision="2001-05-11"><titulo>A Knight's Tale</titulo><presupuesto>65000000</presupuesto><ingresos>117487473</ingresos><directores><director id="4723" nombre="Brian Helgeland"/></directores><productores><productor id="4723" nombre="Brian Helgeland"/><productor id="25054" nombre="Tim Van Rellim"/><productor id="51612" nombre="Todd Black"/></productores><productoras><productora id="441" nombre="Columbia Pictures Corporation"/></productoras></pelicula><pelicula id="676" emision="2001-05-21"><titulo>Pearl Harbor</titulo><presupuesto>140000000</presupuesto><ingresos>449220945</ingresos><directores><director id="865" nombre="Michael Bay"/></directores><productores><productor id="770" nombre="Jerry Bruckheimer"/><productor id="865" nombre="Michael Bay"/><productor id="2448" nombre="Pat Sandston"/><productor id="5545" nombre="K.C. Hodenfield"/><productor id="10118" nombre="Kenny Bates"/><productor id="10120" nombre="Jennifer Klein"/></productores><productoras><productora id="9195" nombre="Touchstone Pictures"/></productoras></pelicula></peliculas>
