<peliculas><pelicula id="11130" emision="2004-08-06"><titulo>The Princess Diaries 2: Royal Engagement</titulo><presupuesto>40000000</presupuesto><ingresos>95149435</ingresos><directores><director id="1201" nombre="Garry Marshall"/></directores><productores><productor id="8851" nombre="Whitney Houston"/><productor id="38415" nombre="Mario Iscovich"/><productor id="59973" nombre="Debra Martin Chase"/></productores><productoras><productora id="2" nombre="Walt Disney Pictures"/></productoras></pelicula><pelicula id="8080" emision="2004-08-27"><titulo>Suspect Zero</titulo><presupuesto>27000000</presupuesto><ingresos>13000000</ingresos><directores><director id="17279" nombre="E. Elias Merhige"/></directores><productores><productor id="9183" nombre="Paula Wagner"/><productor id="53785" nombre="Gaye Hirsch"/></productores><productoras><productora id="4" nombre="Paramount Pictures"/></productoras></pelicula><pelicula id="14024" emision="2004-08-10"><titulo>Raise Your Voice</titulo><presupuesto>15000000</presupuesto><ingresos>14867514</ingresos><directores><director id="129952" nombre="Sean McNamara"/></directores><productores><productor id="10830" nombre="Toby Emmerich"/><productor id="13668" nombre="Sara Risher"/><productor id="20222" nombre="A.J. Dix"/><productor id="129952" nombre="Sean McNamara"/><productor id="955111" nombre="William Shively"/><productor id="1213393" nombre="David Brookwell"/></productores><productoras><productora id="12" nombre="New Line Cinema"/></productoras></pelicula><pelicula id="1538" emision="2004-08-04"><titulo>Collateral</titulo><presupuesto>65000000</presupuesto><ingresos>217764291</ingresos><directores><director id="638" nombre="Michael Mann"/></directores><productores><productor id="638" nombre="Michael Mann"/><productor id="946579" nombre="Julie Richardson"/></productores><productoras><productora id="4" nombre="Paramount Pictures"/><productora id="27" nombre="DreamWorks SKG"/></productoras></pelicula><pelicula id="10762" emision="2004-08-20"><titulo>Without a Paddle</titulo><presupuesto>19000000</presupuesto><ingresos>69631118</ingresos><directores><director id="32593" nombre="Steven Brill"/></directores><productores><productor id="58470" nombre="Donald De Line"/></productores><productoras><productora id="4" nombre="Paramount Pictures"/></productoras></pelicula><pelicula id="395" emision="2004-08-12"><titulo>AVP: Alien vs. Predator</titulo><presupuesto>70000000</presupuesto><ingresos>171183863</ingresos><directores><director id="4014" nombre="Paul W.S. Anderson"/></directores><productores><productor id="915" nombre="David Giler"/><productor id="1723" nombre="Walter Hill"/><productor id="2043" nombre="John Davis"/><productor id="5053" nombre="Gordon Carroll"/></productores><productoras><productora id="306" nombre="Twentieth Century Fox Film Corporation"/></productoras></pelicula></peliculas>
