<peliculas><pelicula id="8619" emision="2003-11-14"><titulo>Master and Commander: The Far Side of the World</titulo><presupuesto>150000000</presupuesto><ingresos>212011111</ingresos><directores><director id="2690" nombre="Peter Weir"/></directores><productores><productor id="2690" nombre="Peter Weir"/><productor id="6870" nombre="Duncan Henderson"/><productor id="65043" nombre="Samuel Goldwyn Jr."/></productores><productoras><productora id="33" nombre="Universal Pictures"/><productora id="306" nombre="Twentieth Century Fox Film Corporation"/></productoras></pelicula><pelicula id="605" emision="2003-11-05"><titulo>The Matrix Revolutions</titulo><presupuesto>150000000</presupuesto><ingresos>424988211</ingresos><directores><director id="9339" nombre="Lilly Wachowski"/><director id="9340" nombre="Lana Wachowski"/></directores><productores><productor id="1091" nombre="Joel Silver"/></productores><productoras><productora id="6194" nombre="Warner Bros."/><productora id="79" nombre="Village Roadshow Pictures"/></productoras></pelicula><pelicula id="10715" emision="2003-11-14"><titulo>Looney Tunes: Back in Action</titulo><presupuesto>80000000</presupuesto><ingresos>68514844</ingresos><directores><director id="4600" nombre="Joe Dante"/></directores><productores><productor id="10999" nombre="Joel Simon"/><productor id="16731" nombre="Paula Weinstein"/><productor id="34894" nombre="Allison Abbate"/><productor id="65377" nombre="Bernie Goldmann"/><productor id="66897" nombre="Christopher DeFaria"/></productores><productoras><productora id="6194" nombre="Warner Bros."/></productoras></pelicula><pelicula id="4970" emision="2003-11-21"><titulo>Gothika</titulo><presupuesto>40000000</presupuesto><ingresos>141591324</ingresos><directores><director id="2406" nombre="Mathieu Kassovitz"/></directores><productores><productor id="24" nombre="Robert Zemeckis"/><productor id="1091" nombre="Joel Silver"/><productor id="37162" nombre="Susan Downey"/><productor id="40287" nombre="L. Levin"/></productores><productoras><productora id="6194" nombre="Warner Bros."/><productora id="441" nombre="Columbia Pictures Corporation"/></productoras></pelicula><pelicula id="10028" emision="2003-11-24"><titulo>Honey</titulo><presupuesto>18000000</presupuesto><ingresos>62646763</ingresos><directores><director id="62116" nombre="Bille Woodruff"/></directores><productores><productor id="23485" nombre="Marc Platt"/><productor id="62117" nombre="Nicole Brown"/><productor id="62119" nombre="Andre Harrell"/></productores><productoras><productora id="33" nombre="Universal Pictures"/></productoras></pelicula><pelicula id="10147" emision="2003-11-26"><titulo>Bad Santa</titulo><presupuesto>23000000</presupuesto><ingresos>76488889</ingresos><directores><director id="17447" nombre="Terry Zwigoff"/></directores><productores><productor id="1223" nombre="Joel Coen"/><productor id="1307" nombre="Bob Weinstein"/><productor id="1482" nombre="John Cameron"/><productor id="50769" nombre="Sarah Aubrey"/></productores><productoras><productora id="5" nombre="Columbia Pictures"/></productoras></pelicula><pelicula id="9562" emision="2003-11-26"><titulo>Timeline</titulo><presupuesto>80000000</presupuesto><ingresos>43935763</ingresos><directores><director id="7187" nombre="Richard Donner"/></directores><productores><productor id="7187" nombre="Richard Donner"/><productor id="7200" nombre="Lauren Shuler Donner"/><productor id="22816" nombre="Jim Van Wyck"/></productores><productoras><productora id="4" nombre="Paramount Pictures"/></productoras></pelicula><pelicula id="10756" emision="2003-11-25"><titulo>The Haunted Mansion</titulo><presupuesto>90000000</presupuesto><ingresos>182290266</ingresos><directores><director id="18898" nombre="Rob Minkoff"/></directores><productores><productor id="12824" nombre="Don Hahn"/><productor id="64830" nombre="Andrew Gunn"/></productores><productoras><productora id="2" nombre="Walt Disney Pictures"/></productoras></pelicula></peliculas>
