<peliculas><pelicula id="14375" emision="2005-09-30"><titulo>Romanzo criminale</titulo><presupuesto>818418</presupuesto><ingresos>4851244</ingresos><directores><director id="25819" nombre="Michele Placido"/></directores><productores/><productoras><productora id="6194" nombre="Warner Bros."/></productoras></pelicula><pelicula id="15487" emision="2005-09-30"><titulo>The Greatest Game Ever Played</titulo><presupuesto>25000000</presupuesto><ingresos>15431177</ingresos><directores><director id="2053" nombre="Bill Paxton"/></directores><productores><productor id="58837" nombre="Mark Frost"/></productores><productoras><productora id="2" nombre="Walt Disney Pictures"/></productoras></pelicula><pelicula id="10092" emision="2005-09-16"><titulo>Cry_Wolf</titulo><presupuesto>1000000</presupuesto><ingresos>10047674</ingresos><directores><director id="55075" nombre="Jeff Wadlow"/></directores><productores><productor id="63263" nombre="Beau Bauman"/><productor id="63265" nombre="Steven Butensky"/><productor id="63266" nombre="Gene Klein"/><productor id="71600" nombre="Seth Gordon"/></productores><productoras><productora id="33" nombre="Universal Pictures"/></productoras></pelicula><pelicula id="3933" emision="2005-09-09"><titulo>Corpse Bride</titulo><presupuesto>40000000</presupuesto><ingresos>117195061</ingresos><directores><director id="510" nombre="Tim Burton"/><director id="34891" nombre="Mike Johnson"/></directores><productores><productor id="510" nombre="Tim Burton"/><productor id="34894" nombre="Allison Abbate"/></productores><productoras><productora id="6194" nombre="Warner Bros."/></productoras></pelicula><pelicula id="533" emision="2005-09-04"><titulo>The Curse of the Were-Rabbit</titulo><presupuesto>30000000</presupuesto><ingresos>192452832</ingresos><directores><director id="7313" nombre="Steve Box"/><director id="7314" nombre="Nick Park"/></directores><productores><productor id="7314" nombre="Nick Park"/><productor id="53304" nombre="Peter Lord"/><productor id="53329" nombre="David Sproxton"/><productor id="1082203" nombre="Carla Shelley"/><productor id="1119833" nombre="Claire Jennings"/></productores><productoras><productora id="521" nombre="DreamWorks Animation"/></productoras></pelicula><pelicula id="5236" emision="2005-09-05"><titulo>Kiss Kiss Bang Bang</titulo><presupuesto>15000000</presupuesto><ingresos>15785148</ingresos><directores><director id="1108" nombre="Shane Black"/></directores><productores><productor id="1091" nombre="Joel Silver"/><productor id="11267" nombre="Jessica Alan"/><productor id="1124532" nombre="Carrie Morrow"/></productores><productoras><productora id="6194" nombre="Warner Bros."/></productoras></pelicula><pelicula id="9315" emision="2005-09-22"><titulo>Flightplan</titulo><presupuesto>55000000</presupuesto><ingresos>223387299</ingresos><directores><director id="57270" nombre="Robert Schwentke"/></directores><productores><productor id="339" nombre="Brian Grazer"/></productores><productoras><productora id="9195" nombre="Touchstone Pictures"/></productoras></pelicula><pelicula id="11968" emision="2005-09-30"><titulo>Into the Blue</titulo><presupuesto>50000000</presupuesto><ingresos>44434439</ingresos><directores><director id="57082" nombre="John Stockwell"/></directores><productores><productor id="55078" nombre="David Zelon"/></productores><productoras><productora id="8411" nombre="Metro-Goldwyn-Mayer (MGM)"/><productora id="441" nombre="Columbia Pictures Corporation"/></productoras></pelicula><pelicula id="4348" emision="2005-09-16"><titulo>Pride &amp; Prejudice</titulo><presupuesto>28000000</presupuesto><ingresos>121147947</ingresos><directores><director id="36588" nombre="Joe Wright"/></directores><productores><productor id="2236" nombre="Tim Bevan"/><productor id="2238" nombre="Eric Fellner"/><productor id="21378" nombre="Paul Webster"/></productores><productoras><productora id="33" nombre="Universal Pictures"/></productoras></pelicula><pelicula id="59" emision="2005-09-23"><titulo>A History of Violence</titulo><presupuesto>32000000</presupuesto><ingresos>60740827</ingresos><directores><director id="224" nombre="David Cronenberg"/></directores><productores><productor id="298" nombre="Chris Bender"/><productor id="20223" nombre="J.C. Spink"/></productores><productoras><productora id="12" nombre="New Line Cinema"/></productoras></pelicula><pelicula id="9007" emision="2005-09-16"><titulo>Just Like Heaven</titulo><presupuesto>58000000</presupuesto><ingresos>102854431</ingresos><directores><director id="54050" nombre="Mark Waters"/></directores><productores><productor id="2212" nombre="Walter F. Parkes"/><productor id="8701" nombre="Laurie MacDonald"/><productor id="77130" nombre="Marc Levy"/><productor id="1102046" nombre="Veronica Brooks"/></productores><productoras><productora id="27" nombre="DreamWorks SKG"/></productoras></pelicula><pelicula id="9923" emision="2005-09-22"><titulo>Domino</titulo><presupuesto>50000000</presupuesto><ingresos>22944502</ingresos><directores><director id="893" nombre="Tony Scott"/></directores><productores><productor id="893" nombre="Tony Scott"/><productor id="4697" nombre="Samuel Hadida"/><productor id="60576" nombre="David Hadida"/><productor id="60577" nombre="Peter Toumasis"/></productores><productoras><productora id="12" nombre="New Line Cinema"/></productoras></pelicula></peliculas>
