<peliculas><pelicula id="112949" emision="2013-02-07"><titulo>Safe Haven</titulo><presupuesto>28000000</presupuesto><ingresos>97594140</ingresos><directores><director id="5306" nombre="Lasse Hallstr&#xF6;m"/></directores><productores><productor id="6040" nombre="Wyck Godfrey"/><productor id="25046" nombre="Marty Bowen"/><productor id="54419" nombre="Ryan Kavanaugh"/></productores><productoras><productora id="7295" nombre="Relativity Media"/></productoras></pelicula><pelicula id="47964" emision="2013-02-06"><titulo>A Good Day to Die Hard</titulo><presupuesto>92000000</presupuesto><ingresos>304654182</ingresos><directores><director id="12028" nombre="John Moore"/></directores><productores><productor id="6040" nombre="Wyck Godfrey"/><productor id="113665" nombre="Alex Young"/></productores><productoras><productora id="306" nombre="Twentieth Century Fox Film Corporation"/><productora id="444" nombre="Dune Entertainment"/><productora id="22213" nombre="TSG Entertainment"/></productoras></pelicula><pelicula id="109491" emision="2013-02-13"><titulo>Beautiful Creatures</titulo><presupuesto>60000000</presupuesto><ingresos>60052138</ingresos><directores><director id="2163" nombre="Richard LaGravenese"/></directores><productores><productor id="3718" nombre="David Valdes"/><productor id="10950" nombre="Erwin Stoff"/><productor id="47285" nombre="Broderick Johnson"/><productor id="47286" nombre="Andrew A. Kosove"/><productor id="47287" nombre="Molly Smith"/></productores><productoras><productora id="6194" nombre="Warner Bros."/></productoras></pelicula><pelicula id="81005" emision="2013-02-27"><titulo>Jack the Giant Slayer</titulo><presupuesto>195000000</presupuesto><ingresos>197687603</ingresos><directores><director id="9032" nombre="Bryan Singer"/></directores><productores><productor id="9032" nombre="Bryan Singer"/><productor id="11874" nombre="Neal H. Moritz"/><productor id="42994" nombre="David Dobkin"/><productor id="57465" nombre="Patrick McCormick"/></productores><productoras><productora id="6194" nombre="Warner Bros."/><productora id="12" nombre="New Line Cinema"/><productora id="923" nombre="Legendary Pictures"/></productoras></pelicula></peliculas>
