<peliculas><pelicula id="10426" emision="2002-11-22"><titulo>Friday After Next</titulo><presupuesto>20000000</presupuesto><ingresos>33526835</ingresos><directores><director id="65133" nombre="Marcus Raboy"/></directores><productores><productor id="9778" nombre="Ice Cube"/><productor id="65135" nombre="Matt Alvarez"/></productores><productoras><productora id="12" nombre="New Line Cinema"/></productoras></pelicula><pelicula id="672" emision="2002-11-13"><titulo>Harry Potter and the Chamber of Secrets</titulo><presupuesto>100000000</presupuesto><ingresos>876688482</ingresos><directores><director id="10965" nombre="Chris Columbus"/></directores><productores><productor id="10968" nombre="David Heyman"/></productores><productoras><productora id="6194" nombre="Warner Bros."/></productoras></pelicula><pelicula id="2103" emision="2002-11-27"><titulo>Solaris</titulo><presupuesto>47000000</presupuesto><ingresos>30002758</ingresos><directores><director id="1884" nombre="Steven Soderbergh"/></directores><productores><productor id="2710" nombre="James Cameron"/><productor id="8529" nombre="Jon Landau"/><productor id="21567" nombre="Rae Sanchini"/></productores><productoras><productora id="306" nombre="Twentieth Century Fox Film Corporation"/></productoras></pelicula><pelicula id="15074" emision="2002-11-27"><titulo>Extreme Ops</titulo><presupuesto>40000000</presupuesto><ingresos>10959475</ingresos><directores><director id="25735" nombre="Christian Duguay"/></directores><productores><productor id="52036" nombre="Jan Fantl"/><productor id="56032" nombre="Moshe Diamant"/></productores><productoras><productora id="4" nombre="Paramount Pictures"/></productoras></pelicula><pelicula id="9016" emision="2002-11-26"><titulo>Treasure Planet</titulo><presupuesto>140000000</presupuesto><ingresos>109578115</ingresos><directores><director id="15810" nombre="Ron Clements"/><director id="15811" nombre="John Musker"/></directores><productores><productor id="15810" nombre="Ron Clements"/><productor id="15811" nombre="John Musker"/><productor id="56612" nombre="Roy Conli"/></productores><productoras><productora id="2" nombre="Walt Disney Pictures"/></productoras></pelicula></peliculas>
