<peliculas><pelicula id="1535" emision="2001-11-18"><titulo>Spy Game</titulo><presupuesto>92000000</presupuesto><ingresos>143049560</ingresos><directores><director id="893" nombre="Tony Scott"/></directores><productores><productor id="931" nombre="Douglas Wick"/><productor id="15219" nombre="Marc Abraham"/></productores><productoras><productora id="33" nombre="Universal Pictures"/></productoras></pelicula><pelicula id="14369" emision="2001-11-21"><titulo>Out Cold</titulo><presupuesto>24000000</presupuesto><ingresos>14782676</ingresos><directores><director id="82221" nombre="Brendan Malloy"/><director id="82222" nombre="Emmett Malloy"/></directores><productores/><productoras><productora id="9195" nombre="Touchstone Pictures"/></productoras></pelicula><pelicula id="671" emision="2001-11-16"><titulo>Harry Potter and the Philosopher's Stone</titulo><presupuesto>125000000</presupuesto><ingresos>976475550</ingresos><directores><director id="10965" nombre="Chris Columbus"/></directores><productores><productor id="10968" nombre="David Heyman"/></productores><productoras><productora id="6194" nombre="Warner Bros."/></productoras></pelicula><pelicula id="9889" emision="2001-11-01"><titulo>Shallow Hal</titulo><presupuesto>40000000</presupuesto><ingresos>141069860</ingresos><directores><director id="7395" nombre="Bobby Farrelly"/><director id="7396" nombre="Peter Farrelly"/></directores><productores><productor id="7395" nombre="Bobby Farrelly"/><productor id="7396" nombre="Peter Farrelly"/><productor id="7407" nombre="Bradley Thomas"/><productor id="7408" nombre="Charles B. Wessler"/></productores><productoras><productora id="306" nombre="Twentieth Century Fox Film Corporation"/></productoras></pelicula><pelicula id="8007" emision="2001-11-17"><titulo>Behind Enemy Lines</titulo><presupuesto>40000000</presupuesto><ingresos>91753202</ingresos><directores><director id="12028" nombre="John Moore"/></directores><productores><productor id="2043" nombre="John Davis"/></productores><productoras><productora id="306" nombre="Twentieth Century Fox Film Corporation"/></productoras></pelicula><pelicula id="585" emision="2001-11-01"><titulo>Monsters, Inc.</titulo><presupuesto>115000000</presupuesto><ingresos>562816256</ingresos><directores><director id="12890" nombre="Pete Docter"/></directores><productores><productor id="7878" nombre="Darla K. Anderson"/></productores><productoras><productora id="2" nombre="Walt Disney Pictures"/><productora id="3" nombre="Pixar Animation Studios"/></productoras></pelicula><pelicula id="10796" emision="2001-11-02"><titulo>The One</titulo><presupuesto>49000000</presupuesto><ingresos>72700000</ingresos><directores><director id="57134" nombre="James Wong"/></directores><productores><productor id="15004" nombre="Charles Newirth"/><productor id="21932" nombre="Steve Chasman"/><productor id="42121" nombre="Glenn Morgan"/><productor id="57134" nombre="James Wong"/></productores><productoras><productora id="5" nombre="Columbia Pictures"/></productoras></pelicula></peliculas>
