<peliculas><pelicula id="20533" emision="2010-06-18"><titulo>Jonah Hex</titulo><presupuesto>47000000</presupuesto><ingresos>10539000</ingresos><directores><director id="8029" nombre="Jimmy Hayward"/></directores><productores><productor id="5575" nombre="Akiva Goldsman"/><productor id="29525" nombre="Andrew Lazar"/><productor id="65822" nombre="Richard Middleton"/><productor id="1123420" nombre="Joshua Levinson"/><productor id="1123421" nombre="Margot Lulick"/><productor id="1123422" nombre="Miri Yoon"/></productores><productoras><productora id="6194" nombre="Warner Bros."/></productoras></pelicula><pelicula id="10196" emision="2010-06-30"><titulo>The Last Airbender</titulo><presupuesto>150000000</presupuesto><ingresos>318502923</ingresos><directores><director id="11614" nombre="M. Night Shyamalan"/></directores><productores/><productoras><productora id="4" nombre="Paramount Pictures"/></productoras></pelicula><pelicula id="38579" emision="2010-06-04"><titulo>Marmaduke</titulo><presupuesto>50000000</presupuesto><ingresos>83761844</ingresos><directores><director id="46076" nombre="Tom Dey"/></directores><productores><productor id="2043" nombre="John Davis"/></productores><productoras><productora id="306" nombre="Twentieth Century Fox Film Corporation"/></productoras></pelicula><pelicula id="37834" emision="2010-06-15"><titulo>Knight and Day</titulo><presupuesto>117000000</presupuesto><ingresos>261930431</ingresos><directores><director id="366" nombre="James Mangold"/></directores><productores><productor id="409" nombre="Cathy Konrad"/><productor id="3227" nombre="Steve Pink"/><productor id="11814" nombre="Todd Garner"/></productores><productoras><productora id="306" nombre="Twentieth Century Fox Film Corporation"/><productora id="444" nombre="Dune Entertainment"/></productoras></pelicula><pelicula id="38365" emision="2010-06-24"><titulo>Grown Ups</titulo><presupuesto>80000000</presupuesto><ingresos>271430189</ingresos><directores><director id="17494" nombre="Dennis Dugan"/></directores><productores/><productoras><productora id="5" nombre="Columbia Pictures"/><productora id="7295" nombre="Relativity Media"/></productoras></pelicula><pelicula id="10193" emision="2010-06-16"><titulo>Toy Story 3</titulo><presupuesto>200000000</presupuesto><ingresos>1066969703</ingresos><directores><director id="8" nombre="Lee Unkrich"/></directores><productores><productor id="7878" nombre="Darla K. Anderson"/><productor id="7879" nombre="John Lasseter"/></productores><productoras><productora id="2" nombre="Walt Disney Pictures"/><productora id="3" nombre="Pixar Animation Studios"/></productoras></pelicula><pelicula id="32823" emision="2010-06-04"><titulo>Get Him to the Greek</titulo><presupuesto>40000000</presupuesto><ingresos>90029656</ingresos><directores><director id="52934" nombre="Nicholas Stoller"/></directores><productores><productor id="41039" nombre="Judd Apatow"/><productor id="56759" nombre="David L. Bushell"/><productor id="59918" nombre="Rodney Rothman"/><productor id="1123058" nombre="Phil Eisen"/></productores><productoras><productora id="33" nombre="Universal Pictures"/><productora id="7295" nombre="Relativity Media"/></productoras></pelicula><pelicula id="34544" emision="2010-06-10"><titulo>The A-Team</titulo><presupuesto>110000000</presupuesto><ingresos>177238796</ingresos><directores><director id="40223" nombre="Joe Carnahan"/></directores><productores><productor id="578" nombre="Ridley Scott"/><productor id="893" nombre="Tony Scott"/><productor id="8374" nombre="Iain Smith"/><productor id="11014" nombre="Ross Fanger"/><productor id="39515" nombre="Jules Daly"/><productor id="110019" nombre="Stephen J. Cannell"/><productor id="113665" nombre="Alex Young"/><productor id="114893" nombre="Spike Seldin"/></productores><productoras><productora id="306" nombre="Twentieth Century Fox Film Corporation"/><productora id="444" nombre="Dune Entertainment"/></productoras></pelicula><pelicula id="38575" emision="2010-06-10"><titulo>The Karate Kid</titulo><presupuesto>40000000</presupuesto><ingresos>357852395</ingresos><directores><director id="21981" nombre="Harald Zwart"/></directores><productores><productor id="1888" nombre="Jerry Weintraub"/><productor id="2888" nombre="Will Smith"/><productor id="9575" nombre="Jada Pinkett Smith"/><productor id="11796" nombre="Ken Stovitz"/><productor id="46080" nombre="James Lassiter"/></productores><productoras><productora id="5" nombre="Columbia Pictures"/></productoras></pelicula></peliculas>
