<peliculas><pelicula id="10923" emision="2003-03-14"><titulo>Agent Cody Banks</titulo><presupuesto>28000000</presupuesto><ingresos>58795814</ingresos><directores><director id="21981" nombre="Harald Zwart"/></directores><productores><productor id="8305" nombre="David Nicksay"/><productor id="21390" nombre="David Glasser"/><productor id="40281" nombre="Andreas Klein"/><productor id="61647" nombre="Guy Oseary"/><productor id="65559" nombre="Dylan Sellers"/></productores><productoras><productora id="8411" nombre="Metro-Goldwyn-Mayer (MGM)"/></productoras></pelicula><pelicula id="10678" emision="2003-03-07"><titulo>Bringing Down the House</titulo><presupuesto>20000000</presupuesto><ingresos>132675402</ingresos><directores><director id="20739" nombre="Adam Shankman"/></directores><productores><productor id="21478" nombre="Ashok Amritraj"/><productor id="31710" nombre="David Hoberman"/></productores><productoras><productora id="9195" nombre="Touchstone Pictures"/></productoras></pelicula><pelicula id="9567" emision="2003-03-07"><titulo>Tears of the Sun</titulo><presupuesto>70000000</presupuesto><ingresos>85632458</ingresos><directores><director id="20907" nombre="Antoine Fuqua"/></directores><productores><productor id="9987" nombre="Ian Bryce"/><productor id="20842" nombre="Arnold Rifkin"/><productor id="31143" nombre="Mike Lobell"/></productores><productoras><productora id="5" nombre="Columbia Pictures"/></productoras></pelicula><pelicula id="6171" emision="2003-03-21"><titulo>Dreamcatcher</titulo><presupuesto>68000000</presupuesto><ingresos>75715436</ingresos><directores><director id="8844" nombre="Lawrence Kasdan"/></directores><productores><productor id="8844" nombre="Lawrence Kasdan"/><productor id="16329" nombre="Charles Okun"/></productores><productoras><productora id="79" nombre="Village Roadshow Pictures"/></productoras></pelicula><pelicula id="9341" emision="2003-03-28"><titulo>The Core</titulo><presupuesto>60000000</presupuesto><ingresos>74208267</ingresos><directores><director id="15148" nombre="Jon Amiel"/></directores><productores><productor id="11808" nombre="Cooper Layne"/><productor id="11813" nombre="David Foster"/><productor id="39387" nombre="Sean Bailey"/></productores><productoras><productora id="4" nombre="Paramount Pictures"/></productoras></pelicula></peliculas>
