<peliculas><pelicula id="13335" emision="2008-04-25"><titulo>Harold &amp; Kumar Escape from Guantanamo Bay</titulo><presupuesto>12000000</presupuesto><ingresos>43493123</ingresos><directores><director id="68843" nombre="Jon Hurwitz"/><director id="68844" nombre="Hayden Schlossberg"/></directores><productores/><productoras><productora id="12" nombre="New Line Cinema"/></productoras></pelicula><pelicula id="1729" emision="2008-04-18"><titulo>The Forbidden Kingdom</titulo><presupuesto>55000000</presupuesto><ingresos>127906624</ingresos><directores><director id="18898" nombre="Rob Minkoff"/></directores><productores><productor id="1348" nombre="Philip Lee"/><productor id="20802" nombre="Casey Silver"/><productor id="72104" nombre="Scott Fischer"/></productores><productoras><productora id="7295" nombre="Relativity Media"/></productoras></pelicula><pelicula id="1726" emision="2008-04-30"><titulo>Iron Man</titulo><presupuesto>140000000</presupuesto><ingresos>585174222</ingresos><directores><director id="15277" nombre="Jon Favreau"/></directores><productores><productor id="7626" nombre="Avi Arad"/><productor id="10850" nombre="Kevin Feige"/></productores><productoras><productora id="4" nombre="Paramount Pictures"/><productora id="420" nombre="Marvel Studios"/></productoras></pelicula><pelicula id="9870" emision="2008-04-17"><titulo>Forgetting Sarah Marshall</titulo><presupuesto>30000000</presupuesto><ingresos>105173115</ingresos><directores><director id="52934" nombre="Nicholas Stoller"/></directores><productores><productor id="41039" nombre="Judd Apatow"/><productor id="41076" nombre="Shauna Robertson"/></productores><productoras><productora id="33" nombre="Universal Pictures"/></productoras></pelicula><pelicula id="8780" emision="2008-04-23"><titulo>Baby Mama</titulo><presupuesto>30000000</presupuesto><ingresos>63833449</ingresos><directores><director id="14172" nombre="Michael McCullers"/></directores><productores><productor id="52160" nombre="John Goldwyn"/><productor id="56158" nombre="Lorne Michaels"/></productores><productoras><productora id="7295" nombre="Relativity Media"/></productoras></pelicula></peliculas>
