<peliculas><pelicula id="199" emision="1996-11-21"><titulo>Star Trek: First Contact</titulo><presupuesto>46000000</presupuesto><ingresos>150000000</ingresos><directores><director id="2388" nombre="Jonathan Frakes"/></directores><productores><productor id="2381" nombre="Rick Berman"/><productor id="2383" nombre="Peter Lauritson"/></productores><productoras><productora id="4" nombre="Paramount Pictures"/></productoras></pelicula><pelicula id="3595" emision="1996-11-08"><titulo>Ransom</titulo><presupuesto>80000000</presupuesto><ingresos>309492681</ingresos><directores><director id="6159" nombre="Ron Howard"/></directores><productores><productor id="339" nombre="Brian Grazer"/><productor id="2997" nombre="Scott Rudin"/></productores><productoras><productora id="9195" nombre="Touchstone Pictures"/></productoras></pelicula><pelicula id="9279" emision="1996-11-15"><titulo>Jingle All the Way</titulo><presupuesto>60000000</presupuesto><ingresos>129832389</ingresos><directores><director id="13581" nombre="Brian Levant"/></directores><productores><productor id="10965" nombre="Chris Columbus"/><productor id="11222" nombre="Mark Radcliffe"/><productor id="17828" nombre="Michael Barnathan"/><productor id="52042" nombre="Richard Vane"/></productores><productoras><productora id="306" nombre="Twentieth Century Fox Film Corporation"/></productoras></pelicula><pelicula id="11674" emision="1996-11-17"><titulo>101 Dalmatians</titulo><presupuesto>54000000</presupuesto><ingresos>320689294</ingresos><directores><director id="18356" nombre="Stephen Herek"/></directores><productores><productor id="11505" nombre="John Hughes"/><productor id="58015" nombre="Ricardo Mestres"/></productores><productoras><productora id="2" nombre="Walt Disney Pictures"/></productoras></pelicula><pelicula id="9400" emision="1996-11-06"><titulo>Set It Off</titulo><presupuesto>9000000</presupuesto><ingresos>41590886</ingresos><directores><director id="37932" nombre="F. Gary Gray"/></directores><productores><productor id="2147" nombre="Oren Koules"/><productor id="57679" nombre="Takashi Bufford"/><productor id="57680" nombre="Dale Pollock"/></productores><productoras><productora id="12" nombre="New Line Cinema"/></productoras></pelicula></peliculas>
