<peliculas><pelicula id="270487" emision="2016-02-05"><titulo>Hail, Caesar!</titulo><presupuesto>22000000</presupuesto><ingresos>63647656</ingresos><directores><director id="1223" nombre="Joel Coen"/><director id="1224" nombre="Ethan Coen"/></directores><productores><productor id="1223" nombre="Joel Coen"/><productor id="1224" nombre="Ethan Coen"/><productor id="2236" nombre="Tim Bevan"/><productor id="2238" nombre="Eric Fellner"/></productores><productoras><productora id="33" nombre="Universal Pictures"/></productoras></pelicula><pelicula id="245703" emision="2016-02-18"><titulo>Midnight Special</titulo><presupuesto>18000000</presupuesto><ingresos>6212282</ingresos><directores><director id="71872" nombre="Jeff Nichols"/></directores><productores><productor id="16398" nombre="Sarah Green"/><productor id="999763" nombre="Brian Kavanaugh-Jones"/></productores><productoras><productora id="6194" nombre="Warner Bros."/></productoras></pelicula><pelicula id="267193" emision="2016-02-24"><titulo>Grimsby</titulo><presupuesto>35000000</presupuesto><ingresos>25182929</ingresos><directores><director id="18865" nombre="Louis Leterrier"/></directores><productores><productor id="6730" nombre="Sacha Baron Cohen"/><productor id="6731" nombre="Anthony Hines"/><productor id="6732" nombre="Peter Baynham"/><productor id="11112" nombre="Nira Park"/><productor id="1468878" nombre="Todd Schulman"/></productores><productoras><productora id="5" nombre="Columbia Pictures"/><productora id="79" nombre="Village Roadshow Pictures"/></productoras></pelicula><pelicula id="335778" emision="2016-02-19"><titulo>Risen</titulo><presupuesto>20000000</presupuesto><ingresos>46069568</ingresos><directores><director id="8300" nombre="Kevin Reynolds"/></directores><productores><productor id="48498" nombre="Mickey Liddell"/><productor id="964093" nombre="Patrick Aiello"/><productor id="1186631" nombre="Pete Shilaimon"/></productores><productoras><productora id="5" nombre="Columbia Pictures"/></productoras></pelicula><pelicula id="293660" emision="2016-02-09"><titulo>Deadpool</titulo><presupuesto>58000000</presupuesto><ingresos>783112979</ingresos><directores><director id="55252" nombre="Tim Miller"/></directores><productores><productor id="7200" nombre="Lauren Shuler Donner"/><productor id="10859" nombre="Ryan Reynolds"/><productor id="11092" nombre="Simon Kinberg"/></productores><productoras><productora id="306" nombre="Twentieth Century Fox Film Corporation"/><productora id="22213" nombre="TSG Entertainment"/></productoras></pelicula><pelicula id="319888" emision="2016-02-26"><titulo>Eddie the Eagle</titulo><presupuesto>23000000</presupuesto><ingresos>46152411</ingresos><directores><director id="974" nombre="Dexter Fletcher"/></directores><productores><productor id="957" nombre="Matthew Vaughn"/><productor id="61578" nombre="Adam Bohling"/><productor id="91180" nombre="Valerie Van Galder"/><productor id="189613" nombre="David Reid"/><productor id="1441718" nombre="Rupert Maconick"/></productores><productoras><productora id="306" nombre="Twentieth Century Fox Film Corporation"/></productoras></pelicula><pelicula id="269149" emision="2016-02-11"><titulo>Zootopia</titulo><presupuesto>150000000</presupuesto><ingresos>1023784195</ingresos><directores><director id="76595" nombre="Byron Howard"/><director id="165787" nombre="Rich Moore"/><director id="1318201" nombre="Jared Bush"/></directores><productores><productor id="69798" nombre="Clark Spencer"/></productores><productoras><productora id="2" nombre="Walt Disney Pictures"/></productoras></pelicula></peliculas>
