<peliculas><pelicula id="9849" emision="1999-02-11"><titulo>My Favorite Martian</titulo><presupuesto>65000000</presupuesto><ingresos>36850101</ingresos><directores><director id="18281" nombre="Donald Petrie"/></directores><productores><productor id="63999" nombre="Jerry Leider"/></productores><productoras><productora id="2" nombre="Walt Disney Pictures"/></productoras></pelicula><pelicula id="2112" emision="1999-02-05"><titulo>Payback</titulo><presupuesto>90000000</presupuesto><ingresos>161626121</ingresos><directores><director id="4723" nombre="Brian Helgeland"/></directores><productores><productor id="2487" nombre="Bruce Davey"/></productores><productoras><productora id="4" nombre="Paramount Pictures"/></productoras></pelicula><pelicula id="15256" emision="1999-02-26"><titulo>200 Cigarettes</titulo><presupuesto>6000000</presupuesto><ingresos>6852450</ingresos><directores><director id="3191" nombre="Risa Bramon Garcia"/></directores><productores><productor id="1746321" nombre="David Gale"/></productores><productoras><productora id="4" nombre="Paramount Pictures"/></productoras></pelicula><pelicula id="1542" emision="1999-02-19"><titulo>Office Space</titulo><presupuesto>10000000</presupuesto><ingresos>12827813</ingresos><directores><director id="17403" nombre="Mike Judge"/></directores><productores><productor id="24177" nombre="Michael Rotenberg"/><productor id="1229515" nombre="Daniel Rappaport"/></productores><productoras><productora id="306" nombre="Twentieth Century Fox Film Corporation"/></productoras></pelicula><pelicula id="8224" emision="1999-02-26"><titulo>8MM</titulo><presupuesto>40000000</presupuesto><ingresos>96618699</ingresos><directores><director id="5572" nombre="Joel Schumacher"/></directores><productores><productor id="5572" nombre="Joel Schumacher"/><productor id="35974" nombre="Gavin Polone"/><productor id="37926" nombre="Judy Hofflund"/></productores><productoras><productora id="441" nombre="Columbia Pictures Corporation"/></productoras></pelicula><pelicula id="11622" emision="1999-02-12"><titulo>Blast from the Past</titulo><presupuesto>35000000</presupuesto><ingresos>40263020</ingresos><directores><director id="28904" nombre="Hugh Wilson"/></directores><productores><productor id="16938" nombre="Renny Harlin"/><productor id="28904" nombre="Hugh Wilson"/></productores><productoras><productora id="12" nombre="New Line Cinema"/></productoras></pelicula></peliculas>
