<peliculas><pelicula id="228165" emision="2015-02-05"><titulo>The SpongeBob Movie: Sponge Out of Water</titulo><presupuesto>74000000</presupuesto><ingresos>311594032</ingresos><directores><director id="217174" nombre="Paul Tibbitt"/></directores><productores><productor id="114408" nombre="Mary Parent"/><productor id="1395351" nombre="Nan Morales"/><productor id="1395352" nombre="Craig Sost"/></productores><productoras><productora id="4" nombre="Paramount Pictures"/></productoras></pelicula><pelicula id="243938" emision="2015-02-20"><titulo>Hot Tub Time Machine 2</titulo><presupuesto>14000000</presupuesto><ingresos>12314651</ingresos><directores><director id="3227" nombre="Steve Pink"/></directores><productores><productor id="57822" nombre="Andrew Panay"/></productores><productoras><productora id="4" nombre="Paramount Pictures"/><productora id="8411" nombre="Metro-Goldwyn-Mayer (MGM)"/></productoras></pelicula><pelicula id="76757" emision="2015-02-04"><titulo>Jupiter Ascending</titulo><presupuesto>176000003</presupuesto><ingresos>183987723</ingresos><directores><director id="9339" nombre="Lilly Wachowski"/><director id="9340" nombre="Lana Wachowski"/></directores><productores><productor id="8528" nombre="Grant Hill"/><productor id="9339" nombre="Lilly Wachowski"/><productor id="9340" nombre="Lana Wachowski"/></productores><productoras><productora id="6194" nombre="Warner Bros."/><productora id="444" nombre="Dune Entertainment"/><productora id="79" nombre="Village Roadshow Pictures"/></productoras></pelicula></peliculas>
