<peliculas><pelicula id="9829" emision="2006-04-28"><titulo>United 93</titulo><presupuesto>15000000</presupuesto><ingresos>76286096</ingresos><directores><director id="25598" nombre="Paul Greengrass"/></directores><productores><productor id="1993" nombre="Lloyd Levin"/><productor id="2236" nombre="Tim Bevan"/><productor id="2238" nombre="Eric Fellner"/><productor id="25598" nombre="Paul Greengrass"/><productor id="59679" nombre="Michael Bronner"/><productor id="59681" nombre="Kate Solomon"/></productores><productoras><productora id="33" nombre="Universal Pictures"/></productoras></pelicula><pelicula id="7518" emision="2006-04-22"><titulo>Over the Hedge</titulo><presupuesto>80000000</presupuesto><ingresos>343397247</ingresos><directores><director id="52845" nombre="Karey Kirkpatrick"/><director id="52870" nombre="Tim Johnson"/></directores><productores/><productoras><productora id="521" nombre="DreamWorks Animation"/></productoras></pelicula><pelicula id="9044" emision="2006-04-07"><titulo>Tristan &amp; Isolde</titulo><presupuesto>31000000</presupuesto><ingresos>28000000</ingresos><directores><director id="8300" nombre="Kevin Reynolds"/></directores><productores><productor id="18691" nombre="Elie Samaha"/><productor id="34511" nombre="Lisa Ellzey"/><productor id="56032" nombre="Moshe Diamant"/><productor id="58787" nombre="Giannina Facio"/></productores><productoras><productora id="306" nombre="Twentieth Century Fox Film Corporation"/></productoras></pelicula><pelicula id="9530" emision="2006-04-28"><titulo>RV</titulo><presupuesto>50000000</presupuesto><ingresos>87528173</ingresos><directores><director id="5174" nombre="Barry Sonnenfeld"/></directores><productores><productor id="135" nombre="Bobby Cohen"/><productor id="931" nombre="Douglas Wick"/></productores><productoras><productora id="5" nombre="Columbia Pictures"/><productora id="7295" nombre="Relativity Media"/></productoras></pelicula><pelicula id="5820" emision="2006-04-19"><titulo>The Sentinel</titulo><presupuesto>60000000</presupuesto><ingresos>77920346</ingresos><directores><director id="47640" nombre="Clark Johnson"/></directores><productores><productor id="376" nombre="Arnon Milchan"/><productor id="3392" nombre="Michael Douglas"/><productor id="1472450" nombre="Marcy Drogin"/></productores><productoras><productora id="306" nombre="Twentieth Century Fox Film Corporation"/><productora id="444" nombre="Dune Entertainment"/></productoras></pelicula></peliculas>
