<peliculas><pelicula id="9471" emision="2003-06-27"><titulo>Charlie's Angels: Full Throttle</titulo><presupuesto>120000000</presupuesto><ingresos>259175788</ingresos><directores><director id="36425" nombre="McG"/></directores><productores><productor id="1588" nombre="Nancy Juvonen"/><productor id="12842" nombre="Leonard Goldberg"/><productor id="69597" nombre="Drew Barrymore"/></productores><productoras><productora id="5" nombre="Columbia Pictures"/></productoras></pelicula><pelicula id="584" emision="2003-06-05"><titulo>2 Fast 2 Furious</titulo><presupuesto>76000000</presupuesto><ingresos>236350661</ingresos><directores><director id="6482" nombre="John Singleton"/></directores><productores><productor id="11874" nombre="Neal H. Moritz"/></productores><productoras><productora id="33" nombre="Universal Pictures"/></productoras></pelicula><pelicula id="11375" emision="2003-06-09"><titulo>Hollywood Homicide</titulo><presupuesto>75000000</presupuesto><ingresos>51142659</ingresos><directores><director id="4037" nombre="Ron Shelton"/></directores><productores><productor id="4037" nombre="Ron Shelton"/><productor id="69156" nombre="Lou Pitt"/></productores><productoras><productora id="5" nombre="Columbia Pictures"/></productoras></pelicula><pelicula id="10152" emision="2003-06-13"><titulo>Dumb and Dumberer: When Harry Met Lloyd</titulo><presupuesto>19000000</presupuesto><ingresos>39267515</ingresos><directores><director id="58868" nombre="Troy Miller"/></directores><productores><productor id="2147" nombre="Oren Koules"/><productor id="7408" nombre="Charles B. Wessler"/><productor id="51702" nombre="Brad Krevoy"/><productor id="51703" nombre="Steven Stabler"/><productor id="58868" nombre="Troy Miller"/></productores><productoras><productora id="12" nombre="New Line Cinema"/></productoras></pelicula><pelicula id="1927" emision="2003-06-19"><titulo>Hulk</titulo><presupuesto>137000000</presupuesto><ingresos>245360480</ingresos><directores><director id="1614" nombre="Ang Lee"/></directores><productores><productor id="511" nombre="Larry J. Franco"/><productor id="869" nombre="Gale Anne Hurd"/><productor id="1617" nombre="James Schamus"/><productor id="7626" nombre="Avi Arad"/></productores><productoras><productora id="33" nombre="Universal Pictures"/></productoras></pelicula></peliculas>
