<peliculas><pelicula id="22825" emision="2009-09-17"><titulo>The Box</titulo><presupuesto>30000000</presupuesto><ingresos>33333531</ingresos><directores><director id="1577" nombre="Richard Kelly"/></directores><productores/><productoras><productora id="6194" nombre="Warner Bros."/></productoras></pelicula><pelicula id="11323" emision="2009-09-18"><titulo>The Informant!</titulo><presupuesto>22000000</presupuesto><ingresos>35424826</ingresos><directores><director id="1884" nombre="Steven Soderbergh"/></directores><productores/><productoras><productora id="6194" nombre="Warner Bros."/></productoras></pelicula><pelicula id="23706" emision="2009-09-04"><titulo>All About Steve</titulo><presupuesto>15000000</presupuesto><ingresos>40105542</ingresos><directores><director id="78562" nombre="Phil Traill"/></directores><productores><productor id="18277" nombre="Sandra Bullock"/><productor id="57634" nombre="Mary McLaglen"/><productor id="66513" nombre="Jeffrey Harlacker"/></productores><productoras><productora id="444" nombre="Dune Entertainment"/></productoras></pelicula><pelicula id="19994" emision="2009-09-18"><titulo>Jennifer's Body</titulo><presupuesto>16000000</presupuesto><ingresos>31556061</ingresos><directores><director id="54025" nombre="Karyn Kusama"/></directores><productores><productor id="43899" nombre="Brad Van Arragon"/><productor id="52443" nombre="Jason Reitman"/><productor id="52446" nombre="Mason Novick"/><productor id="52448" nombre="Daniel Dubiecki"/></productores><productoras><productora id="444" nombre="Dune Entertainment"/></productoras></pelicula><pelicula id="22794" emision="2009-09-17"><titulo>Cloudy with a Chance of Meatballs</titulo><presupuesto>100000000</presupuesto><ingresos>242988466</ingresos><directores><director id="107446" nombre="Phil Lord"/><director id="155267" nombre="Christopher Miller"/></directores><productores><productor id="42272" nombre="Chris Juen"/><productor id="65857" nombre="Pam Marsden"/><productor id="1118709" nombre="Lydia Bottegoni"/></productores><productoras><productora id="5" nombre="Columbia Pictures"/></productoras></pelicula><pelicula id="22947" emision="2009-09-05"><titulo>Up in the Air</titulo><presupuesto>25000000</presupuesto><ingresos>163670000</ingresos><directores><director id="52443" nombre="Jason Reitman"/></directores><productores><productor id="8858" nombre="Ivan Reitman"/><productor id="52443" nombre="Jason Reitman"/><productor id="52448" nombre="Daniel Dubiecki"/><productor id="949132" nombre="Jeffrey Clifford"/></productores><productoras><productora id="4" nombre="Paramount Pictures"/></productoras></pelicula><pelicula id="19959" emision="2009-09-24"><titulo>Surrogates</titulo><presupuesto>80000000</presupuesto><ingresos>122444772</ingresos><directores><director id="7213" nombre="Jonathan Mostow"/></directores><productores><productor id="31710" nombre="David Hoberman"/><productor id="62758" nombre="Todd Lieberman"/><productor id="1005814" nombre="Max Handelman"/></productores><productoras><productora id="9195" nombre="Touchstone Pictures"/></productoras></pelicula><pelicula id="25643" emision="2009-09-18"><titulo>Love Happens</titulo><presupuesto>18000000</presupuesto><ingresos>36133014</ingresos><directores><director id="62541" nombre="Brandon Camp"/></directores><productores><productor id="19282" nombre="Scott Stuber"/><productor id="62539" nombre="Mike Thompson"/><productor id="1050643" nombre="Alexa Faigen"/></productores><productoras><productora id="33" nombre="Universal Pictures"/><productora id="7295" nombre="Relativity Media"/></productoras></pelicula><pelicula id="22787" emision="2009-09-09"><titulo>Whiteout</titulo><presupuesto>40000000</presupuesto><ingresos>12206028</ingresos><directores><director id="58498" nombre="Dominic Sena"/></directores><productores><productor id="1091" nombre="Joel Silver"/><productor id="37162" nombre="Susan Downey"/><productor id="979152" nombre="David Gambino"/></productores><productoras><productora id="6194" nombre="Warner Bros."/></productoras></pelicula><pelicula id="23082" emision="2009-09-13"><titulo>The Invention of Lying</titulo><presupuesto>18500000</presupuesto><ingresos>31912793</ingresos><directores><director id="17835" nombre="Ricky Gervais"/><director id="1551346" nombre="Matthew Robinson"/></directores><productores><productor id="2162" nombre="Lynda Obst"/><productor id="17835" nombre="Ricky Gervais"/><productor id="112690" nombre="Dan Lin"/><productor id="1551348" nombre="Oliver Obst"/></productores><productoras><productora id="6194" nombre="Warner Bros."/></productoras></pelicula><pelicula id="19899" emision="2009-09-19"><titulo>Couples Retreat</titulo><presupuesto>70000000</presupuesto><ingresos>171844840</ingresos><directores><director id="12708" nombre="Peter Billingsley"/></directores><productores/><productoras><productora id="33" nombre="Universal Pictures"/><productora id="7295" nombre="Relativity Media"/></productoras></pelicula><pelicula id="22832" emision="2009-09-29"><titulo>Ninja Assassin</titulo><presupuesto>40000000</presupuesto><ingresos>60462347</ingresos><directores><director id="11266" nombre="James McTeigue"/></directores><productores><productor id="1091" nombre="Joel Silver"/><productor id="8528" nombre="Grant Hill"/><productor id="9339" nombre="Lilly Wachowski"/><productor id="9340" nombre="Lana Wachowski"/></productores><productoras><productora id="6194" nombre="Warner Bros."/><productora id="923" nombre="Legendary Pictures"/></productoras></pelicula><pelicula id="22798" emision="2009-09-13"><titulo>Whip It</titulo><presupuesto>15000000</presupuesto><ingresos>16633035</ingresos><directores><director id="69597" nombre="Drew Barrymore"/></directores><productores/><productoras><productora id="444" nombre="Dune Entertainment"/></productoras></pelicula></peliculas>
