<peliculas><pelicula id="205587" emision="2014-10-08"><titulo>The Judge</titulo><presupuesto>50000000</presupuesto><ingresos>83719388</ingresos><directores><director id="42994" nombre="David Dobkin"/></directores><productores><productor id="37162" nombre="Susan Downey"/><productor id="42994" nombre="David Dobkin"/><productor id="979152" nombre="David Gambino"/></productores><productoras><productora id="6194" nombre="Warner Bros."/><productora id="79" nombre="Village Roadshow Pictures"/></productoras></pelicula><pelicula id="177572" emision="2014-10-24"><titulo>Big Hero 6</titulo><presupuesto>165000000</presupuesto><ingresos>652105443</ingresos><directores><director id="70238" nombre="Chris Williams"/><director id="227439" nombre="Don Hall"/></directores><productores><productor id="56612" nombre="Roy Conli"/></productores><productoras><productora id="2" nombre="Walt Disney Pictures"/></productoras></pelicula><pelicula id="49017" emision="2014-10-01"><titulo>Dracula Untold</titulo><presupuesto>70000000</presupuesto><ingresos>215529201</ingresos><directores><director id="1167470" nombre="Gary Shore"/></directores><productores><productor id="4767" nombre="Michael De Luca"/></productores><productoras><productora id="33" nombre="Universal Pictures"/><productora id="923" nombre="Legendary Pictures"/></productoras></pelicula><pelicula id="250546" emision="2014-10-02"><titulo>Annabelle</titulo><presupuesto>6500000</presupuesto><ingresos>255273813</ingresos><directores><director id="26714" nombre="John R. Leonetti"/></directores><productores><productor id="2127" nombre="James Wan"/><productor id="52259" nombre="Peter Safran"/></productores><productoras><productora id="12" nombre="New Line Cinema"/></productoras></pelicula><pelicula id="210577" emision="2014-10-01"><titulo>Gone Girl</titulo><presupuesto>61000000</presupuesto><ingresos>369330363</ingresos><directores><director id="7467" nombre="David Fincher"/></directores><productores><productor id="368" nombre="Reese Witherspoon"/><productor id="376" nombre="Arnon Milchan"/><productor id="7475" nombre="Ce&#xE1;n Chaffin"/><productor id="11708" nombre="Leslie Dixon"/><productor id="52993" nombre="Bruna Papandrea"/><productor id="71262" nombre="Joshua Donen"/></productores><productoras><productora id="306" nombre="Twentieth Century Fox Film Corporation"/><productora id="22213" nombre="TSG Entertainment"/></productoras></pelicula><pelicula id="228150" emision="2014-10-15"><titulo>Fury</titulo><presupuesto>68000000</presupuesto><ingresos>211817906</ingresos><directores><director id="19769" nombre="David Ayer"/></directores><productores><productor id="19769" nombre="David Ayer"/><productor id="72102" nombre="Bill Block"/><productor id="1015921" nombre="Ethan Smith"/><productor id="1095253" nombre="John Lesher"/></productores><productoras><productora id="5" nombre="Columbia Pictures"/></productoras></pelicula><pelicula id="228326" emision="2014-10-01"><titulo>The Book of Life</titulo><presupuesto>50000000</presupuesto><ingresos>97437106</ingresos><directores><director id="1265056" nombre="Jorge R. Gutierrez"/></directores><productores><productor id="10828" nombre="Guillermo del Toro"/><productor id="1835270" nombre="Brad Booker"/></productores><productoras><productora id="306" nombre="Twentieth Century Fox Film Corporation"/></productoras></pelicula><pelicula id="218778" emision="2014-10-08"><titulo>Alexander and the Terrible, Horrible, No Good, Very Bad Day</titulo><presupuesto>28000000</presupuesto><ingresos>100654149</ingresos><directores><director id="61069" nombre="Miguel Arteta"/></directores><productores><productor id="17825" nombre="Shawn Levy"/><productor id="79666" nombre="Lisa Henson"/><productor id="1188380" nombre="Daniel S. Levine"/></productores><productoras><productora id="2" nombre="Walt Disney Pictures"/></productoras></pelicula><pelicula id="239571" emision="2014-10-16"><titulo>The Best of Me</titulo><presupuesto>26000000</presupuesto><ingresos>35926213</ingresos><directores><director id="52405" nombre="Michael Hoffman"/></directores><productores/><productoras><productora id="7295" nombre="Relativity Media"/></productoras></pelicula><pelicula id="245891" emision="2014-10-22"><titulo>John Wick</titulo><presupuesto>20000000</presupuesto><ingresos>88761661</ingresos><directores><director id="40644" nombre="Chad Stahelski"/><director id="40684" nombre="David Leitch"/></directores><productores><productor id="11266" nombre="James McTeigue"/><productor id="40644" nombre="Chad Stahelski"/><productor id="40684" nombre="David Leitch"/><productor id="52605" nombre="Eva Longoria"/><productor id="67759" nombre="Basil Iwanyk"/><productor id="1281371" nombre="Mike Witherill"/></productores><productoras><productora id="6194" nombre="Warner Bros."/></productoras></pelicula><pelicula id="242512" emision="2014-10-24"><titulo>Ouija</titulo><presupuesto>5000000</presupuesto><ingresos>103590271</ingresos><directores><director id="84962" nombre="Stiles White"/></directores><productores><productor id="865" nombre="Michael Bay"/><productor id="54843" nombre="Andrew Form"/><productor id="54844" nombre="Bradley Fuller"/><productor id="84348" nombre="Jason Blum"/><productor id="937231" nombre="Bennett Schneir"/></productores><productoras><productora id="33" nombre="Universal Pictures"/></productoras></pelicula></peliculas>
