<peliculas><pelicula id="8681" emision="2008-02-18"><titulo>Taken</titulo><presupuesto>25000000</presupuesto><ingresos>226830568</ingresos><directores><director id="35453" nombre="Pierre Morel"/></directores><productores><productor id="59" nombre="Luc Besson"/><productor id="18186" nombre="Pierre-Ange Le Pogam"/><productor id="55772" nombre="India Osborne"/></productores><productoras><productora id="306" nombre="Twentieth Century Fox Film Corporation"/></productoras></pelicula><pelicula id="13490" emision="2008-02-08"><titulo>Welcome Home Roscoe Jenkins</titulo><presupuesto>35000000</presupuesto><ingresos>43650785</ingresos><directores><director id="72024" nombre="Malcolm D. Lee"/></directores><productores/><productoras><productora id="33" nombre="Universal Pictures"/></productoras></pelicula><pelicula id="7840" emision="2008-02-22"><titulo>10,000 BC</titulo><presupuesto>105000000</presupuesto><ingresos>266000000</ingresos><directores><director id="6046" nombre="Roland Emmerich"/></directores><productores><productor id="6046" nombre="Roland Emmerich"/><productor id="6048" nombre="Mark Gordon"/><productor id="54208" nombre="Michael Wimer"/></productores><productoras><productora id="6194" nombre="Warner Bros."/><productora id="923" nombre="Legendary Pictures"/></productoras></pelicula><pelicula id="8247" emision="2008-02-10"><titulo>Jumper</titulo><presupuesto>85000000</presupuesto><ingresos>222231186</ingresos><directores><director id="11694" nombre="Doug Liman"/></directores><productores><productor id="376" nombre="Arnon Milchan"/><productor id="11092" nombre="Simon Kinberg"/><productor id="11695" nombre="Lucas Foster"/><productor id="38657" nombre="Jay Sanders"/><productor id="66513" nombre="Jeffrey Harlacker"/><productor id="142325" nombre="Simon Crane"/><productor id="954164" nombre="Georgina Pope"/></productores><productoras><productora id="444" nombre="Dune Entertainment"/></productoras></pelicula><pelicula id="8328" emision="2008-02-14"><titulo>Step Up 2: The Streets</titulo><presupuesto>23000000</presupuesto><ingresos>150816700</ingresos><directores><director id="54507" nombre="Jon M. Chu"/></directores><productores><productor id="11696" nombre="Patrick Wachsberger"/><productor id="11697" nombre="Erik Feig"/><productor id="20739" nombre="Adam Shankman"/><productor id="20742" nombre="Jennifer Gibgot"/></productores><productoras><productora id="9195" nombre="Touchstone Pictures"/></productoras></pelicula><pelicula id="8204" emision="2008-02-14"><titulo>The Spiderwick Chronicles</titulo><presupuesto>90000000</presupuesto><ingresos>162839667</ingresos><directores><director id="54050" nombre="Mark Waters"/></directores><productores><productor id="511" nombre="Larry J. Franco"/><productor id="46088" nombre="Mark Canton"/><productor id="52845" nombre="Karey Kirkpatrick"/><productor id="1257754" nombre="Ellen Goldsmith-Vein"/></productores><productoras><productora id="4" nombre="Paramount Pictures"/></productoras></pelicula><pelicula id="8676" emision="2008-02-07"><titulo>Fool's Gold</titulo><presupuesto>70000000</presupuesto><ingresos>111231041</ingresos><directores><director id="17167" nombre="Andy Tennant"/></directores><productores><productor id="58470" nombre="Donald De Line"/><productor id="63515" nombre="Jon Klane"/><productor id="65377" nombre="Bernie Goldmann"/></productores><productoras><productora id="6194" nombre="Warner Bros."/></productoras></pelicula><pelicula id="8848" emision="2008-02-28"><titulo>The Bank Job</titulo><presupuesto>20000000</presupuesto><ingresos>64822796</ingresos><directores><director id="21370" nombre="Roger Donaldson"/></directores><productores><productor id="282" nombre="Charles Roven"/><productor id="21932" nombre="Steve Chasman"/><productor id="57201" nombre="Mairi Bett"/><productor id="1127780" nombre="Aaron Shuster"/></productores><productoras><productora id="7295" nombre="Relativity Media"/></productoras></pelicula><pelicula id="7461" emision="2008-02-01"><titulo>Vantage Point</titulo><presupuesto>40000000</presupuesto><ingresos>151161491</ingresos><directores><director id="43141" nombre="Pete Travis"/></directores><productores><productor id="11874" nombre="Neal H. Moritz"/></productores><productoras><productora id="5" nombre="Columbia Pictures"/><productora id="7295" nombre="Relativity Media"/></productoras></pelicula><pelicula id="15373" emision="2008-02-03"><titulo>Role Models</titulo><presupuesto>28000000</presupuesto><ingresos>92380927</ingresos><directores><director id="22214" nombre="David Wain"/></directores><productores><productor id="19282" nombre="Scott Stuber"/><productor id="65734" nombre="Luke Greenfield"/><productor id="114408" nombre="Mary Parent"/></productores><productoras><productora id="33" nombre="Universal Pictures"/><productora id="7295" nombre="Relativity Media"/></productoras></pelicula></peliculas>
