<peliculas><pelicula id="1624" emision="1997-03-21"><titulo>Liar Liar</titulo><presupuesto>45000000</presupuesto><ingresos>302710615</ingresos><directores><director id="4499" nombre="Tom Shadyac"/></directores><productores><productor id="339" nombre="Brian Grazer"/></productores><productoras><productora id="33" nombre="Universal Pictures"/></productoras></pelicula><pelicula id="9403" emision="1997-03-07"><titulo>Private Parts</titulo><presupuesto>28000000</presupuesto><ingresos>41230799</ingresos><directores><director id="31024" nombre="Betty Thomas"/></directores><productores><productor id="4183" nombre="Celia D. Costas"/><productor id="57132" nombre="Daniel Goldberg"/><productor id="57601" nombre="Joe Medjuck"/></productores><productoras><productora id="4" nombre="Paramount Pictures"/></productoras></pelicula><pelicula id="4477" emision="1997-03-12"><titulo>The Devil's Own</titulo><presupuesto>90000000</presupuesto><ingresos>140807547</ingresos><directores><director id="6349" nombre="Alan J. Pakula"/></directores><productores><productor id="1093" nombre="Lawrence Gordon"/><productor id="1994" nombre="Robert F. Colesberry"/></productores><productoras><productora id="5" nombre="Columbia Pictures"/></productoras></pelicula><pelicula id="6499" emision="1997-03-27"><titulo>Turbo: A Power Rangers Movie</titulo><presupuesto>10000000</presupuesto><ingresos>17979739</ingresos><directores><director id="50099" nombre="Shuki Levy"/><director id="52044" nombre="David Winning"/></directores><productores><productor id="52046" nombre="Jonathan Tzachor"/></productores><productoras><productora id="306" nombre="Twentieth Century Fox Film Corporation"/></productoras></pelicula></peliculas>
