<peliculas><pelicula id="13475" emision="2009-05-06"><titulo>Star Trek</titulo><presupuesto>150000000</presupuesto><ingresos>385680446</ingresos><directores><director id="15344" nombre="J.J. Abrams"/></directores><productores><productor id="15344" nombre="J.J. Abrams"/><productor id="28974" nombre="Damon Lindelof"/></productores><productoras><productora id="4" nombre="Paramount Pictures"/></productoras></pelicula><pelicula id="14160" emision="2009-05-13"><titulo>Up</titulo><presupuesto>175000000</presupuesto><ingresos>735099082</ingresos><directores><director id="12890" nombre="Pete Docter"/></directores><productores><productor id="7940" nombre="Jonas Rivera"/></productores><productoras><productora id="3" nombre="Pixar Animation Studios"/></productoras></pelicula><pelicula id="18360" emision="2009-05-20"><titulo>Night at the Museum: Battle of the Smithsonian</titulo><presupuesto>150000000</presupuesto><ingresos>413106170</ingresos><directores><director id="17825" nombre="Shawn Levy"/></directores><productores><productor id="10965" nombre="Chris Columbus"/><productor id="17825" nombre="Shawn Levy"/><productor id="17828" nombre="Michael Barnathan"/></productores><productoras><productora id="306" nombre="Twentieth Century Fox Film Corporation"/><productora id="444" nombre="Dune Entertainment"/></productoras></pelicula><pelicula id="534" emision="2009-05-20"><titulo>Terminator Salvation</titulo><presupuesto>200000000</presupuesto><ingresos>371353001</ingresos><directores><director id="36425" nombre="McG"/></directores><productores><productor id="20295" nombre="Moritz Borman"/><productor id="20908" nombre="Jeffrey Silver"/><productor id="964905" nombre="Victor Kubicek"/><productor id="1904993" nombre="Derek Anderson"/></productores><productoras><productora id="6194" nombre="Warner Bros."/><productora id="5" nombre="Columbia Pictures"/></productoras></pelicula><pelicula id="13448" emision="2009-05-13"><titulo>Angels &amp; Demons</titulo><presupuesto>150000000</presupuesto><ingresos>356613439</ingresos><directores><director id="6159" nombre="Ron Howard"/></directores><productores><productor id="339" nombre="Brian Grazer"/><productor id="6159" nombre="Ron Howard"/><productor id="6186" nombre="Kathleen McGill"/><productor id="6188" nombre="Louisa Velis"/><productor id="8406" nombre="John Calley"/><productor id="8419" nombre="William M. Connor"/><productor id="1114890" nombre="Anna Culp"/></productores><productoras><productora id="5" nombre="Columbia Pictures"/></productoras></pelicula></peliculas>
