<peliculas><pelicula id="38356" emision="2011-06-28"><titulo>Transformers: Dark of the Moon</titulo><presupuesto>195000000</presupuesto><ingresos>1123746996</ingresos><directores><director id="865" nombre="Michael Bay"/></directores><productores><productor id="3183" nombre="Don Murphy"/><productor id="9987" nombre="Ian Bryce"/><productor id="10118" nombre="Kenny Bates"/><productor id="10952" nombre="Lorenzo di Bonaventura"/><productor id="10994" nombre="Tom DeSanto"/></productores><productoras><productora id="4" nombre="Paramount Pictures"/></productoras></pelicula><pelicula id="59861" emision="2011-06-30"><titulo>Larry Crowne</titulo><presupuesto>30000000</presupuesto><ingresos>36160375</ingresos><directores><director id="31" nombre="Tom Hanks"/></directores><productores><productor id="31" nombre="Tom Hanks"/><productor id="27098" nombre="Gary Goetzman"/></productores><productoras><productora id="33" nombre="Universal Pictures"/></productoras></pelicula><pelicula id="44912" emision="2011-06-16"><titulo>Green Lantern</titulo><presupuesto>200000000</presupuesto><ingresos>219851172</ingresos><directores><director id="10702" nombre="Martin Campbell"/></directores><productores><productor id="58470" nombre="Donald De Line"/><productor id="88967" nombre="Greg Berlanti"/><productor id="211962" nombre="Geoff Johns"/></productores><productoras><productora id="6194" nombre="Warner Bros."/></productoras></pelicula><pelicula id="49013" emision="2011-06-11"><titulo>Cars 2</titulo><presupuesto>200000000</presupuesto><ingresos>559852396</ingresos><directores><director id="7879" nombre="John Lasseter"/><director id="32532" nombre="Brad Lewis"/></directores><productores><productor id="970529" nombre="Denise Ream"/></productores><productoras><productora id="2" nombre="Walt Disney Pictures"/><productora id="3" nombre="Pixar Animation Studios"/></productoras></pelicula><pelicula id="60062" emision="2011-06-10"><titulo>Judy Moody and the Not Bummer Summer</titulo><presupuesto>20000000</presupuesto><ingresos>14166853</ingresos><directores><director id="79656" nombre="John Schultz"/></directores><productores><productor id="966188" nombre="Sarah Siegel-Magness"/><productor id="1545917" nombre="Gary Magness"/></productores><productoras><productora id="7295" nombre="Relativity Media"/></productoras></pelicula><pelicula id="37686" emision="2011-06-08"><titulo>Super 8</titulo><presupuesto>50000000</presupuesto><ingresos>260095987</ingresos><directores><director id="15344" nombre="J.J. Abrams"/></directores><productores><productor id="488" nombre="Steven Spielberg"/><productor id="15344" nombre="J.J. Abrams"/><productor id="28977" nombre="Bryan Burk"/></productores><productoras><productora id="4" nombre="Paramount Pictures"/><productora id="56" nombre="Amblin Entertainment"/></productoras></pelicula><pelicula id="58224" emision="2011-06-17"><titulo>Mr. Popper's Penguins</titulo><presupuesto>55000000</presupuesto><ingresos>187361754</ingresos><directores><director id="54050" nombre="Mark Waters"/></directores><productores/><productoras><productora id="306" nombre="Twentieth Century Fox Film Corporation"/><productora id="444" nombre="Dune Entertainment"/></productoras></pelicula></peliculas>
