<peliculas><pelicula id="9413" emision="1997-08-01"><titulo>Picture Perfect</titulo><presupuesto>19000000</presupuesto><ingresos>44332015</ingresos><directores><director id="58463" nombre="Glenn Gordon Caron"/></directores><productores><productor id="10950" nombre="Erwin Stoff"/><productor id="58467" nombre="Molly Madden"/></productores><productoras><productora id="306" nombre="Twentieth Century Fox Film Corporation"/></productoras></pelicula><pelicula id="8854" emision="1997-08-15"><titulo>Steel</titulo><presupuesto>16000000</presupuesto><ingresos>1686429</ingresos><directores><director id="19142" nombre="Kenneth Johnson"/></directores><productores><productor id="13301" nombre="Quincy Jones"/></productores><productoras><productora id="6194" nombre="Warner Bros."/></productoras></pelicula><pelicula id="8413" emision="1997-08-15"><titulo>Event Horizon</titulo><presupuesto>60000000</presupuesto><ingresos>26673242</ingresos><directores><director id="4014" nombre="Paul W.S. Anderson"/></directores><productores><productor id="1093" nombre="Lawrence Gordon"/><productor id="1993" nombre="Lloyd Levin"/><productor id="4016" nombre="Jeremy Bolt"/></productores><productoras><productora id="4" nombre="Paramount Pictures"/></productoras></pelicula><pelicula id="20737" emision="1997-08-01"><titulo>Air Bud</titulo><presupuesto>3000000</presupuesto><ingresos>23144499</ingresos><directores><director id="1270" nombre="Charles Martin Smith"/></directores><productores/><productoras><productora id="2" nombre="Walt Disney Pictures"/></productoras></pelicula><pelicula id="8834" emision="1997-08-07"><titulo>Conspiracy Theory</titulo><presupuesto>75000000</presupuesto><ingresos>136982834</ingresos><directores><director id="7187" nombre="Richard Donner"/></directores><productores><productor id="1091" nombre="Joel Silver"/><productor id="7187" nombre="Richard Donner"/></productores><productoras><productora id="6194" nombre="Warner Bros."/></productoras></pelicula><pelicula id="9427" emision="1997-08-13"><titulo>The Full Monty</titulo><presupuesto>3500000</presupuesto><ingresos>257850122</ingresos><directores><director id="57630" nombre="Peter Cattaneo"/></directores><productores><productor id="57632" nombre="Uberto Pasolini"/></productores><productoras><productora id="306" nombre="Twentieth Century Fox Film Corporation"/></productoras></pelicula></peliculas>
