<peliculas><pelicula id="43074" emision="2016-07-14"><titulo>Ghostbusters</titulo><presupuesto>144000000</presupuesto><ingresos>229147509</ingresos><directores><director id="116805" nombre="Paul Feig"/></directores><productores><productor id="8858" nombre="Ivan Reitman"/><productor id="1425616" nombre="Amy Pascal"/></productores><productoras><productora id="5" nombre="Columbia Pictures"/><productora id="79" nombre="Village Roadshow Pictures"/></productoras></pelicula><pelicula id="188927" emision="2016-07-07"><titulo>Star Trek Beyond</titulo><presupuesto>185000000</presupuesto><ingresos>343471816</ingresos><directores><director id="58189" nombre="Justin Lin"/></directores><productores><productor id="15344" nombre="J.J. Abrams"/><productor id="15346" nombre="Roberto Orci"/><productor id="28977" nombre="Bryan Burk"/><productor id="58189" nombre="Justin Lin"/></productores><productoras><productora id="4" nombre="Paramount Pictures"/></productoras></pelicula><pelicula id="223702" emision="2016-07-11"><titulo>Sausage Party</titulo><presupuesto>19000000</presupuesto><ingresos>140705322</ingresos><directores><director id="12080" nombre="Conrad Vernon"/><director id="142587" nombre="Greg Tiernan"/></directores><productores><productor id="12080" nombre="Conrad Vernon"/><productor id="19274" nombre="Seth Rogen"/><productor id="54734" nombre="Evan Goldberg"/><productor id="1027025" nombre="Megan Ellison"/></productores><productoras><productora id="5" nombre="Columbia Pictures"/></productoras></pelicula><pelicula id="316023" emision="2016-07-07"><titulo>Mike and Dave Need Wedding Dates</titulo><presupuesto>33000000</presupuesto><ingresos>77068246</ingresos><directores><director id="1061773" nombre="Jake Szymanski"/></directores><productores><productor id="36427" nombre="Jenno Topping"/><productor id="56661" nombre="Jonathan Levine"/><productor id="266920" nombre="Peter Chernin"/></productores><productoras><productora id="306" nombre="Twentieth Century Fox Film Corporation"/><productora id="22213" nombre="TSG Entertainment"/></productoras></pelicula></peliculas>
