<peliculas><pelicula id="1770" emision="1996-10-25"><titulo>Michael Collins</titulo><presupuesto>28000000</presupuesto><ingresos>16900000</ingresos><directores><director id="17016" nombre="Neil Jordan"/></directores><productores><productor id="9021" nombre="Stephen Woolley"/></productores><productoras><productora id="6194" nombre="Warner Bros."/></productoras></pelicula><pelicula id="49471" emision="1996-10-16"><titulo>Get on the Bus</titulo><presupuesto>2400000</presupuesto><ingresos>5731103</ingresos><directores><director id="5281" nombre="Spike Lee"/></directores><productores/><productoras><productora id="5" nombre="Columbia Pictures"/></productoras></pelicula><pelicula id="11412" emision="1996-10-11"><titulo>The Long Kiss Goodnight</titulo><presupuesto>65000000</presupuesto><ingresos>89456761</ingresos><directores><director id="16938" nombre="Renny Harlin"/></directores><productores><productor id="1108" nombre="Shane Black"/><productor id="3984" nombre="Stephanie Austin"/><productor id="16935" nombre="Geena Davis"/><productor id="16938" nombre="Renny Harlin"/></productores><productoras><productora id="12" nombre="New Line Cinema"/></productoras></pelicula><pelicula id="6346" emision="1996-10-11"><titulo>The Chamber</titulo><presupuesto>50000000</presupuesto><ingresos>22540359</ingresos><directores><director id="15890" nombre="James Foley"/></directores><productores><productor id="339" nombre="Brian Grazer"/><productor id="2043" nombre="John Davis"/><productor id="6159" nombre="Ron Howard"/></productores><productoras><productora id="33" nombre="Universal Pictures"/></productoras></pelicula><pelicula id="819" emision="1996-10-18"><titulo>Sleepers</titulo><presupuesto>44000000</presupuesto><ingresos>165615285</ingresos><directores><director id="8246" nombre="Barry Levinson"/></directores><productores><productor id="322" nombre="Steve Golin"/><productor id="8246" nombre="Barry Levinson"/><productor id="12253" nombre="Lorenzo Carcaterra"/><productor id="12256" nombre="Gerrit van der Meer"/></productores><productoras><productora id="6194" nombre="Warner Bros."/></productoras></pelicula><pelicula id="454" emision="1996-10-31"><titulo>Romeo + Juliet</titulo><presupuesto>14500000</presupuesto><ingresos>147298761</ingresos><directores><director id="6201" nombre="Baz Luhrmann"/></directores><productores><productor id="3050" nombre="Jill Bilcock"/><productor id="6201" nombre="Baz Luhrmann"/><productor id="6202" nombre="Gabriella Martinelli"/><productor id="6203" nombre="Catherine Martin"/><productor id="6204" nombre="Martin Brown"/></productores><productoras><productora id="306" nombre="Twentieth Century Fox Film Corporation"/></productoras></pelicula></peliculas>
