<peliculas><pelicula id="10336" emision="1997-07-31"><titulo>Spawn</titulo><presupuesto>40000000</presupuesto><ingresos>87840042</ingresos><directores><director id="87130" nombre="Mark A.Z. Dipp&#xE9;"/></directores><productores><productor id="60217" nombre="Clint Goldman"/></productores><productoras><productora id="12" nombre="New Line Cinema"/></productoras></pelicula><pelicula id="9772" emision="1997-07-25"><titulo>Air Force One</titulo><presupuesto>85000000</presupuesto><ingresos>315156409</ingresos><directores><director id="5231" nombre="Wolfgang Petersen"/></directores><productores><productor id="5231" nombre="Wolfgang Petersen"/><productor id="21865" nombre="Gail Katz"/><productor id="41587" nombre="Armyan Bernstein"/><productor id="58327" nombre="Jonathan Shestack"/></productores><productoras><productora id="441" nombre="Columbia Pictures Corporation"/></productoras></pelicula><pelicula id="686" emision="1997-07-11"><titulo>Contact</titulo><presupuesto>90000000</presupuesto><ingresos>171120329</ingresos><directores><director id="24" nombre="Robert Zemeckis"/></directores><productores><productor id="24" nombre="Robert Zemeckis"/><productor id="30" nombre="Steve Starkey"/></productores><productoras><productora id="6194" nombre="Warner Bros."/></productoras></pelicula><pelicula id="17834" emision="1997-07-11"><titulo>A Simple Wish</titulo><presupuesto>28000000</presupuesto><ingresos>8345056</ingresos><directores><director id="12964" nombre="Michael Ritchie"/></directores><productores/><productoras><productora id="33" nombre="Universal Pictures"/></productoras></pelicula><pelicula id="607" emision="1997-07-02"><titulo>Men in Black</titulo><presupuesto>90000000</presupuesto><ingresos>589390539</ingresos><directores><director id="5174" nombre="Barry Sonnenfeld"/></directores><productores><productor id="2212" nombre="Walter F. Parkes"/><productor id="8701" nombre="Laurie MacDonald"/></productores><productoras><productora id="56" nombre="Amblin Entertainment"/><productora id="441" nombre="Columbia Pictures Corporation"/></productoras></pelicula></peliculas>
