<peliculas><pelicula id="343611" emision="2016-10-19"><titulo>Jack Reacher: Never Go Back</titulo><presupuesto>60000000</presupuesto><ingresos>162146076</ingresos><directores><director id="9181" nombre="Edward Zwick"/></directores><productores><productor id="500" nombre="Tom Cruise"/><productor id="9033" nombre="Christopher McQuarrie"/><productor id="56737" nombre="Don Granger"/></productores><productoras><productora id="4" nombre="Paramount Pictures"/></productoras></pelicula><pelicula id="284052" emision="2016-10-25"><titulo>Doctor Strange</titulo><presupuesto>165000000</presupuesto><ingresos>677718395</ingresos><directores><director id="55499" nombre="Scott Derrickson"/></directores><productores><productor id="10850" nombre="Kevin Feige"/></productores><productoras><productora id="2" nombre="Walt Disney Pictures"/><productora id="420" nombre="Marvel Studios"/></productoras></pelicula><pelicula id="335796" emision="2016-10-20"><titulo>Ouija: Origin of Evil</titulo><presupuesto>9000000</presupuesto><ingresos>81705746</ingresos><directores><director id="551463" nombre="Mike Flanagan"/></directores><productores/><productoras><productora id="33" nombre="Universal Pictures"/></productoras></pelicula><pelicula id="207932" emision="2016-10-13"><titulo>Inferno</titulo><presupuesto>75000000</presupuesto><ingresos>220021259</ingresos><directores><director id="6159" nombre="Ron Howard"/></directores><productores><productor id="339" nombre="Brian Grazer"/><productor id="6159" nombre="Ron Howard"/></productores><productoras><productora id="5" nombre="Columbia Pictures"/></productoras></pelicula><pelicula id="136799" emision="2016-10-13"><titulo>Trolls</titulo><presupuesto>125000000</presupuesto><ingresos>346864462</ingresos><directores><director id="64151" nombre="Mike Mitchell"/><director id="118489" nombre="Walt Dohrn"/></directores><productores><productor id="70655" nombre="Gina Shay"/></productores><productoras><productora id="306" nombre="Twentieth Century Fox Film Corporation"/><productora id="521" nombre="DreamWorks Animation"/></productoras></pelicula><pelicula id="302946" emision="2016-10-14"><titulo>The Accountant</titulo><presupuesto>44000000</presupuesto><ingresos>155160045</ingresos><directores><director id="77003" nombre="Gavin O'Connor"/></directores><productores><productor id="206574" nombre="Mark Williams"/><productor id="1473812" nombre="Lynette Howell Taylor"/></productores><productoras><productora id="6194" nombre="Warner Bros."/></productoras></pelicula></peliculas>
