<peliculas><pelicula id="6963" emision="2005-10-20"><titulo>The Weather Man</titulo><presupuesto>20000000</presupuesto><ingresos>12482775</ingresos><directores><director id="1704" nombre="Gore Verbinski"/></directores><productores><productor id="29" nombre="Steve Tisch"/><productor id="51612" nombre="Todd Black"/><productor id="51613" nombre="Jason Blumenthal"/></productores><productoras><productora id="4" nombre="Paramount Pictures"/></productoras></pelicula><pelicula id="2610" emision="2005-10-21"><titulo>Shopgirl</titulo><presupuesto>10284523</presupuesto><ingresos>11588205</ingresos><directores><director id="26481" nombre="Anand Tucker"/></directores><productores><productor id="21478" nombre="Ashok Amritraj"/><productor id="61091" nombre="Jon Jashni"/><productor id="67773" nombre="Steve Martin"/></productores><productoras><productora id="9195" nombre="Touchstone Pictures"/></productoras></pelicula><pelicula id="9621" emision="2005-10-06"><titulo>Elizabethtown</titulo><presupuesto>57000000</presupuesto><ingresos>52034889</ingresos><directores><director id="11649" nombre="Cameron Crowe"/></directores><productores/><productoras><productora id="4" nombre="Paramount Pictures"/></productoras></pelicula><pelicula id="11283" emision="2005-10-21"><titulo>Nanny McPhee</titulo><presupuesto>25000000</presupuesto><ingresos>122489822</ingresos><directores><director id="64045" nombre="Kirk Jones"/></directores><productores><productor id="2236" nombre="Tim Bevan"/><productor id="2238" nombre="Eric Fellner"/><productor id="11058" nombre="Lindsay Doran"/></productores><productoras><productora id="33" nombre="Universal Pictures"/><productora id="8411" nombre="Metro-Goldwyn-Mayer (MGM)"/></productoras></pelicula><pelicula id="1656" emision="2005-10-24"><titulo>The Legend of Zorro</titulo><presupuesto>75000000</presupuesto><ingresos>142400065</ingresos><directores><director id="10702" nombre="Martin Campbell"/></directores><productores><productor id="286" nombre="Lloyd Phillips"/><productor id="2212" nombre="Walter F. Parkes"/><productor id="8701" nombre="Laurie MacDonald"/></productores><productoras><productora id="56" nombre="Amblin Entertainment"/><productora id="441" nombre="Columbia Pictures Corporation"/></productoras></pelicula><pelicula id="9910" emision="2005-10-07"><titulo>Two for the Money</titulo><presupuesto>35000000</presupuesto><ingresos>30526509</ingresos><directores><director id="40256" nombre="D.J. Caruso"/></directores><productores><productor id="4700" nombre="James G. Robinson"/><productor id="11095" nombre="James M. Freitag"/><productor id="60280" nombre="Billy Higgins"/><productor id="60281" nombre="Jay Cohen"/><productor id="97547" nombre="Wayne Morris"/></productores><productoras><productora id="33" nombre="Universal Pictures"/></productoras></pelicula></peliculas>
