<peliculas><pelicula id="2179" emision="2006-11-22"><titulo>Tenacious D in The Pick of Destiny</titulo><presupuesto>22000000</presupuesto><ingresos>13405595</ingresos><directores><director id="22301" nombre="Liam Lynch"/></directores><productores><productor id="22297" nombre="Kyle Gass"/><productor id="22302" nombre="Stuart Cornfeld"/><productor id="70851" nombre="Jack Black"/></productores><productoras><productora id="12" nombre="New Line Cinema"/></productoras></pelicula><pelicula id="7551" emision="2006-11-22"><titulo>Déjà Vu</titulo><presupuesto>75000000</presupuesto><ingresos>180557550</ingresos><directores><director id="893" nombre="Tony Scott"/></directores><productores><productor id="770" nombre="Jerry Bruckheimer"/></productores><productoras><productora id="9195" nombre="Touchstone Pictures"/></productoras></pelicula><pelicula id="13767" emision="2006-11-01"><titulo>The Santa Clause 3: The Escape Clause</titulo><presupuesto>12000000</presupuesto><ingresos>84500122</ingresos><directores><director id="15045" nombre="Michael Lembeck"/></directores><productores><productor id="21146" nombre="Robert F. Newmyer"/><productor id="56644" nombre="Brian Reilly"/></productores><productoras><productora id="2" nombre="Walt Disney Pictures"/></productoras></pelicula><pelicula id="496" emision="2006-11-01"><titulo>Borat: Cultural Learnings of America for Make Benefit Glorious Nation of Kazakhstan</titulo><presupuesto>18000000</presupuesto><ingresos>261572744</ingresos><directores><director id="6767" nombre="Larry Charles"/></directores><productores><productor id="6730" nombre="Sacha Baron Cohen"/><productor id="6737" nombre="Jay Roach"/></productores><productoras><productora id="306" nombre="Twentieth Century Fox Film Corporation"/></productoras></pelicula><pelicula id="9809" emision="2006-11-17"><titulo>Let's Go to Prison</titulo><presupuesto>4000000</presupuesto><ingresos>4630045</ingresos><directores><director id="59410" nombre="Bob Odenkirk"/></directores><productores><productor id="15219" nombre="Marc Abraham"/><productor id="59416" nombre="Matt Berenson"/><productor id="59418" nombre="Betsy Danbury"/><productor id="59419" nombre="Scott Lew"/><productor id="59421" nombre="Paul Young"/></productores><productoras><productora id="33" nombre="Universal Pictures"/></productoras></pelicula></peliculas>
