<peliculas><pelicula id="7211" emision="2007-10-26"><titulo>Dan in Real Life</titulo><presupuesto>25000000</presupuesto><ingresos>68377859</ingresos><directores><director id="3290" nombre="Peter Hedges"/></directores><productores><productor id="3304" nombre="Brad Epstein"/><productor id="58327" nombre="Jonathan Shestack"/></productores><productoras><productora id="9195" nombre="Touchstone Pictures"/></productoras></pelicula><pelicula id="4513" emision="2007-10-17"><titulo>30 Days of Night</titulo><presupuesto>30000000</presupuesto><ingresos>75505973</ingresos><directores><director id="27571" nombre="David Slade"/></directores><productores><productor id="7623" nombre="Sam Raimi"/><productor id="11359" nombre="Robert Tapert"/><productor id="23541" nombre="Joseph Drake"/></productores><productoras><productora id="5" nombre="Columbia Pictures"/></productoras></pelicula><pelicula id="5559" emision="2007-10-28"><titulo>Bee Movie</titulo><presupuesto>150000000</presupuesto><ingresos>287594577</ingresos><directores><director id="44113" nombre="Steve Hickner"/><director id="44114" nombre="Simon J. Smith"/></directores><productores><productor id="16377" nombre="Jerry Seinfeld"/><productor id="35666" nombre="Christina Steinberg"/><productor id="44118" nombre="Cameron Stevning"/></productores><productoras><productora id="521" nombre="DreamWorks Animation"/></productoras></pelicula><pelicula id="4515" emision="2007-10-22"><titulo>Lions for Lambs</titulo><presupuesto>35000000</presupuesto><ingresos>63215872</ingresos><directores><director id="4135" nombre="Robert Redford"/></directores><productores><productor id="4135" nombre="Robert Redford"/><productor id="34848" nombre="Tracy Falco"/><productor id="36603" nombre="Matthew Michael Carnahan"/><productor id="39922" nombre="Andrew Hauptman"/></productores><productoras><productora id="8411" nombre="Metro-Goldwyn-Mayer (MGM)"/></productoras></pelicula><pelicula id="6639" emision="2007-10-04"><titulo>Love in the Time of Cholera</titulo><presupuesto>45000000</presupuesto><ingresos>4607608</ingresos><directores><director id="10723" nombre="Mike Newell"/></directores><productores><productor id="50984" nombre="Scott Steindorff"/></productores><productoras><productora id="12" nombre="New Line Cinema"/></productoras></pelicula><pelicula id="6615" emision="2007-10-12"><titulo>Lars and the Real Girl</titulo><presupuesto>12000000</presupuesto><ingresos>11293663</ingresos><directores><director id="50767" nombre="Craig Gillespie"/></directores><productores><productor id="1482" nombre="John Cameron"/><productor id="35180" nombre="Sidney Kimmel"/><productor id="50769" nombre="Sarah Aubrey"/></productores><productoras><productora id="8411" nombre="Metro-Goldwyn-Mayer (MGM)"/></productoras></pelicula><pelicula id="7979" emision="2007-10-14"><titulo>The Kite Runner</titulo><presupuesto>20000000</presupuesto><ingresos>73276047</ingresos><directores><director id="12995" nombre="Marc Forster"/></directores><productores><productor id="15906" nombre="William Horberg"/><productor id="54252" nombre="E. Bennett Walsh"/><productor id="1434549" nombre="Rebecca Yeldham"/></productores><productoras><productora id="27" nombre="DreamWorks SKG"/></productoras></pelicula></peliculas>
