<peliculas><pelicula id="180" emision="2002-06-20"><titulo>Minority Report</titulo><presupuesto>102000000</presupuesto><ingresos>358372926</ingresos><directores><director id="488" nombre="Steven Spielberg"/></directores><productores><productor id="2209" nombre="Jan de Bont"/><productor id="2210" nombre="Bonnie Curtis"/><productor id="2211" nombre="Gerald R. Molen"/><productor id="2212" nombre="Walter F. Parkes"/></productores><productoras><productora id="306" nombre="Twentieth Century Fox Film Corporation"/><productora id="56" nombre="Amblin Entertainment"/><productora id="27" nombre="DreamWorks SKG"/></productoras></pelicula><pelicula id="9637" emision="2002-06-14"><titulo>Scooby-Doo</titulo><presupuesto>84000000</presupuesto><ingresos>275650703</ingresos><directores><director id="1215" nombre="Raja Gosnell"/></directores><productores><productor id="282" nombre="Charles Roven"/><productor id="18953" nombre="Richard Suckle"/></productores><productoras><productora id="6194" nombre="Warner Bros."/></productoras></pelicula><pelicula id="12100" emision="2002-06-14"><titulo>Windtalkers</titulo><presupuesto>115000000</presupuesto><ingresos>77628265</ingresos><directores><director id="11401" nombre="John Woo"/></directores><productores><productor id="11401" nombre="John Woo"/><productor id="11404" nombre="Terence Chang"/><productor id="71236" nombre="Tracie Graham-Rice"/><productor id="71237" nombre="Alison R. Rosenzweig"/></productores><productoras><productora id="8411" nombre="Metro-Goldwyn-Mayer (MGM)"/></productoras></pelicula><pelicula id="3132" emision="2002-06-07"><titulo>Bad Company</titulo><presupuesto>70000000</presupuesto><ingresos>65977295</ingresos><directores><director id="5572" nombre="Joel Schumacher"/></directores><productores><productor id="770" nombre="Jerry Bruckheimer"/><productor id="2444" nombre="Mike Stenson"/><productor id="31646" nombre="Michael Browning"/></productores><productoras><productora id="9195" nombre="Touchstone Pictures"/></productoras></pelicula><pelicula id="2022" emision="2002-06-28"><titulo>Mr. Deeds</titulo><presupuesto>50000000</presupuesto><ingresos>171269535</ingresos><directores><director id="32593" nombre="Steven Brill"/></directores><productores><productor id="20820" nombre="Sid Ganis"/><productor id="20821" nombre="Jack Giarraputo"/></productores><productoras><productora id="12" nombre="New Line Cinema"/><productora id="441" nombre="Columbia Pictures Corporation"/></productoras></pelicula><pelicula id="2501" emision="2002-06-14"><titulo>The Bourne Identity</titulo><presupuesto>60000000</presupuesto><ingresos>214034224</ingresos><directores><director id="11694" nombre="Doug Liman"/></directores><productores><productor id="11694" nombre="Doug Liman"/><productor id="12997" nombre="Richard N. Gladstein"/><productor id="25600" nombre="Patrick Crowley"/></productores><productoras><productora id="33" nombre="Universal Pictures"/></productoras></pelicula><pelicula id="11544" emision="2002-06-21"><titulo>Lilo &amp; Stitch</titulo><presupuesto>80000000</presupuesto><ingresos>145771527</ingresos><directores><director id="66193" nombre="Chris Sanders"/><director id="69797" nombre="Dean DeBlois"/></directores><productores><productor id="69798" nombre="Clark Spencer"/></productores><productoras><productora id="2" nombre="Walt Disney Pictures"/></productoras></pelicula></peliculas>
