<peliculas><pelicula id="115348" emision="2013-08-14"><titulo>Paranoia</titulo><presupuesto>35000000</presupuesto><ingresos>13785015</ingresos><directores><director id="36797" nombre="Robert Luketic"/></directores><productores><productor id="6223" nombre="Deepak Nayar"/><productor id="37335" nombre="Scott Lambert"/><productor id="75040" nombre="Alexandra Milchan"/><productor id="1209168" nombre="William D. Johnson"/></productores><productoras><productora id="7295" nombre="Relativity Media"/></productoras></pelicula><pelicula id="76285" emision="2013-08-07"><titulo>Percy Jackson: Sea of Monsters</titulo><presupuesto>90000000</presupuesto><ingresos>174578751</ingresos><directores><director id="109857" nombre="Thor Freudenthal"/></directores><productores><productor id="10569" nombre="Karen Rosenfelt"/><productor id="10965" nombre="Chris Columbus"/><productor id="17828" nombre="Michael Barnathan"/></productores><productoras><productora id="444" nombre="Dune Entertainment"/><productora id="22213" nombre="TSG Entertainment"/></productoras></pelicula><pelicula id="138832" emision="2013-08-07"><titulo>We're the Millers</titulo><presupuesto>37000000</presupuesto><ingresos>269994119</ingresos><directores><director id="57633" nombre="Rawson Marshall Thurber"/></directores><productores><productor id="298" nombre="Chris Bender"/><productor id="21933" nombre="Happy Walters"/><productor id="54871" nombre="Vincent Newman"/><productor id="54873" nombre="Tucker Tooley"/><productor id="1267023" nombre="Edward Pelle"/></productores><productoras><productora id="12" nombre="New Line Cinema"/></productoras></pelicula><pelicula id="151960" emision="2013-08-09"><titulo>Planes</titulo><presupuesto>50000000</presupuesto><ingresos>219788712</ingresos><directores><director id="111736" nombre="Klay Hall"/></directores><productores><productor id="1142751" nombre="Traci Balthazor"/></productores><productoras><productora id="2" nombre="Walt Disney Pictures"/></productoras></pelicula></peliculas>
