<peliculas><pelicula id="9641" emision="2005-12-21"><titulo>Cheaper by the Dozen 2</titulo><presupuesto>60000000</presupuesto><ingresos>129181830</ingresos><directores><director id="20739" nombre="Adam Shankman"/></directores><productores><productor id="17825" nombre="Shawn Levy"/><productor id="20739" nombre="Adam Shankman"/><productor id="20742" nombre="Jennifer Gibgot"/><productor id="29206" nombre="Garrett Grant"/><productor id="58266" nombre="Ben Myron"/></productores><productoras><productora id="306" nombre="Twentieth Century Fox Film Corporation"/></productoras></pelicula><pelicula id="612" emision="2005-12-22"><titulo>Munich</titulo><presupuesto>70000000</presupuesto><ingresos>130358911</ingresos><directores><director id="488" nombre="Steven Spielberg"/></directores><productores><productor id="488" nombre="Steven Spielberg"/><productor id="489" nombre="Kathleen Kennedy"/><productor id="490" nombre="Colin Wilson"/><productor id="5664" nombre="Barry Mendel"/></productores><productoras><productora id="33" nombre="Universal Pictures"/><productora id="56" nombre="Amblin Entertainment"/><productora id="27" nombre="DreamWorks SKG"/></productoras></pelicula><pelicula id="2800" emision="2005-12-23"><titulo>Rumor Has It...</titulo><presupuesto>70000000</presupuesto><ingresos>88933562</ingresos><directores><director id="3026" nombre="Rob Reiner"/></directores><productores><productor id="16731" nombre="Paula Weinstein"/><productor id="28632" nombre="Ben Cosgrove"/></productores><productoras><productora id="6194" nombre="Warner Bros."/><productora id="79" nombre="Village Roadshow Pictures"/></productoras></pelicula><pelicula id="254" emision="2005-12-14"><titulo>King Kong</titulo><presupuesto>207000000</presupuesto><ingresos>550000000</ingresos><directores><director id="108" nombre="Peter Jackson"/></directores><productores><productor id="108" nombre="Peter Jackson"/><productor id="126" nombre="Fran Walsh"/><productor id="3505" nombre="Jan Blenkin"/><productor id="3506" nombre="Carolynne Cunningham"/></productores><productoras><productora id="33" nombre="Universal Pictures"/></productoras></pelicula><pelicula id="1904" emision="2005-12-06"><titulo>Memoirs of a Geisha</titulo><presupuesto>85000000</presupuesto><ingresos>162242962</ingresos><directores><director id="17633" nombre="Rob Marshall"/></directores><productores><productor id="488" nombre="Steven Spielberg"/><productor id="931" nombre="Douglas Wick"/><productor id="19862" nombre="Lucy Fisher"/></productores><productoras><productora id="27" nombre="DreamWorks SKG"/><productora id="441" nombre="Columbia Pictures Corporation"/></productoras></pelicula><pelicula id="7552" emision="2005-12-21"><titulo>Fun with Dick and Jane</titulo><presupuesto>100000000</presupuesto><ingresos>202026112</ingresos><directores><director id="15002" nombre="Dean Parisot"/></directores><productores><productor id="206" nombre="Jim Carrey"/><productor id="339" nombre="Brian Grazer"/></productores><productoras><productora id="441" nombre="Columbia Pictures Corporation"/></productoras></pelicula><pelicula id="11400" emision="2005-12-25"><titulo>The New World</titulo><presupuesto>30000000</presupuesto><ingresos>30536013</ingresos><directores><director id="30715" nombre="Terrence Malick"/></directores><productores><productor id="16398" nombre="Sarah Green"/></productores><productoras><productora id="12" nombre="New Line Cinema"/></productoras></pelicula></peliculas>
