<peliculas><pelicula id="109418" emision="2013-07-11"><titulo>Grown Ups 2</titulo><presupuesto>80000000</presupuesto><ingresos>246984278</ingresos><directores><director id="17494" nombre="Dennis Dugan"/></directores><productores><productor id="19292" nombre="Adam Sandler"/><productor id="20821" nombre="Jack Giarraputo"/></productores><productoras><productora id="5" nombre="Columbia Pictures"/></productoras></pelicula><pelicula id="77931" emision="2013-07-30"><titulo>The Smurfs 2</titulo><presupuesto>105000000</presupuesto><ingresos>347434178</ingresos><directores><director id="1215" nombre="Raja Gosnell"/></directores><productores/><productoras><productora id="5" nombre="Columbia Pictures"/></productoras></pelicula><pelicula id="49524" emision="2013-07-18"><titulo>R.I.P.D.</titulo><presupuesto>130000000</presupuesto><ingresos>61648500</ingresos><directores><director id="57270" nombre="Robert Schwentke"/></directores><productores><productor id="8181" nombre="Michael Fottrell"/><productor id="11874" nombre="Neal H. Moritz"/><productor id="40832" nombre="Mike Richardson"/></productores><productoras><productora id="33" nombre="Universal Pictures"/></productoras></pelicula><pelicula id="149870" emision="2013-07-20"><titulo>The Wind Rises</titulo><presupuesto>30000000</presupuesto><ingresos>117932401</ingresos><directores><director id="608" nombre="Hayao Miyazaki"/></directores><productores><productor id="1417" nombre="Toshio Suzuki"/><productor id="78338" nombre="Naoya Fujimaki"/><productor id="78340" nombre="Ryoichi Fukuyama"/><productor id="78343" nombre="Seiji Okuda"/></productores><productoras><productora id="9195" nombre="Touchstone Pictures"/></productoras></pelicula><pelicula id="107985" emision="2013-07-18"><titulo>The World's End</titulo><presupuesto>20000000</presupuesto><ingresos>46089287</ingresos><directores><director id="11090" nombre="Edgar Wright"/></directores><productores><productor id="2236" nombre="Tim Bevan"/><productor id="2238" nombre="Eric Fellner"/><productor id="11112" nombre="Nira Park"/></productores><productoras><productora id="33" nombre="Universal Pictures"/></productoras></pelicula><pelicula id="76170" emision="2013-07-23"><titulo>The Wolverine</titulo><presupuesto>120000000</presupuesto><ingresos>415440673</ingresos><directores><director id="366" nombre="James Mangold"/></directores><productores><productor id="6968" nombre="Hugh Jackman"/><productor id="7200" nombre="Lauren Shuler Donner"/><productor id="584598" nombre="Hutch Parker"/></productores><productoras><productora id="306" nombre="Twentieth Century Fox Film Corporation"/><productora id="22213" nombre="TSG Entertainment"/></productoras></pelicula><pelicula id="76544" emision="2013-07-04"><titulo>Man of Tai Chi</titulo><presupuesto>25000000</presupuesto><ingresos>2054941</ingresos><directores><director id="6384" nombre="Keanu Reeves"/></directores><productores/><productoras><productora id="33" nombre="Universal Pictures"/><productora id="79" nombre="Village Roadshow Pictures"/></productoras></pelicula><pelicula id="77950" emision="2013-07-11"><titulo>Turbo</titulo><presupuesto>135000000</presupuesto><ingresos>282570682</ingresos><directores><director id="94075" nombre="David Soren"/></directores><productores><productor id="11652" nombre="Lisa Stewart"/></productores><productoras><productora id="521" nombre="DreamWorks Animation"/></productoras></pelicula><pelicula id="57201" emision="2013-07-03"><titulo>The Lone Ranger</titulo><presupuesto>255000000</presupuesto><ingresos>89289910</ingresos><directores><director id="1704" nombre="Gore Verbinski"/></directores><productores><productor id="770" nombre="Jerry Bruckheimer"/><productor id="1704" nombre="Gore Verbinski"/></productores><productoras><productora id="2" nombre="Walt Disney Pictures"/></productoras></pelicula><pelicula id="138843" emision="2013-07-18"><titulo>The Conjuring</titulo><presupuesto>13000000</presupuesto><ingresos>318000141</ingresos><directores><director id="2127" nombre="James Wan"/></directores><productores><productor id="18330" nombre="Rob Cowan"/><productor id="52259" nombre="Peter Safran"/><productor id="1079169" nombre="Tony DeRosa-Grund"/></productores><productoras><productora id="12" nombre="New Line Cinema"/></productoras></pelicula><pelicula id="59859" emision="2013-07-17"><titulo>Kick-Ass 2</titulo><presupuesto>28000000</presupuesto><ingresos>60700000</ingresos><directores><director id="55075" nombre="Jeff Wadlow"/></directores><productores><productor id="287" nombre="Brad Pitt"/><productor id="957" nombre="Matthew Vaughn"/><productor id="61578" nombre="Adam Bohling"/><productor id="189613" nombre="David Reid"/><productor id="967950" nombre="Tarquin Pack"/><productor id="1116284" nombre="Leonie Mansfield"/></productores><productoras><productora id="33" nombre="Universal Pictures"/></productoras></pelicula><pelicula id="68726" emision="2013-07-11"><titulo>Pacific Rim</titulo><presupuesto>180000000</presupuesto><ingresos>407602906</ingresos><directores><director id="10828" nombre="Guillermo del Toro"/></directores><productores><productor id="10828" nombre="Guillermo del Toro"/><productor id="54211" nombre="Thomas Tull"/><productor id="61091" nombre="Jon Jashni"/><productor id="114408" nombre="Mary Parent"/></productores><productoras><productora id="6194" nombre="Warner Bros."/><productora id="923" nombre="Legendary Pictures"/></productoras></pelicula></peliculas>
