<peliculas><pelicula id="9335" emision="2005-08-02"><titulo>Transporter 2</titulo><presupuesto>32000000</presupuesto><ingresos>85167639</ingresos><directores><director id="18865" nombre="Louis Leterrier"/></directores><productores><productor id="59" nombre="Luc Besson"/><productor id="21932" nombre="Steve Chasman"/></productores><productoras><productora id="306" nombre="Twentieth Century Fox Film Corporation"/></productoras></pelicula><pelicula id="11453" emision="2005-08-06"><titulo>Deuce Bigalow: European Gigolo</titulo><presupuesto>22000000</presupuesto><ingresos>22400154</ingresos><directores><director id="69498" nombre="Mike Bigelow"/></directores><productores><productor id="19292" nombre="Adam Sandler"/><productor id="20821" nombre="Jack Giarraputo"/><productor id="55779" nombre="John Schneider"/></productores><productoras><productora id="441" nombre="Columbia Pictures Corporation"/></productoras></pelicula><pelicula id="11460" emision="2005-08-04"><titulo>Red Eye</titulo><presupuesto>26000000</presupuesto><ingresos>57891803</ingresos><directores><director id="5140" nombre="Wes Craven"/></directores><productores><productor id="298" nombre="Chris Bender"/><productor id="35581" nombre="Marianne Maddalena"/></productores><productoras><productora id="27" nombre="DreamWorks SKG"/></productoras></pelicula><pelicula id="4442" emision="2005-08-26"><titulo>The Brothers Grimm</titulo><presupuesto>88000000</presupuesto><ingresos>105316267</ingresos><directores><director id="280" nombre="Terry Gilliam"/></directores><productores><productor id="282" nombre="Charles Roven"/><productor id="37297" nombre="Daniel Bobker"/></productores><productoras><productora id="8411" nombre="Metro-Goldwyn-Mayer (MGM)"/></productoras></pelicula><pelicula id="16320" emision="2005-08-25"><titulo>Serenity</titulo><presupuesto>39000000</presupuesto><ingresos>38869464</ingresos><directores><director id="12891" nombre="Joss Whedon"/></directores><productores><productor id="5664" nombre="Barry Mendel"/></productores><productoras><productora id="33" nombre="Universal Pictures"/></productoras></pelicula><pelicula id="6519" emision="2005-08-05"><titulo>The Dukes of Hazzard</titulo><presupuesto>50000000</presupuesto><ingresos>110803676</ingresos><directores><director id="52049" nombre="Jay Chandrasekhar"/></directores><productores><productor id="41551" nombre="Bill Gerber"/></productores><productoras><productora id="6194" nombre="Warner Bros."/><productora id="79" nombre="Village Roadshow Pictures"/></productoras></pelicula><pelicula id="6957" emision="2005-08-11"><titulo>The 40 Year Old Virgin</titulo><presupuesto>26000000</presupuesto><ingresos>109449237</ingresos><directores><director id="41039" nombre="Judd Apatow"/></directores><productores><productor id="41039" nombre="Judd Apatow"/></productores><productoras><productora id="33" nombre="Universal Pictures"/></productoras></pelicula><pelicula id="8292" emision="2005-08-11"><titulo>Four Brothers</titulo><presupuesto>45000000</presupuesto><ingresos>92374674</ingresos><directores><director id="6482" nombre="John Singleton"/></directores><productores><productor id="10952" nombre="Lorenzo di Bonaventura"/></productores><productoras><productora id="4" nombre="Paramount Pictures"/></productoras></pelicula></peliculas>
