<peliculas><pelicula id="50725" emision="2011-03-04"><titulo>Take Me Home Tonight</titulo><presupuesto>19000000</presupuesto><ingresos>6928068</ingresos><directores><director id="71280" nombre="Michael Dowse"/></directores><productores><productor id="40375" nombre="James Whitaker"/><productor id="54419" nombre="Ryan Kavanaugh"/><productor id="1830503" nombre="Sarah Bowen"/></productores><productoras><productora id="7295" nombre="Relativity Media"/></productoras></pelicula><pelicula id="44896" emision="2011-03-02"><titulo>Rango</titulo><presupuesto>135000000</presupuesto><ingresos>245724603</ingresos><directores><director id="1704" nombre="Gore Verbinski"/></directores><productores><productor id="1704" nombre="Gore Verbinski"/><productor id="16729" nombre="Graham King"/><productor id="52693" nombre="John B. Carls"/></productores><productoras><productora id="4" nombre="Paramount Pictures"/></productoras></pelicula><pelicula id="50359" emision="2011-03-30"><titulo>Hop</titulo><presupuesto>63000000</presupuesto><ingresos>183953723</ingresos><directores><director id="49903" nombre="Tim Hill"/></directores><productores/><productoras><productora id="33" nombre="Universal Pictures"/></productoras></pelicula><pelicula id="44943" emision="2011-03-08"><titulo>Battle: Los Angeles</titulo><presupuesto>70000000</presupuesto><ingresos>202466756</ingresos><directores><director id="66739" nombre="Jonathan Liebesman"/></directores><productores><productor id="11874" nombre="Neal H. Moritz"/><productor id="40592" nombre="Jeffrey Chernov"/><productor id="234940" nombre="Ori Marmur"/></productores><productoras><productora id="5" nombre="Columbia Pictures"/><productora id="7295" nombre="Relativity Media"/></productoras></pelicula><pelicula id="49730" emision="2011-03-11"><titulo>Red Riding Hood</titulo><presupuesto>42000000</presupuesto><ingresos>89162162</ingresos><directores><director id="19850" nombre="Catherine Hardwicke"/></directores><productores><productor id="6193" nombre="Leonardo DiCaprio"/><productor id="63989" nombre="Julie Yorn"/><productor id="1128184" nombre="Jennifer Killoran"/></productores><productoras><productora id="6194" nombre="Warner Bros."/></productoras></pelicula><pelicula id="51876" emision="2011-03-08"><titulo>Limitless</titulo><presupuesto>27000000</presupuesto><ingresos>161849455</ingresos><directores><director id="17329" nombre="Neil Burger"/></directores><productores><productor id="1586" nombre="Adam Fields"/><productor id="9184" nombre="Scott Kroopf"/><productor id="11708" nombre="Leslie Dixon"/><productor id="54419" nombre="Ryan Kavanaugh"/></productores><productoras><productora id="7295" nombre="Relativity Media"/></productoras></pelicula><pelicula id="23629" emision="2011-03-24"><titulo>Sucker Punch</titulo><presupuesto>82000000</presupuesto><ingresos>89792502</ingresos><directores><director id="15217" nombre="Zack Snyder"/></directores><productores><productor id="15217" nombre="Zack Snyder"/><productor id="79243" nombre="Deborah Snyder"/></productores><productoras><productora id="6194" nombre="Warner Bros."/><productora id="923" nombre="Legendary Pictures"/></productoras></pelicula><pelicula id="55787" emision="2011-03-15"><titulo>Water for Elephants</titulo><presupuesto>38000000</presupuesto><ingresos>114156230</ingresos><directores><director id="10943" nombre="Francis Lawrence"/></directores><productores><productor id="10950" nombre="Erwin Stoff"/><productor id="25455" nombre="Gil Netter"/><productor id="29404" nombre="Andrew R. Tennenbaum"/></productores><productoras><productora id="444" nombre="Dune Entertainment"/></productoras></pelicula><pelicula id="38050" emision="2011-03-03"><titulo>The Adjustment Bureau</titulo><presupuesto>50200000</presupuesto><ingresos>127869379</ingresos><directores><director id="1921" nombre="George Nolfi"/></directores><productores><productor id="1921" nombre="George Nolfi"/><productor id="6627" nombre="Chris Moore"/><productor id="23420" nombre="Bill Carraro"/><productor id="58321" nombre="Eric Kripke"/><productor id="946092" nombre="Michael Hackett"/><productor id="1004171" nombre="Joel Viertel"/><productor id="1124485" nombre="Michael Bederman"/></productores><productoras><productora id="33" nombre="Universal Pictures"/></productoras></pelicula></peliculas>
