<peliculas><pelicula id="161" emision="2001-12-07"><titulo>Ocean's Eleven</titulo><presupuesto>85000000</presupuesto><ingresos>450717150</ingresos><directores><director id="1884" nombre="Steven Soderbergh"/></directores><productores><productor id="1888" nombre="Jerry Weintraub"/></productores><productoras><productora id="6194" nombre="Warner Bros."/><productora id="79" nombre="Village Roadshow Pictures"/></productoras></pelicula><pelicula id="453" emision="2001-12-11"><titulo>A Beautiful Mind</titulo><presupuesto>60000000</presupuesto><ingresos>313542341</ingresos><directores><director id="6159" nombre="Ron Howard"/></directores><productores><productor id="339" nombre="Brian Grazer"/><productor id="6159" nombre="Ron Howard"/><productor id="6185" nombre="Maureen Peyrot"/><productor id="6186" nombre="Kathleen McGill"/></productores><productoras><productora id="33" nombre="Universal Pictures"/><productora id="27" nombre="DreamWorks SKG"/></productoras></pelicula><pelicula id="10950" emision="2001-12-28"><titulo>I Am Sam</titulo><presupuesto>22000000</presupuesto><ingresos>92542418</ingresos><directores><director id="16853" nombre="Jessie Nelson"/></directores><productores><productor id="9181" nombre="Edward Zwick"/><productor id="9182" nombre="Marshall Herskovitz"/><productor id="9197" nombre="Richard Solomon"/><productor id="16853" nombre="Jessie Nelson"/></productores><productoras><productora id="12" nombre="New Line Cinema"/></productoras></pelicula><pelicula id="8386" emision="2001-12-21"><titulo>How High</titulo><presupuesto>12000000</presupuesto><ingresos>31155435</ingresos><directores><director id="54584" nombre="Jesse Dylan"/></directores><productores><productor id="518" nombre="Danny DeVito"/><productor id="5381" nombre="Michael Shamberg"/><productor id="5382" nombre="Stacey Sher"/><productor id="54823" nombre="James Ellis"/><productor id="54824" nombre="Shauna Garr"/></productores><productoras><productora id="33" nombre="Universal Pictures"/></productoras></pelicula><pelicula id="11397" emision="2001-12-07"><titulo>Not Another Teen Movie</titulo><presupuesto>16000000</presupuesto><ingresos>66468332</ingresos><directores><director id="57604" nombre="Joel Gallen"/></directores><productores><productor id="11874" nombre="Neal H. Moritz"/></productores><productoras><productora id="441" nombre="Columbia Pictures Corporation"/></productoras></pelicula><pelicula id="11086" emision="2001-12-21"><titulo>The Majestic</titulo><presupuesto>72000000</presupuesto><ingresos>37317558</ingresos><directores><director id="4027" nombre="Frank Darabont"/></directores><productores><productor id="4027" nombre="Frank Darabont"/></productores><productoras><productora id="79" nombre="Village Roadshow Pictures"/></productoras></pelicula><pelicula id="1903" emision="2001-12-10"><titulo>Vanilla Sky</titulo><presupuesto>68000000</presupuesto><ingresos>203388341</ingresos><directores><director id="11649" nombre="Cameron Crowe"/></directores><productores><productor id="500" nombre="Tom Cruise"/><productor id="9183" nombre="Paula Wagner"/><productor id="11649" nombre="Cameron Crowe"/></productores><productoras><productora id="4" nombre="Paramount Pictures"/></productoras></pelicula><pelicula id="120" emision="2001-12-18"><titulo>The Lord of the Rings: The Fellowship of the Ring</titulo><presupuesto>93000000</presupuesto><ingresos>871368364</ingresos><directores><director id="108" nombre="Peter Jackson"/></directores><productores><productor id="108" nombre="Peter Jackson"/><productor id="123" nombre="Barrie M. Osborne"/></productores><productoras><productora id="12" nombre="New Line Cinema"/></productoras></pelicula><pelicula id="8489" emision="2001-12-11"><titulo>Ali</titulo><presupuesto>107000000</presupuesto><ingresos>87713825</ingresos><directores><director id="638" nombre="Michael Mann"/></directores><productores><productor id="638" nombre="Michael Mann"/><productor id="3805" nombre="Jon Peters"/><productor id="46080" nombre="James Lassiter"/><productor id="55999" nombre="Paul Ardaji"/></productores><productoras><productora id="441" nombre="Columbia Pictures Corporation"/></productoras></pelicula></peliculas>
