<peliculas><pelicula id="133805" emision="2013-10-16"><titulo>Carrie</titulo><presupuesto>30000000</presupuesto><ingresos>82394288</ingresos><directores><director id="2836" nombre="Kimberly Peirce"/></directores><productores><productor id="57343" nombre="Kevin Misher"/></productores><productoras><productora id="8411" nombre="Metro-Goldwyn-Mayer (MGM)"/></productoras></pelicula><pelicula id="76338" emision="2013-10-29"><titulo>Thor: The Dark World</titulo><presupuesto>170000000</presupuesto><ingresos>644571402</ingresos><directores><director id="47005" nombre="Alan Taylor"/></directores><productores><productor id="10850" nombre="Kevin Feige"/><productor id="11181" nombre="Kenneth Branagh"/></productores><productoras><productora id="420" nombre="Marvel Studios"/></productoras></pelicula><pelicula id="109424" emision="2013-10-10"><titulo>Captain Phillips</titulo><presupuesto>55000000</presupuesto><ingresos>95000000</ingresos><directores><director id="25598" nombre="Paul Greengrass"/></directores><productores><productor id="2997" nombre="Scott Rudin"/><productor id="4767" nombre="Michael De Luca"/><productor id="54417" nombre="Dana Brunetti"/></productores><productoras><productora id="5" nombre="Columbia Pictures"/></productoras></pelicula><pelicula id="175574" emision="2013-10-30"><titulo>Free Birds</titulo><presupuesto>55000000</presupuesto><ingresos>110000000</ingresos><directores><director id="8029" nombre="Jimmy Hayward"/></directores><productores/><productoras><productora id="7295" nombre="Relativity Media"/></productoras></pelicula><pelicula id="162903" emision="2013-10-11"><titulo>The Fifth Estate</titulo><presupuesto>28000000</presupuesto><ingresos>8555008</ingresos><directores><director id="15557" nombre="Bill Condon"/></directores><productores><productor id="322" nombre="Steve Golin"/><productor id="41331" nombre="Michael Sugar"/></productores><productoras><productora id="27" nombre="DreamWorks SKG"/><productora id="9195" nombre="Touchstone Pictures"/></productoras></pelicula><pelicula id="208134" emision="2013-10-22"><titulo>Bad Grandpa</titulo><presupuesto>15000000</presupuesto><ingresos>151831537</ingresos><directores><director id="56578" nombre="Jeff Tremaine"/></directores><productores><productor id="5953" nombre="Spike Jonze"/><productor id="9656" nombre="Johnny Knoxville"/><productor id="56578" nombre="Jeff Tremaine"/><productor id="61432" nombre="Derek Freda"/></productores><productoras><productora id="4" nombre="Paramount Pictures"/></productoras></pelicula><pelicula id="146239" emision="2013-10-10"><titulo>Delivery Man</titulo><presupuesto>26000000</presupuesto><ingresos>51164106</ingresos><directores><director id="1375201" nombre="Ken Scott"/></directores><productores><productor id="61932" nombre="Andr&#xE9; Rouleau"/></productores><productoras><productora id="27" nombre="DreamWorks SKG"/><productora id="9195" nombre="Touchstone Pictures"/></productoras></pelicula><pelicula id="109091" emision="2013-10-25"><titulo>The Counselor</titulo><presupuesto>25000000</presupuesto><ingresos>71009334</ingresos><directores><director id="578" nombre="Ridley Scott"/></directores><productores><productor id="578" nombre="Ridley Scott"/><productor id="6468" nombre="Nick Wechsler"/><productor id="566958" nombre="Paula Mae Schwartz"/><productor id="566962" nombre="Steve Schwartz"/></productores><productoras><productora id="22213" nombre="TSG Entertainment"/></productoras></pelicula></peliculas>
