<peliculas><pelicula id="557" emision="2002-05-01"><titulo>Spider-Man</titulo><presupuesto>139000000</presupuesto><ingresos>821708551</ingresos><directores><director id="7623" nombre="Sam Raimi"/></directores><productores><productor id="7624" nombre="Stan Lee"/><productor id="7627" nombre="Laura Ziskin"/><productor id="9987" nombre="Ian Bryce"/></productores><productoras><productora id="5" nombre="Columbia Pictures"/></productoras></pelicula><pelicula id="4614" emision="2002-05-31"><titulo>The Sum of All Fears</titulo><presupuesto>68000000</presupuesto><ingresos>193000000</ingresos><directores><director id="23968" nombre="Phil Alden Robinson"/></directores><productores><productor id="4611" nombre="Mace Neufeld"/></productores><productoras><productora id="4" nombre="Paramount Pictures"/></productoras></pelicula><pelicula id="12277" emision="2002-05-31"><titulo>Undercover Brother</titulo><presupuesto>25000000</presupuesto><ingresos>41604473</ingresos><directores><director id="72024" nombre="Malcolm D. Lee"/></directores><productores><productor id="339" nombre="Brian Grazer"/><productor id="72025" nombre="Michael Jenkinson"/><productor id="72026" nombre="Damon Lee"/></productores><productoras><productora id="33" nombre="Universal Pictures"/></productoras></pelicula><pelicula id="9023" emision="2002-05-24"><titulo>Spirit: Stallion of the Cimarron</titulo><presupuesto>80000000</presupuesto><ingresos>122563539</ingresos><directores><director id="12079" nombre="Kelly Asbury"/><director id="56660" nombre="Lorna Cook"/></directores><productores><productor id="12062" nombre="Jeffrey Katzenberg"/><productor id="56671" nombre="Mireille Soria"/></productores><productoras><productora id="27" nombre="DreamWorks SKG"/><productora id="521" nombre="DreamWorks Animation"/></productoras></pelicula></peliculas>
