<peliculas><pelicula id="9989" emision="2001-01-12"><titulo>Antitrust</titulo><presupuesto>30000000</presupuesto><ingresos>18195610</ingresos><directores><director id="7791" nombre="Peter Howitt"/></directores><productores><productor id="6468" nombre="Nick Wechsler"/><productor id="8305" nombre="David Nicksay"/><productor id="15208" nombre="Keith Addis"/></productores><productoras><productora id="8411" nombre="Metro-Goldwyn-Mayer (MGM)"/></productoras></pelicula><pelicula id="141" emision="2001-01-18"><titulo>Donnie Darko</titulo><presupuesto>6000000</presupuesto><ingresos>1270522</ingresos><directores><director id="1577" nombre="Richard Kelly"/></directores><productores><productor id="1586" nombre="Adam Fields"/><productor id="1587" nombre="Sean McKittrick"/><productor id="1588" nombre="Nancy Juvonen"/></productores><productoras><productora id="306" nombre="Twentieth Century Fox Film Corporation"/></productoras></pelicula><pelicula id="2018" emision="2001-01-26"><titulo>The Wedding Planner</titulo><presupuesto>35000000</presupuesto><ingresos>94728529</ingresos><directores><director id="20739" nombre="Adam Shankman"/></directores><productores><productor id="15306" nombre="Peter Abrams"/><productor id="15307" nombre="Robert L. Levy"/><productor id="20742" nombre="Jennifer Gibgot"/><productor id="20743" nombre="Gigi Pritzker"/></productores><productoras><productora id="441" nombre="Columbia Pictures Corporation"/></productoras></pelicula><pelicula id="16723" emision="2001-01-24"><titulo>Sugar &amp; Spice</titulo><presupuesto>11000000</presupuesto><ingresos>13276953</ingresos><directores><director id="84782" nombre="Francine McDougall"/></directores><productores/><productoras><productora id="12" nombre="New Line Cinema"/></productoras></pelicula></peliculas>
