<peliculas><pelicula id="213681" emision="2016-09-29"><titulo>Masterminds</titulo><presupuesto>25000000</presupuesto><ingresos>29200000</ingresos><directores><director id="53925" nombre="Jared Hess"/></directores><productores><productor id="52160" nombre="John Goldwyn"/><productor id="56158" nombre="Lorne Michaels"/></productores><productoras><productora id="7295" nombre="Relativity Media"/></productoras></pelicula><pelicula id="283552" emision="2016-09-02"><titulo>The Light Between Oceans</titulo><presupuesto>20000000</presupuesto><ingresos>25956113</ingresos><directores><director id="139098" nombre="Derek Cianfrance"/></directores><productores><productor id="10968" nombre="David Heyman"/><productor id="949132" nombre="Jeffrey Clifford"/></productores><productoras><productora id="27" nombre="DreamWorks SKG"/></productoras></pelicula><pelicula id="363676" emision="2016-09-07"><titulo>Sully</titulo><presupuesto>60000000</presupuesto><ingresos>238470033</ingresos><directores><director id="190" nombre="Clint Eastwood"/></directores><productores><productor id="190" nombre="Clint Eastwood"/><productor id="664" nombre="Frank Marshall"/><productor id="63946" nombre="Tim Moore"/><productor id="1521882" nombre="Allyn Stewart"/></productores><productoras><productora id="6194" nombre="Warner Bros."/></productoras></pelicula><pelicula id="332210" emision="2016-09-22"><titulo>Storks</titulo><presupuesto>70000000</presupuesto><ingresos>182379278</ingresos><directores><director id="8010" nombre="Doug Sweetland"/><director id="52934" nombre="Nicholas Stoller"/></directores><productores><productor id="32532" nombre="Brad Lewis"/><productor id="52934" nombre="Nicholas Stoller"/></productores><productoras><productora id="6194" nombre="Warner Bros."/></productoras></pelicula><pelicula id="333484" emision="2016-09-14"><titulo>The Magnificent Seven</titulo><presupuesto>90000000</presupuesto><ingresos>162360636</ingresos><directores><director id="20907" nombre="Antoine Fuqua"/></directores><productores><productor id="4504" nombre="Roger Birnbaum"/><productor id="51612" nombre="Todd Black"/></productores><productoras><productora id="5" nombre="Columbia Pictures"/><productora id="79" nombre="Village Roadshow Pictures"/><productora id="8411" nombre="Metro-Goldwyn-Mayer (MGM)"/></productoras></pelicula><pelicula id="283366" emision="2016-09-28"><titulo>Miss Peregrine's Home for Peculiar Children</titulo><presupuesto>110000000</presupuesto><ingresos>296485719</ingresos><directores><director id="510" nombre="Tim Burton"/></directores><productores><productor id="36427" nombre="Jenno Topping"/><productor id="266920" nombre="Peter Chernin"/></productores><productoras><productora id="306" nombre="Twentieth Century Fox Film Corporation"/><productora id="22213" nombre="TSG Entertainment"/></productoras></pelicula><pelicula id="317557" emision="2016-09-23"><titulo>Queen of Katwe</titulo><presupuesto>15000000</presupuesto><ingresos>10367161</ingresos><directores><director id="6495" nombre="Mira Nair"/></directores><productores/><productoras><productora id="2" nombre="Walt Disney Pictures"/></productoras></pelicula><pelicula id="377264" emision="2016-09-01"><titulo>Morgan</titulo><presupuesto>8000000</presupuesto><ingresos>8810591</ingresos><directores><director id="190090" nombre="Luke Scott"/></directores><productores><productor id="578" nombre="Ridley Scott"/><productor id="8401" nombre="Mark Huffam"/><productor id="22498" nombre="Michael Schaefer"/></productores><productoras><productora id="22213" nombre="TSG Entertainment"/></productoras></pelicula><pelicula id="95610" emision="2016-09-14"><titulo>Bridget Jones's Baby</titulo><presupuesto>35000000</presupuesto><ingresos>211952420</ingresos><directores><director id="9158" nombre="Sharon Maguire"/></directores><productores/><productoras><productora id="33" nombre="Universal Pictures"/></productoras></pelicula></peliculas>
