<peliculas><pelicula id="2024" emision="2000-06-28"><titulo>The Patriot</titulo><presupuesto>110000000</presupuesto><ingresos>215294342</ingresos><directores><director id="6046" nombre="Roland Emmerich"/></directores><productores><productor id="284" nombre="Gary Levinsohn"/><productor id="6048" nombre="Mark Gordon"/><productor id="8676" nombre="Dean Devlin"/></productores><productoras><productora id="441" nombre="Columbia Pictures Corporation"/></productoras></pelicula><pelicula id="479" emision="2000-06-15"><titulo>Shaft</titulo><presupuesto>46000000</presupuesto><ingresos>107196498</ingresos><directores><director id="6482" nombre="John Singleton"/></directores><productores><productor id="2997" nombre="Scott Rudin"/><productor id="6482" nombre="John Singleton"/><productor id="6488" nombre="Mark Roybal"/></productores><productoras><productora id="4" nombre="Paramount Pictures"/></productoras></pelicula><pelicula id="17711" emision="2000-06-30"><titulo>The Adventures of Rocky &amp; Bullwinkle</titulo><presupuesto>76000000</presupuesto><ingresos>35134820</ingresos><directores><director id="588701" nombre="Des McAnuff"/></directores><productores><productor id="380" nombre="Robert De Niro"/><productor id="3305" nombre="Jane Rosenthal"/></productores><productoras><productora id="33" nombre="Universal Pictures"/></productoras></pelicula><pelicula id="7443" emision="2000-06-21"><titulo>Chicken Run</titulo><presupuesto>45000000</presupuesto><ingresos>224834564</ingresos><directores><director id="7314" nombre="Nick Park"/><director id="53304" nombre="Peter Lord"/></directores><productores><productor id="7314" nombre="Nick Park"/><productor id="53304" nombre="Peter Lord"/><productor id="53329" nombre="David Sproxton"/><productor id="982685" nombre="Lenny Young"/><productor id="1120755" nombre="Jacky Chrisp"/></productores><productoras><productora id="27" nombre="DreamWorks SKG"/><productora id="521" nombre="DreamWorks Animation"/></productoras></pelicula><pelicula id="9679" emision="2000-06-09"><titulo>Gone in Sixty Seconds</titulo><presupuesto>90000000</presupuesto><ingresos>237202299</ingresos><directores><director id="58498" nombre="Dominic Sena"/></directores><productores><productor id="770" nombre="Jerry Bruckheimer"/><productor id="2444" nombre="Mike Stenson"/></productores><productoras><productora id="9195" nombre="Touchstone Pictures"/></productoras></pelicula><pelicula id="7450" emision="2000-06-16"><titulo>Titan A.E.</titulo><presupuesto>75000000</presupuesto><ingresos>36754634</ingresos><directores><director id="12881" nombre="Gary Goldman"/><director id="40345" nombre="Don Bluth"/></directores><productores><productor id="12881" nombre="Gary Goldman"/><productor id="13596" nombre="David Kirschner"/><productor id="40345" nombre="Don Bluth"/></productores><productoras><productora id="306" nombre="Twentieth Century Fox Film Corporation"/></productoras></pelicula><pelicula id="2123" emision="2000-06-22"><titulo>Me, Myself &amp; Irene</titulo><presupuesto>51000000</presupuesto><ingresos>149270999</ingresos><directores><director id="7395" nombre="Bobby Farrelly"/><director id="7396" nombre="Peter Farrelly"/></directores><productores><productor id="7395" nombre="Bobby Farrelly"/><productor id="7396" nombre="Peter Farrelly"/><productor id="7407" nombre="Bradley Thomas"/></productores><productoras><productora id="306" nombre="Twentieth Century Fox Film Corporation"/></productoras></pelicula></peliculas>
