<peliculas><pelicula id="270946" emision="2014-11-22"><titulo>Penguins of Madagascar</titulo><presupuesto>132000000</presupuesto><ingresos>373552094</ingresos><directores><director id="18863" nombre="Eric Darnell"/><director id="44114" nombre="Simon J. Smith"/></directores><productores/><productoras><productora id="521" nombre="DreamWorks Animation"/></productoras></pelicula><pelicula id="100042" emision="2014-11-12"><titulo>Dumb and Dumber To</titulo><presupuesto>40000000</presupuesto><ingresos>169837010</ingresos><directores><director id="7395" nombre="Bobby Farrelly"/><director id="7396" nombre="Peter Farrelly"/></directores><productores><productor id="7395" nombre="Bobby Farrelly"/><productor id="7396" nombre="Peter Farrelly"/><productor id="7407" nombre="Bradley Thomas"/><productor id="7408" nombre="Charles B. Wessler"/><productor id="1027545" nombre="Riza Aziz"/><productor id="1027550" nombre="Joey McFarland"/></productores><productoras><productora id="33" nombre="Universal Pictures"/><productora id="12" nombre="New Line Cinema"/></productoras></pelicula><pelicula id="227159" emision="2014-11-26"><titulo>Horrible Bosses 2</titulo><presupuesto>42000000</presupuesto><ingresos>107670357</ingresos><directores><director id="74619" nombre="Sean Anders"/></directores><productores/><productoras><productora id="12" nombre="New Line Cinema"/></productoras></pelicula><pelicula id="157336" emision="2014-11-05"><titulo>Interstellar</titulo><presupuesto>165000000</presupuesto><ingresos>675120017</ingresos><directores><director id="525" nombre="Christopher Nolan"/></directores><productores><productor id="525" nombre="Christopher Nolan"/><productor id="556" nombre="Emma Thomas"/><productor id="2162" nombre="Lynda Obst"/></productores><productoras><productora id="6194" nombre="Warner Bros."/><productora id="4" nombre="Paramount Pictures"/><productora id="923" nombre="Legendary Pictures"/></productoras></pelicula></peliculas>
