<peliculas><pelicula id="59108" emision="2011-11-02"><titulo>Tower Heist</titulo><presupuesto>75000000</presupuesto><ingresos>152930623</ingresos><directores><director id="11091" nombre="Brett Ratner"/></directores><productores><productor id="339" nombre="Brian Grazer"/><productor id="776" nombre="Eddie Murphy"/><productor id="5284" nombre="Kim Roth"/></productores><productoras><productora id="33" nombre="Universal Pictures"/><productora id="7295" nombre="Relativity Media"/></productoras></pelicula><pelicula id="55465" emision="2011-11-04"><titulo>A Very Harold &amp; Kumar Christmas</titulo><presupuesto>19000000</presupuesto><ingresos>35387212</ingresos><directores><director id="222470" nombre="Todd Strauss-Schulson"/></directores><productores><productor id="19658" nombre="Greg Shapiro"/></productores><productoras><productora id="12" nombre="New Line Cinema"/></productoras></pelicula><pelicula id="64328" emision="2011-11-22"><titulo>The Muppets</titulo><presupuesto>45000000</presupuesto><ingresos>165184237</ingresos><directores><director id="26205" nombre="James Bobin"/></directores><productores/><productoras><productora id="2" nombre="Walt Disney Pictures"/></productoras></pelicula><pelicula id="70435" emision="2011-11-06"><titulo>Haywire</titulo><presupuesto>23000000</presupuesto><ingresos>33372606</ingresos><directores><director id="1884" nombre="Steven Soderbergh"/></directores><productores><productor id="72106" nombre="Ken Halsband"/><productor id="119665" nombre="Gregory Jacobs"/></productores><productoras><productora id="7295" nombre="Relativity Media"/></productoras></pelicula><pelicula id="65759" emision="2011-11-17"><titulo>Happy Feet Two</titulo><presupuesto>130000000</presupuesto><ingresos>150406466</ingresos><directores><director id="20629" nombre="George Miller"/></directores><productores><productor id="11651" nombre="Doug Mitchell"/><productor id="20629" nombre="George Miller"/><productor id="58140" nombre="Bill Miller"/></productores><productoras><productora id="6194" nombre="Warner Bros."/><productora id="79" nombre="Village Roadshow Pictures"/></productoras></pelicula><pelicula id="58574" emision="2011-11-22"><titulo>Sherlock Holmes: A Game of Shadows</titulo><presupuesto>125000000</presupuesto><ingresos>334615000</ingresos><directores><director id="956" nombre="Guy Ritchie"/></directores><productores><productor id="1091" nombre="Joel Silver"/><productor id="37162" nombre="Susan Downey"/><productor id="41289" nombre="Lionel Wigram"/><productor id="112690" nombre="Dan Lin"/></productores><productoras><productora id="6194" nombre="Warner Bros."/><productora id="79" nombre="Village Roadshow Pictures"/></productoras></pelicula><pelicula id="44826" emision="2011-11-22"><titulo>Hugo</titulo><presupuesto>170000000</presupuesto><ingresos>185770160</ingresos><directores><director id="1032" nombre="Martin Scorsese"/></directores><productores><productor id="85" nombre="Johnny Depp"/><productor id="1032" nombre="Martin Scorsese"/><productor id="16729" nombre="Graham King"/><productor id="114479" nombre="Tim Headington"/></productores><productoras><productora id="4" nombre="Paramount Pictures"/></productoras></pelicula><pelicula id="71880" emision="2011-11-11"><titulo>Jack and Jill</titulo><presupuesto>79000000</presupuesto><ingresos>149673788</ingresos><directores><director id="17494" nombre="Dennis Dugan"/></directores><productores/><productoras><productora id="5" nombre="Columbia Pictures"/></productoras></pelicula></peliculas>
