<peliculas><pelicula id="49051" emision="2012-11-26"><titulo>The Hobbit: An Unexpected Journey</titulo><presupuesto>250000000</presupuesto><ingresos>1021103568</ingresos><directores><director id="108" nombre="Peter Jackson"/></directores><productores><productor id="108" nombre="Peter Jackson"/><productor id="126" nombre="Fran Walsh"/><productor id="3506" nombre="Carolynne Cunningham"/><productor id="53393" nombre="Zane Weiner"/></productores><productoras><productora id="12" nombre="New Line Cinema"/><productora id="8411" nombre="Metro-Goldwyn-Mayer (MGM)"/></productoras></pelicula><pelicula id="81188" emision="2012-11-21"><titulo>Rise of the Guardians</titulo><presupuesto>145000000</presupuesto><ingresos>306941670</ingresos><directores><director id="151007" nombre="Peter Ramsey"/></directores><productores><productor id="35666" nombre="Christina Steinberg"/><productor id="1056758" nombre="Nancy Bernstein"/></productores><productoras><productora id="521" nombre="DreamWorks Animation"/></productoras></pelicula><pelicula id="72976" emision="2012-11-09"><titulo>Lincoln</titulo><presupuesto>65000000</presupuesto><ingresos>275293450</ingresos><directores><director id="488" nombre="Steven Spielberg"/></directores><productores><productor id="488" nombre="Steven Spielberg"/><productor id="489" nombre="Kathleen Kennedy"/></productores><productoras><productora id="306" nombre="Twentieth Century Fox Film Corporation"/><productora id="56" nombre="Amblin Entertainment"/><productora id="444" nombre="Dune Entertainment"/></productoras></pelicula><pelicula id="87502" emision="2012-11-02"><titulo>Flight</titulo><presupuesto>31000000</presupuesto><ingresos>161772375</ingresos><directores><director id="24" nombre="Robert Zemeckis"/></directores><productores><productor id="24" nombre="Robert Zemeckis"/><productor id="30" nombre="Steve Starkey"/><productor id="2212" nombre="Walter F. Parkes"/><productor id="8701" nombre="Laurie MacDonald"/><productor id="23779" nombre="Jack Rapke"/></productores><productoras><productora id="4" nombre="Paramount Pictures"/></productoras></pelicula><pelicula id="87827" emision="2012-11-20"><titulo>Life of Pi</titulo><presupuesto>120000000</presupuesto><ingresos>609016565</ingresos><directores><director id="1614" nombre="Ang Lee"/></directores><productores><productor id="25455" nombre="Gil Netter"/><productor id="42736" nombre="David Womark"/></productores><productoras><productora id="444" nombre="Dune Entertainment"/></productoras></pelicula></peliculas>
