<peliculas><pelicula id="2109" emision="1998-09-18"><titulo>Rush Hour</titulo><presupuesto>33000000</presupuesto><ingresos>244386864</ingresos><directores><director id="11091" nombre="Brett Ratner"/></directores><productores><productor id="4504" nombre="Roger Birnbaum"/><productor id="21635" nombre="Jonathan Glickman"/><productor id="21636" nombre="Arthur M. Sarkissian"/></productores><productoras><productora id="12" nombre="New Line Cinema"/></productoras></pelicula><pelicula id="11545" emision="1998-09-17"><titulo>Rushmore</titulo><presupuesto>9000000</presupuesto><ingresos>17096053</ingresos><directores><director id="5655" nombre="Wes Anderson"/></directores><productores><productor id="5664" nombre="Barry Mendel"/><productor id="18344" nombre="Paul Schiff"/></productores><productoras><productora id="9195" nombre="Touchstone Pictures"/></productoras></pelicula><pelicula id="22256" emision="1998-09-11"><titulo>Without Limits</titulo><presupuesto>25000000</presupuesto><ingresos>777423</ingresos><directores><director id="11057" nombre="Robert Towne"/></directores><productores/><productoras><productora id="6194" nombre="Warner Bros."/></productoras></pelicula></peliculas>
