<peliculas><pelicula id="158015" emision="2013-05-31"><titulo>The Purge</titulo><presupuesto>3000000</presupuesto><ingresos>89328627</ingresos><directores><director id="53120" nombre="James DeMonaco"/></directores><productores><productor id="865" nombre="Michael Bay"/><productor id="54843" nombre="Andrew Form"/><productor id="54844" nombre="Bradley Fuller"/><productor id="84348" nombre="Jason Blum"/><productor id="1186277" nombre="Sebastien Lemercier"/></productores><productoras><productora id="33" nombre="Universal Pictures"/></productoras></pelicula><pelicula id="82992" emision="2013-05-06"><titulo>Fast &amp; Furious 6</titulo><presupuesto>160000000</presupuesto><ingresos>788679850</ingresos><directores><director id="58189" nombre="Justin Lin"/></directores><productores><productor id="3184" nombre="Clayton Townsend"/><productor id="11874" nombre="Neal H. Moritz"/><productor id="12835" nombre="Vin Diesel"/></productores><productoras><productora id="33" nombre="Universal Pictures"/><productora id="7295" nombre="Relativity Media"/></productoras></pelicula><pelicula id="109439" emision="2013-05-23"><titulo>The Hangover Part III</titulo><presupuesto>103000000</presupuesto><ingresos>362000072</ingresos><directores><director id="57130" nombre="Todd Phillips"/></directores><productores><productor id="57130" nombre="Todd Phillips"/><productor id="57132" nombre="Daniel Goldberg"/></productores><productoras><productora id="923" nombre="Legendary Pictures"/></productoras></pelicula><pelicula id="54138" emision="2013-05-05"><titulo>Star Trek Into Darkness</titulo><presupuesto>190000000</presupuesto><ingresos>467365246</ingresos><directores><director id="15344" nombre="J.J. Abrams"/></directores><productores><productor id="15344" nombre="J.J. Abrams"/><productor id="15345" nombre="Alex Kurtzman"/><productor id="15346" nombre="Roberto Orci"/><productor id="28974" nombre="Damon Lindelof"/><productor id="28977" nombre="Bryan Burk"/></productores><productoras><productora id="4" nombre="Paramount Pictures"/></productoras></pelicula><pelicula id="82700" emision="2013-05-30"><titulo>After Earth</titulo><presupuesto>130000000</presupuesto><ingresos>243843127</ingresos><directores><director id="11614" nombre="M. Night Shyamalan"/></directores><productores><productor id="2888" nombre="Will Smith"/><productor id="9575" nombre="Jada Pinkett Smith"/><productor id="46080" nombre="James Lassiter"/><productor id="74574" nombre="Caleeb Pinkett"/></productores><productoras><productora id="5" nombre="Columbia Pictures"/></productoras></pelicula><pelicula id="64682" emision="2013-05-10"><titulo>The Great Gatsby</titulo><presupuesto>105000000</presupuesto><ingresos>351040419</ingresos><directores><director id="6201" nombre="Baz Luhrmann"/></directores><productores><productor id="6201" nombre="Baz Luhrmann"/><productor id="6203" nombre="Catherine Martin"/><productor id="12202" nombre="Catherine Knapman"/><productor id="19862" nombre="Lucy Fisher"/></productores><productoras><productora id="6194" nombre="Warner Bros."/><productora id="79" nombre="Village Roadshow Pictures"/></productoras></pelicula></peliculas>
