<peliculas><pelicula id="381288" emision="2016-11-15"><titulo>Split</titulo><presupuesto>9000000</presupuesto><ingresos>276921998</ingresos><directores><director id="11614" nombre="M. Night Shyamalan"/></directores><productores><productor id="11614" nombre="M. Night Shyamalan"/><productor id="84348" nombre="Jason Blum"/><productor id="1657696" nombre="Mark Bienstock"/></productores><productoras><productora id="33" nombre="Universal Pictures"/></productoras></pelicula><pelicula id="259316" emision="2016-11-16"><titulo>Fantastic Beasts and Where to Find Them</titulo><presupuesto>180000000</presupuesto><ingresos>809342332</ingresos><directores><director id="11343" nombre="David Yates"/></directores><productores><productor id="10966" nombre="J.K. Rowling"/><productor id="10967" nombre="Steve Kloves"/><productor id="10968" nombre="David Heyman"/><productor id="41289" nombre="Lionel Wigram"/></productores><productoras><productora id="6194" nombre="Warner Bros."/></productoras></pelicula><pelicula id="335797" emision="2016-11-23"><titulo>Sing</titulo><presupuesto>75000000</presupuesto><ingresos>632443719</ingresos><directores><director id="52842" nombre="Garth Jennings"/></directores><productores><productor id="5720" nombre="Christopher Meledandri"/><productor id="38802" nombre="Joby Talbot"/><productor id="65674" nombre="Janet Healy"/></productores><productoras><productora id="33" nombre="Universal Pictures"/></productoras></pelicula><pelicula id="384682" emision="2016-11-25"><titulo>Office Christmas Party</titulo><presupuesto>45000000</presupuesto><ingresos>114501299</ingresos><directores><director id="60922" nombre="Josh Gordon"/><director id="60923" nombre="Will Speck"/></directores><productores><productor id="19282" nombre="Scott Stuber"/><productor id="53758" nombre="Guymon Casady"/><productor id="1229515" nombre="Daniel Rappaport"/></productores><productoras><productora id="4" nombre="Paramount Pictures"/><productora id="27" nombre="DreamWorks SKG"/></productoras></pelicula><pelicula id="329865" emision="2016-11-10"><titulo>Arrival</titulo><presupuesto>47000000</presupuesto><ingresos>203388186</ingresos><directores><director id="137427" nombre="Denis Villeneuve"/></directores><productores><productor id="554" nombre="Aaron Ryder"/><productor id="17825" nombre="Shawn Levy"/><productor id="39454" nombre="David Linde"/><productor id="57175" nombre="Karen Lunder"/><productor id="1188380" nombre="Daniel S. Levine"/><productor id="1718785" nombre="Dan Cohen"/></productores><productoras><productora id="4" nombre="Paramount Pictures"/></productoras></pelicula><pelicula id="340666" emision="2016-11-04"><titulo>Nocturnal Animals</titulo><presupuesto>22500000</presupuesto><ingresos>29252978</ingresos><directores><director id="120615" nombre="Tom Ford"/></directores><productores><productor id="6409" nombre="Robert Salerno"/><productor id="120615" nombre="Tom Ford"/></productores><productoras><productora id="33" nombre="Universal Pictures"/></productoras></pelicula><pelicula id="277834" emision="2016-11-23"><titulo>Moana</titulo><presupuesto>150000000</presupuesto><ingresos>643034466</ingresos><directores><director id="15810" nombre="Ron Clements"/><director id="15811" nombre="John Musker"/></directores><productores><productor id="1117781" nombre="Osnat Shurer"/></productores><productoras><productora id="2" nombre="Walt Disney Pictures"/></productoras></pelicula><pelicula id="340402" emision="2016-11-11"><titulo>Almost Christmas</titulo><presupuesto>17000000</presupuesto><ingresos>42487325</ingresos><directores><director id="109692" nombre="David E. Talbert"/></directores><productores/><productoras><productora id="33" nombre="Universal Pictures"/></productoras></pelicula><pelicula id="369885" emision="2016-11-17"><titulo>Allied</titulo><presupuesto>85000000</presupuesto><ingresos>119520023</ingresos><directores><director id="24" nombre="Robert Zemeckis"/></directores><productores><productor id="24" nombre="Robert Zemeckis"/><productor id="30" nombre="Steve Starkey"/><productor id="16729" nombre="Graham King"/></productores><productoras><productora id="4" nombre="Paramount Pictures"/></productoras></pelicula></peliculas>
