<peliculas><pelicula id="258489" emision="2016-06-29"><titulo>The Legend of Tarzan</titulo><presupuesto>180000000</presupuesto><ingresos>356743061</ingresos><directores><director id="11343" nombre="David Yates"/></directores><productores/><productoras><productora id="79" nombre="Village Roadshow Pictures"/></productoras></pelicula><pelicula id="302699" emision="2016-06-15"><titulo>Central Intelligence</titulo><presupuesto>50000000</presupuesto><ingresos>216972543</ingresos><directores><director id="57633" nombre="Rawson Marshall Thurber"/></directores><productores><productor id="8181" nombre="Michael Fottrell"/><productor id="19282" nombre="Scott Stuber"/><productor id="59421" nombre="Paul Young"/><productor id="63223" nombre="Peter Principato"/></productores><productoras><productora id="33" nombre="Universal Pictures"/><productora id="12" nombre="New Line Cinema"/></productoras></pelicula><pelicula id="127380" emision="2016-06-16"><titulo>Finding Dory</titulo><presupuesto>200000000</presupuesto><ingresos>1028570889</ingresos><directores><director id="7" nombre="Andrew Stanton"/><director id="7929" nombre="Angus MacLane"/></directores><productores><productor id="72753" nombre="Lindsey Collins"/></productores><productoras><productora id="2" nombre="Walt Disney Pictures"/><productora id="3" nombre="Pixar Animation Studios"/></productoras></pelicula><pelicula id="296096" emision="2016-06-02"><titulo>Me Before You</titulo><presupuesto>20000000</presupuesto><ingresos>207945075</ingresos><directores><director id="1096867" nombre="Thea Sharrock"/></directores><productores><productor id="10569" nombre="Karen Rosenfelt"/><productor id="37756" nombre="Alison Owen"/></productores><productoras><productora id="12" nombre="New Line Cinema"/><productora id="8411" nombre="Metro-Goldwyn-Mayer (MGM)"/></productoras></pelicula><pelicula id="328111" emision="2016-06-18"><titulo>The Secret Life of Pets</titulo><presupuesto>75000000</presupuesto><ingresos>875457937</ingresos><directores><director id="124748" nombre="Chris Renaud"/></directores><productores><productor id="5720" nombre="Christopher Meledandri"/><productor id="65674" nombre="Janet Healy"/></productores><productoras><productora id="33" nombre="Universal Pictures"/></productoras></pelicula><pelicula id="308531" emision="2016-06-01"><titulo>Teenage Mutant Ninja Turtles: Out of the Shadows</titulo><presupuesto>135000000</presupuesto><ingresos>245623848</ingresos><directores><director id="1101410" nombre="Dave Green"/></directores><productores/><productoras><productora id="4" nombre="Paramount Pictures"/></productoras></pelicula><pelicula id="47933" emision="2016-06-22"><titulo>Independence Day: Resurgence</titulo><presupuesto>165000000</presupuesto><ingresos>389681935</ingresos><directores><director id="6046" nombre="Roland Emmerich"/></directores><productores><productor id="5430" nombre="Harald Kloser"/><productor id="6046" nombre="Roland Emmerich"/><productor id="8676" nombre="Dean Devlin"/></productores><productoras><productora id="306" nombre="Twentieth Century Fox Film Corporation"/><productora id="22213" nombre="TSG Entertainment"/></productoras></pelicula><pelicula id="332567" emision="2016-06-24"><titulo>The Shallows</titulo><presupuesto>17000000</presupuesto><ingresos>119100758</ingresos><directores><director id="59521" nombre="Jaume Collet-Serra"/></directores><productores><productor id="4768" nombre="Lynn Harris"/><productor id="1642831" nombre="Matti Leshem"/></productores><productoras><productora id="5" nombre="Columbia Pictures"/></productoras></pelicula><pelicula id="316727" emision="2016-06-29"><titulo>The Purge: Election Year</titulo><presupuesto>10000000</presupuesto><ingresos>118587880</ingresos><directores><director id="53120" nombre="James DeMonaco"/></directores><productores><productor id="865" nombre="Michael Bay"/><productor id="54843" nombre="Andrew Form"/><productor id="54844" nombre="Bradley Fuller"/><productor id="84348" nombre="Jason Blum"/><productor id="1186277" nombre="Sebastien Lemercier"/></productores><productoras><productora id="33" nombre="Universal Pictures"/></productoras></pelicula><pelicula id="267935" emision="2016-06-01"><titulo>The BFG</titulo><presupuesto>140000000</presupuesto><ingresos>183345589</ingresos><directores><director id="488" nombre="Steven Spielberg"/></directores><productores><productor id="136" nombre="Sam Mercer"/><productor id="488" nombre="Steven Spielberg"/><productor id="664" nombre="Frank Marshall"/></productores><productoras><productora id="2" nombre="Walt Disney Pictures"/><productora id="56" nombre="Amblin Entertainment"/></productoras></pelicula></peliculas>
