<peliculas><pelicula id="13476" emision="2004-01-23"><titulo>Win a Date with Tad Hamilton!</titulo><presupuesto>17000000</presupuesto><ingresos>16980098</ingresos><directores><director id="36797" nombre="Robert Luketic"/></directores><productores/><productoras><productora id="27" nombre="DreamWorks SKG"/></productoras></pelicula><pelicula id="1954" emision="2004-01-22"><titulo>The Butterfly Effect</titulo><presupuesto>13000000</presupuesto><ingresos>96060858</ingresos><directores><director id="20218" nombre="Eric Bress"/><director id="20219" nombre="J. Mackye Gruber"/></directores><productores><productor id="298" nombre="Chris Bender"/><productor id="20222" nombre="A.J. Dix"/><productor id="20223" nombre="J.C. Spink"/><productor id="20224" nombre="Anthony Rhulen"/></productores><productoras><productora id="12" nombre="New Line Cinema"/></productoras></pelicula><pelicula id="21301" emision="2004-01-20"><titulo>Barbershop 2:  Back in Business</titulo><presupuesto>18000000</presupuesto><ingresos>65070412</ingresos><directores><director id="70777" nombre="Kevin Rodney Sullivan"/></directores><productores/><productoras><productora id="8411" nombre="Metro-Goldwyn-Mayer (MGM)"/></productoras></pelicula><pelicula id="23601" emision="2004-01-20"><titulo>We Don't Live Here Anymore</titulo><presupuesto>3000000</presupuesto><ingresos>2037545</ingresos><directores><director id="96166" nombre="John Curran"/></directores><productores/><productoras><productora id="6194" nombre="Warner Bros."/></productoras></pelicula><pelicula id="10718" emision="2004-01-16"><titulo>Torque</titulo><presupuesto>40000000</presupuesto><ingresos>46546197</ingresos><directores><director id="66823" nombre="Joseph Kahn"/></directores><productores><productor id="11874" nombre="Neal H. Moritz"/><productor id="59960" nombre="Brad Luff"/></productores><productoras><productora id="6194" nombre="Warner Bros."/><productora id="79" nombre="Village Roadshow Pictures"/></productoras></pelicula></peliculas>
