<peliculas><pelicula id="274479" emision="2015-12-24"><titulo>Joy</titulo><presupuesto>60000000</presupuesto><ingresos>101134059</ingresos><directores><director id="17883" nombre="David O. Russell"/></directores><productores><productor id="2043" nombre="John Davis"/><productor id="6624" nombre="Jonathan Gordon"/><productor id="17883" nombre="David O. Russell"/><productor id="70701" nombre="Ken Mok"/><productor id="1027025" nombre="Megan Ellison"/></productores><productoras><productora id="22213" nombre="TSG Entertainment"/></productoras></pelicula><pelicula id="274167" emision="2015-12-25"><titulo>Daddy's Home</titulo><presupuesto>50000000</presupuesto><ingresos>242786137</ingresos><directores><director id="74619" nombre="Sean Anders"/></directores><productores><productor id="23659" nombre="Will Ferrell"/><productor id="55710" nombre="Adam McKay"/><productor id="99410" nombre="Chris Henchy"/><productor id="212576" nombre="John Morris"/></productores><productoras><productora id="4" nombre="Paramount Pictures"/></productoras></pelicula><pelicula id="318846" emision="2015-12-11"><titulo>The Big Short</titulo><presupuesto>28000000</presupuesto><ingresos>133346506</ingresos><directores><director id="55710" nombre="Adam McKay"/></directores><productores><productor id="287" nombre="Brad Pitt"/><productor id="376" nombre="Arnon Milchan"/><productor id="20458" nombre="Dede Gardner"/><productor id="967387" nombre="Jeremy Kleiner"/></productores><productoras><productora id="4" nombre="Paramount Pictures"/></productoras></pelicula></peliculas>
