<peliculas><pelicula id="10402" emision="1999-12-10"><titulo>Deuce Bigalow: Male Gigolo</titulo><presupuesto>17000000</presupuesto><ingresos>65535067</ingresos><directores><director id="64151" nombre="Mike Mitchell"/></directores><productores><productor id="19292" nombre="Adam Sandler"/></productores><productoras><productora id="9195" nombre="Touchstone Pictures"/></productoras></pelicula><pelicula id="10397" emision="1999-12-25"><titulo>Angela's Ashes</titulo><presupuesto>25</presupuesto><ingresos>13</ingresos><directores><director id="9168" nombre="Alan Parker"/></directores><productores><productor id="5322" nombre="David Brown"/></productores><productoras><productora id="33" nombre="Universal Pictures"/><productora id="4" nombre="Paramount Pictures"/></productoras></pelicula><pelicula id="1213" emision="1999-12-25"><titulo>The Talented Mr. Ripley</titulo><presupuesto>40000000</presupuesto><ingresos>128798265</ingresos><directores><director id="2239" nombre="Anthony Minghella"/></directores><productores><productor id="8330" nombre="Tom Sternberg"/><productor id="15906" nombre="William Horberg"/></productores><productoras><productora id="4" nombre="Paramount Pictures"/></productoras></pelicula><pelicula id="49948" emision="1999-12-17"><titulo>Fantasia 2000</titulo><presupuesto>80000000</presupuesto><ingresos>90874570</ingresos><directores><director id="5690" nombre="James Algar"/><director id="12824" nombre="Don Hahn"/><director id="56146" nombre="Ga&#xEB;tan Brizzi"/><director id="56147" nombre="Paul Brizzi"/><director id="65531" nombre="Eric Goldberg"/><director id="74297" nombre="Hendel Butoy"/><director id="74298" nombre="Francis Glebas"/><director id="74299" nombre="Pixote Hunt"/></directores><productores><productor id="16390" nombre="Donald W. Ernst"/></productores><productoras><productora id="2" nombre="Walt Disney Pictures"/></productoras></pelicula><pelicula id="2277" emision="1999-12-17"><titulo>Bicentennial Man</titulo><presupuesto>100000000</presupuesto><ingresos>93700000</ingresos><directores><director id="10965" nombre="Chris Columbus"/></directores><productores/><productoras><productora id="9195" nombre="Touchstone Pictures"/><productora id="441" nombre="Columbia Pictures Corporation"/></productoras></pelicula><pelicula id="926" emision="1999-12-23"><titulo>Galaxy Quest</titulo><presupuesto>45000000</presupuesto><ingresos>90683916</ingresos><directores><director id="15002" nombre="Dean Parisot"/></directores><productores><productor id="5162" nombre="Mark Johnson"/><productor id="15004" nombre="Charles Newirth"/></productores><productoras><productora id="27" nombre="DreamWorks SKG"/></productoras></pelicula><pelicula id="20024" emision="1999-12-03"><titulo>The End of the Affair</titulo><presupuesto>23000000</presupuesto><ingresos>10827816</ingresos><directores><director id="17016" nombre="Neil Jordan"/></directores><productores><productor id="9021" nombre="Stephen Woolley"/><productor id="17016" nombre="Neil Jordan"/></productores><productoras><productora id="441" nombre="Columbia Pictures Corporation"/></productoras></pelicula><pelicula id="497" emision="1999-12-10"><titulo>The Green Mile</titulo><presupuesto>60000000</presupuesto><ingresos>284600000</ingresos><directores><director id="4027" nombre="Frank Darabont"/></directores><productores><productor id="3718" nombre="David Valdes"/><productor id="4027" nombre="Frank Darabont"/></productores><productoras><productora id="6194" nombre="Warner Bros."/></productoras></pelicula><pelicula id="10137" emision="1999-12-17"><titulo>Stuart Little</titulo><presupuesto>133000000</presupuesto><ingresos>300135367</ingresos><directores><director id="18898" nombre="Rob Minkoff"/></directores><productores><productor id="931" nombre="Douglas Wick"/></productores><productoras><productora id="441" nombre="Columbia Pictures Corporation"/></productoras></pelicula><pelicula id="334" emision="1999-12-08"><titulo>Magnolia</titulo><presupuesto>37000000</presupuesto><ingresos>48451803</ingresos><directores><director id="4762" nombre="Paul Thomas Anderson"/></directores><productores><productor id="1809" nombre="Dylan Tichenor"/><productor id="4762" nombre="Paul Thomas Anderson"/><productor id="4769" nombre="Daniel Lupi"/><productor id="4770" nombre="JoAnne Sellar"/></productores><productoras><productora id="12" nombre="New Line Cinema"/></productoras></pelicula><pelicula id="20761" emision="1999-12-25"><titulo>Play It to the Bone</titulo><presupuesto>24000000</presupuesto><ingresos>8434146</ingresos><directores><director id="4037" nombre="Ron Shelton"/></directores><productores><productor id="1394533" nombre="Stephen Chin"/></productores><productoras><productora id="9195" nombre="Touchstone Pictures"/></productoras></pelicula><pelicula id="9563" emision="1999-12-16"><titulo>Any Given Sunday</titulo><presupuesto>55000000</presupuesto><ingresos>100230832</ingresos><directores><director id="1152" nombre="Oliver Stone"/></directores><productores><productor id="3184" nombre="Clayton Townsend"/><productor id="5379" nombre="Dan Halsted"/><productor id="7200" nombre="Lauren Shuler Donner"/></productores><productoras><productora id="6194" nombre="Warner Bros."/></productoras></pelicula></peliculas>
