<peliculas><pelicula id="9383" emision="2000-08-04"><titulo>Hollow Man</titulo><presupuesto>95000000</presupuesto><ingresos>190213455</ingresos><directores><director id="10491" nombre="Paul Verhoeven"/></directores><productores><productor id="931" nombre="Douglas Wick"/><productor id="7726" nombre="Alan Marshall"/></productores><productoras><productora id="441" nombre="Columbia Pictures Corporation"/></productoras></pelicula><pelicula id="82103" emision="2000-08-17"><titulo>Me, You, Them</titulo><presupuesto>1900000</presupuesto><ingresos>2070806</ingresos><directores><director id="237884" nombre="Andrucha Waddington"/></directores><productores/><productoras><productora id="441" nombre="Columbia Pictures Corporation"/></productoras></pelicula><pelicula id="8843" emision="2000-08-17"><titulo>The Cell</titulo><presupuesto>33000000</presupuesto><ingresos>104155843</ingresos><directores><director id="56512" nombre="Tarsem Singh"/></directores><productores><productor id="2445" nombre="Eric McLeod"/><productor id="56515" nombre="Julio Caro"/></productores><productoras><productora id="12" nombre="New Line Cinema"/></productoras></pelicula><pelicula id="11398" emision="2000-08-23"><titulo>The Art of War</titulo><presupuesto>40000000</presupuesto><ingresos>30199105</ingresos><directores><director id="25735" nombre="Christian Duguay"/></directores><productores><productor id="52089" nombre="Nicolas Clermont"/><productor id="61703" nombre="Ron Yuan"/></productores><productoras><productora id="6194" nombre="Warner Bros."/></productoras></pelicula><pelicula id="134" emision="2000-08-30"><titulo>O Brother, Where Art Thou?</titulo><presupuesto>26000000</presupuesto><ingresos>71868327</ingresos><directores><director id="1223" nombre="Joel Coen"/></directores><productores><productor id="1224" nombre="Ethan Coen"/></productores><productoras><productora id="33" nombre="Universal Pictures"/><productora id="9195" nombre="Touchstone Pictures"/></productoras></pelicula></peliculas>
