<peliculas><pelicula id="9767" emision="2006-06-01"><titulo>The Break-Up</titulo><presupuesto>52000000</presupuesto><ingresos>204999686</ingresos><directores><director id="59026" nombre="Peyton Reed"/></directores><productores><productor id="4937" nombre="Vince Vaughn"/><productor id="19282" nombre="Scott Stuber"/></productores><productoras><productora id="33" nombre="Universal Pictures"/></productoras></pelicula><pelicula id="806" emision="2006-06-06"><titulo>The Omen</titulo><presupuesto>25000000</presupuesto><ingresos>119188334</ingresos><directores><director id="12028" nombre="John Moore"/></directores><productores><productor id="12028" nombre="John Moore"/><productor id="12031" nombre="Peter Veverka"/><productor id="12032" nombre="Glenn Williamson"/></productores><productoras><productora id="306" nombre="Twentieth Century Fox Film Corporation"/></productoras></pelicula><pelicula id="350" emision="2006-06-30"><titulo>The Devil Wears Prada</titulo><presupuesto>35000000</presupuesto><ingresos>326551094</ingresos><directores><director id="5065" nombre="David Frankel"/></directores><productores><productor id="28" nombre="Wendy Finerman"/></productores><productoras><productora id="306" nombre="Twentieth Century Fox Film Corporation"/><productora id="444" nombre="Dune Entertainment"/></productoras></pelicula><pelicula id="9353" emision="2006-06-16"><titulo>Nacho Libre</titulo><presupuesto>32000000</presupuesto><ingresos>80197993</ingresos><directores><director id="53925" nombre="Jared Hess"/></directores><productores><productor id="17735" nombre="Mike White"/><productor id="70851" nombre="Jack Black"/></productores><productoras><productora id="4" nombre="Paramount Pictures"/></productoras></pelicula><pelicula id="920" emision="2006-06-08"><titulo>Cars</titulo><presupuesto>120000000</presupuesto><ingresos>461983149</ingresos><directores><director id="7879" nombre="John Lasseter"/><director id="7911" nombre="Joe Ranft"/></directores><productores><productor id="7878" nombre="Darla K. Anderson"/></productores><productoras><productora id="2" nombre="Walt Disney Pictures"/><productora id="3" nombre="Pixar Animation Studios"/></productoras></pelicula><pelicula id="9615" emision="2006-06-03"><titulo>The Fast and the Furious: Tokyo Drift</titulo><presupuesto>85000000</presupuesto><ingresos>158468292</ingresos><directores><director id="58189" nombre="Justin Lin"/></directores><productores><productor id="11874" nombre="Neal H. Moritz"/></productores><productoras><productora id="33" nombre="Universal Pictures"/></productoras></pelicula><pelicula id="16007" emision="2006-06-17"><titulo>Death Note</titulo><presupuesto>20000000</presupuesto><ingresos>27793200</ingresos><directores><director id="46366" nombre="Shusuke Kaneko"/></directores><productores/><productoras><productora id="6194" nombre="Warner Bros."/></productoras></pelicula><pelicula id="9339" emision="2006-06-22"><titulo>Click</titulo><presupuesto>82500000</presupuesto><ingresos>237681299</ingresos><directores><director id="57370" nombre="Frank Coraci"/></directores><productores><productor id="4485" nombre="Steve Koren"/><productor id="4486" nombre="Mark O'Keefe"/><productor id="11874" nombre="Neal H. Moritz"/><productor id="19292" nombre="Adam Sandler"/><productor id="20821" nombre="Jack Giarraputo"/></productores><productoras><productora id="441" nombre="Columbia Pictures Corporation"/></productoras></pelicula><pelicula id="1452" emision="2006-06-28"><titulo>Superman Returns</titulo><presupuesto>270000000</presupuesto><ingresos>391081192</ingresos><directores><director id="9032" nombre="Bryan Singer"/></directores><productores><productor id="3805" nombre="Jon Peters"/><productor id="9032" nombre="Bryan Singer"/><productor id="10953" nombre="Gilbert Adler"/></productores><productoras><productora id="6194" nombre="Warner Bros."/><productora id="923" nombre="Legendary Pictures"/></productoras></pelicula><pelicula id="2044" emision="2006-06-16"><titulo>The Lake House</titulo><presupuesto>40000000</presupuesto><ingresos>114830111</ingresos><directores><director id="21031" nombre="Alejandro Agresti"/></directores><productores><productor id="21035" nombre="Doug Davison"/><productor id="21036" nombre="Roy Lee"/></productores><productoras><productora id="6194" nombre="Warner Bros."/><productora id="79" nombre="Village Roadshow Pictures"/></productoras></pelicula><pelicula id="58" emision="2006-06-20"><titulo>Pirates of the Caribbean: Dead Man's Chest</titulo><presupuesto>200000000</presupuesto><ingresos>1065659812</ingresos><directores><director id="1704" nombre="Gore Verbinski"/></directores><productores><productor id="770" nombre="Jerry Bruckheimer"/><productor id="2447" nombre="Peter Kohn"/><productor id="2448" nombre="Pat Sandston"/></productores><productoras><productora id="2" nombre="Walt Disney Pictures"/></productoras></pelicula></peliculas>
