<peliculas><pelicula id="9981" emision="2005-05-13"><titulo>Kicking &amp; Screaming</titulo><presupuesto>45000000</presupuesto><ingresos>56070433</ingresos><directores><director id="54584" nombre="Jesse Dylan"/></directores><productores><productor id="61396" nombre="Mia Apatow"/><productor id="61397" nombre="Jimmy Miller"/></productores><productoras><productora id="33" nombre="Universal Pictures"/></productoras></pelicula><pelicula id="953" emision="2005-05-25"><titulo>Madagascar</titulo><presupuesto>75000000</presupuesto><ingresos>532680671</ingresos><directores><director id="18863" nombre="Eric Darnell"/><director id="18864" nombre="Tom McGrath"/></directores><productores><productor id="56671" nombre="Mireille Soria"/></productores><productoras><productora id="27" nombre="DreamWorks SKG"/><productora id="521" nombre="DreamWorks Animation"/></productoras></pelicula><pelicula id="9291" emision="2005-05-19"><titulo>The Longest Yard</titulo><presupuesto>82000000</presupuesto><ingresos>190320568</ingresos><directores><director id="13426" nombre="Peter Segal"/></directores><productores><productor id="20821" nombre="Jack Giarraputo"/></productores><productoras><productora id="4" nombre="Paramount Pictures"/><productora id="441" nombre="Columbia Pictures Corporation"/></productoras></pelicula><pelicula id="4379" emision="2005-05-13"><titulo>Monster-in-Law</titulo><presupuesto>43000000</presupuesto><ingresos>154749918</ingresos><directores><director id="36797" nombre="Robert Luketic"/></directores><productores><productor id="298" nombre="Chris Bender"/><productor id="16731" nombre="Paula Weinstein"/><productor id="20223" nombre="J.C. Spink"/></productores><productoras><productora id="12" nombre="New Line Cinema"/></productoras></pelicula><pelicula id="1495" emision="2005-05-03"><titulo>Kingdom of Heaven</titulo><presupuesto>130000000</presupuesto><ingresos>211643158</ingresos><directores><director id="578" nombre="Ridley Scott"/></directores><productores><productor id="578" nombre="Ridley Scott"/></productores><productoras><productora id="306" nombre="Twentieth Century Fox Film Corporation"/></productoras></pelicula></peliculas>
