<peliculas><pelicula id="1429" emision="2002-12-16"><titulo>25th Hour</titulo><presupuesto>15000000</presupuesto><ingresos>13060843</ingresos><directores><director id="5281" nombre="Spike Lee"/></directores><productores><productor id="2219" nombre="Tobey Maguire"/><productor id="4446" nombre="Jon Kilik"/><productor id="5281" nombre="Spike Lee"/><productor id="27038" nombre="Julia Chasman"/></productores><productoras><productora id="9195" nombre="Touchstone Pictures"/></productoras></pelicula><pelicula id="2755" emision="2002-12-13"><titulo>About Schmidt</titulo><presupuesto>30000000</presupuesto><ingresos>105834556</ingresos><directores><director id="13235" nombre="Alexander Payne"/></directores><productores><productor id="35508" nombre="Michael Besman"/><productor id="35509" nombre="Harry Gittes"/></productores><productoras><productora id="12" nombre="New Line Cinema"/></productoras></pelicula><pelicula id="9932" emision="2002-12-06"><titulo>Analyze That</titulo><presupuesto>60000000</presupuesto><ingresos>55003135</ingresos><directores><director id="1524" nombre="Harold Ramis"/></directores><productores><productor id="3305" nombre="Jane Rosenthal"/><productor id="16731" nombre="Paula Weinstein"/></productores><productoras><productora id="6194" nombre="Warner Bros."/><productora id="79" nombre="Village Roadshow Pictures"/></productoras></pelicula><pelicula id="201" emision="2002-12-13"><titulo>Star Trek: Nemesis</titulo><presupuesto>60000000</presupuesto><ingresos>67312826</ingresos><directores><director id="2523" nombre="Stuart Baird"/></directores><productores><productor id="2381" nombre="Rick Berman"/><productor id="2383" nombre="Peter Lauritson"/></productores><productoras><productora id="4" nombre="Paramount Pictures"/></productoras></pelicula><pelicula id="4911" emision="2002-12-14"><titulo>Dark Blue</titulo><presupuesto>15000000</presupuesto><ingresos>9237470</ingresos><directores><director id="4037" nombre="Ron Shelton"/></directores><productores><productor id="7779" nombre="Sean Daniel"/><productor id="7780" nombre="James Jacks"/><productor id="28154" nombre="David Blocker"/><productor id="39973" nombre="Caldecot Chubb"/></productores><productoras><productora id="8411" nombre="Metro-Goldwyn-Mayer (MGM)"/></productoras></pelicula><pelicula id="590" emision="2002-12-27"><titulo>The Hours</titulo><presupuesto>25000000</presupuesto><ingresos>41597830</ingresos><directores><director id="468" nombre="Stephen Daldry"/></directores><productores><productor id="2997" nombre="Scott Rudin"/><productor id="8401" nombre="Mark Huffam"/><productor id="8448" nombre="Robert Fox"/><productor id="8449" nombre="Ian MacNeil"/></productores><productoras><productora id="4" nombre="Paramount Pictures"/></productoras></pelicula><pelicula id="2642" emision="2002-12-19"><titulo>Two Weeks Notice</titulo><presupuesto>60000000</presupuesto><ingresos>93354918</ingresos><directores><director id="18323" nombre="Marc Lawrence"/></directores><productores><productor id="18277" nombre="Sandra Bullock"/></productores><productoras><productora id="79" nombre="Village Roadshow Pictures"/></productoras></pelicula><pelicula id="121" emision="2002-12-18"><titulo>The Lord of the Rings: The Two Towers</titulo><presupuesto>79000000</presupuesto><ingresos>926287400</ingresos><directores><director id="108" nombre="Peter Jackson"/></directores><productores><productor id="108" nombre="Peter Jackson"/><productor id="123" nombre="Barrie M. Osborne"/></productores><productoras><productora id="12" nombre="New Line Cinema"/></productoras></pelicula></peliculas>
