<peliculas><pelicula id="44214" emision="2010-12-02"><titulo>Black Swan</titulo><presupuesto>13000000</presupuesto><ingresos>327803731</ingresos><directores><director id="6431" nombre="Darren Aronofsky"/></directores><productores><productor id="7531" nombre="Joseph P. Reidy"/><productor id="20206" nombre="Mike Medavoy"/><productor id="20207" nombre="Arnold Messer"/><productor id="57049" nombre="Brian Oliver"/><productor id="1116091" nombre="Scott Franklin"/><productor id="1116092" nombre="Jerry Fruchtman"/><productor id="1116093" nombre="Rose Garnett"/></productores><productoras><productora id="444" nombre="Dune Entertainment"/></productoras></pelicula><pelicula id="42888" emision="2010-12-17"><titulo>How Do You Know</titulo><presupuesto>120000000</presupuesto><ingresos>48668907</ingresos><directores><director id="3388" nombre="James L. Brooks"/></directores><productores><productor id="3388" nombre="James L. Brooks"/><productor id="10685" nombre="Laurence Mark"/><productor id="16731" nombre="Paula Weinstein"/><productor id="67994" nombre="Julie Ansell"/></productores><productoras><productora id="5" nombre="Columbia Pictures"/></productoras></pelicula><pelicula id="39451" emision="2010-12-21"><titulo>Little Fockers</titulo><presupuesto>100000000</presupuesto><ingresos>310650585</ingresos><directores><director id="3289" nombre="Paul Weitz"/></directores><productores><productor id="380" nombre="Robert De Niro"/><productor id="3305" nombre="Jane Rosenthal"/><productor id="6737" nombre="Jay Roach"/><productor id="17871" nombre="John Hamburg"/></productores><productoras><productora id="33" nombre="Universal Pictures"/><productora id="4" nombre="Paramount Pictures"/><productora id="7295" nombre="Relativity Media"/></productoras></pelicula><pelicula id="45317" emision="2010-12-17"><titulo>The Fighter</titulo><presupuesto>25000000</presupuesto><ingresos>93617009</ingresos><directores><director id="17883" nombre="David O. Russell"/></directores><productores><productor id="13240" nombre="Mark Wahlberg"/><productor id="31710" nombre="David Hoberman"/><productor id="54419" nombre="Ryan Kavanaugh"/><productor id="62758" nombre="Todd Lieberman"/><productor id="67682" nombre="Dorothy Aufiero"/><productor id="86525" nombre="Paul Tamasy"/></productores><productoras><productora id="4" nombre="Paramount Pictures"/></productoras></pelicula><pelicula id="37710" emision="2010-12-08"><titulo>The Tourist</titulo><presupuesto>100000000</presupuesto><ingresos>278731369</ingresos><directores><director id="8193" nombre="Florian Henckel von Donnersmarck"/></directores><productores><productor id="4504" nombre="Roger Birnbaum"/><productor id="4507" nombre="Gary Barber"/><productor id="16729" nombre="Graham King"/><productor id="21635" nombre="Jonathan Glickman"/><productor id="114479" nombre="Tim Headington"/><productor id="1381649" nombre="Adam Rosenberg"/></productores><productoras><productora id="5" nombre="Columbia Pictures"/></productoras></pelicula><pelicula id="20526" emision="2010-12-10"><titulo>TRON: Legacy</titulo><presupuesto>170000000</presupuesto><ingresos>400062763</ingresos><directores><director id="86270" nombre="Joseph Kosinski"/></directores><productores><productor id="12859" nombre="Steven Lisberger"/><productor id="20908" nombre="Jeffrey Silver"/><productor id="39387" nombre="Sean Bailey"/></productores><productoras><productora id="2" nombre="Walt Disney Pictures"/></productoras></pelicula><pelicula id="38745" emision="2010-12-25"><titulo>Gulliver's Travels</titulo><presupuesto>112000000</presupuesto><ingresos>237382724</ingresos><directores><director id="65630" nombre="Rob Letterman"/></directores><productores/><productoras><productora id="306" nombre="Twentieth Century Fox Film Corporation"/><productora id="444" nombre="Dune Entertainment"/></productoras></pelicula><pelicula id="44264" emision="2010-12-22"><titulo>True Grit</titulo><presupuesto>38000000</presupuesto><ingresos>252276927</ingresos><directores><director id="1223" nombre="Joel Coen"/><director id="1224" nombre="Ethan Coen"/></directores><productores><productor id="1223" nombre="Joel Coen"/><productor id="1224" nombre="Ethan Coen"/><productor id="2997" nombre="Scott Rudin"/></productores><productoras><productora id="4" nombre="Paramount Pictures"/></productoras></pelicula></peliculas>
