<peliculas><pelicula id="754" emision="1997-06-27"><titulo>Face/Off</titulo><presupuesto>80000000</presupuesto><ingresos>245676146</ingresos><directores><director id="11401" nombre="John Woo"/></directores><productores><productor id="123" nombre="Barrie M. Osborne"/><productor id="11404" nombre="Terence Chang"/><productor id="11405" nombre="David Permut"/><productor id="56996" nombre="Christopher Godsick"/></productores><productoras><productora id="4" nombre="Paramount Pictures"/><productora id="9195" nombre="Touchstone Pictures"/></productoras></pelicula><pelicula id="11970" emision="1997-06-26"><titulo>Hercules</titulo><presupuesto>85000000</presupuesto><ingresos>252712101</ingresos><directores><director id="15810" nombre="Ron Clements"/><director id="15811" nombre="John Musker"/></directores><productores><productor id="15810" nombre="Ron Clements"/><productor id="15811" nombre="John Musker"/><productor id="15818" nombre="Alice Dewey"/><productor id="71133" nombre="Noreen Tobin"/></productores><productoras><productora id="2" nombre="Walt Disney Pictures"/></productoras></pelicula><pelicula id="415" emision="1997-06-20"><titulo>Batman &amp; Robin</titulo><presupuesto>125000000</presupuesto><ingresos>238207122</ingresos><directores><director id="5572" nombre="Joel Schumacher"/></directores><productores><productor id="5580" nombre="Peter Macgregor-Scott"/></productores><productoras><productora id="6194" nombre="Warner Bros."/></productoras></pelicula><pelicula id="1701" emision="1997-06-01"><titulo>Con Air</titulo><presupuesto>75000000</presupuesto><ingresos>224012234</ingresos><directores><director id="12786" nombre="Simon West"/></directores><productores><productor id="770" nombre="Jerry Bruckheimer"/></productores><productoras><productora id="9195" nombre="Touchstone Pictures"/></productoras></pelicula><pelicula id="1639" emision="1997-06-13"><titulo>Speed 2: Cruise Control</titulo><presupuesto>160000000</presupuesto><ingresos>164508066</ingresos><directores><director id="2209" nombre="Jan de Bont"/></directores><productores><productor id="2209" nombre="Jan de Bont"/><productor id="4699" nombre="Steve Perry"/><productor id="59949" nombre="Michael Peyser"/></productores><productoras><productora id="306" nombre="Twentieth Century Fox Film Corporation"/></productoras></pelicula></peliculas>
