<peliculas><pelicula id="13499" emision="2005-11-23"><titulo>Yours, Mine &amp; Ours</titulo><presupuesto>45000000</presupuesto><ingresos>72028752</ingresos><directores><director id="1215" nombre="Raja Gosnell"/></directores><productores/><productoras><productora id="4" nombre="Paramount Pictures"/><productora id="8411" nombre="Metro-Goldwyn-Mayer (MGM)"/><productora id="441" nombre="Columbia Pictures Corporation"/></productoras></pelicula><pelicula id="1833" emision="2005-11-23"><titulo>Rent</titulo><presupuesto>40000000</presupuesto><ingresos>31670620</ingresos><directores><director id="10965" nombre="Chris Columbus"/></directores><productores><productor id="380" nombre="Robert De Niro"/><productor id="3305" nombre="Jane Rosenthal"/><productor id="10965" nombre="Chris Columbus"/><productor id="11222" nombre="Mark Radcliffe"/><productor id="11711" nombre="Paula DuPr&#xE9; Pesmen"/><productor id="17828" nombre="Michael Barnathan"/><productor id="19314" nombre="Geoffrey Hansen"/></productores><productoras><productora id="5" nombre="Columbia Pictures"/></productoras></pelicula><pelicula id="674" emision="2005-11-05"><titulo>Harry Potter and the Goblet of Fire</titulo><presupuesto>150000000</presupuesto><ingresos>895921036</ingresos><directores><director id="10723" nombre="Mike Newell"/></directores><productores><productor id="10968" nombre="David Heyman"/></productores><productoras><productora id="6194" nombre="Warner Bros."/></productoras></pelicula><pelicula id="6795" emision="2005-11-06"><titulo>Zathura: A Space Adventure</titulo><presupuesto>65000000</presupuesto><ingresos>64321501</ingresos><directores><director id="15277" nombre="Jon Favreau"/></directores><productores><productor id="4767" nombre="Michael De Luca"/><productor id="9184" nombre="Scott Kroopf"/><productor id="42357" nombre="William Teitler"/></productores><productoras><productora id="441" nombre="Columbia Pictures Corporation"/></productoras></pelicula><pelicula id="8202" emision="2005-11-30"><titulo>Æon Flux</titulo><presupuesto>62000000</presupuesto><ingresos>52304001</ingresos><directores><director id="54025" nombre="Karyn Kusama"/></directores><productores><productor id="869" nombre="Gale Anne Hurd"/><productor id="3953" nombre="Gary Lucchesi"/><productor id="10903" nombre="Henning Molfenter"/><productor id="10905" nombre="Charlie Woebcken"/><productor id="54049" nombre="Martha Griffin"/><productor id="120606" nombre="Gregory Goodman"/><productor id="1746321" nombre="David Gale"/></productores><productoras><productora id="4" nombre="Paramount Pictures"/></productoras></pelicula><pelicula id="25" emision="2005-11-04"><titulo>Jarhead</titulo><presupuesto>72000000</presupuesto><ingresos>96889998</ingresos><directores><director id="39" nombre="Sam Mendes"/></directores><productores><productor id="39" nombre="Sam Mendes"/><productor id="135" nombre="Bobby Cohen"/><productor id="136" nombre="Sam Mercer"/></productores><productoras><productora id="33" nombre="Universal Pictures"/></productoras></pelicula><pelicula id="9982" emision="2005-11-04"><titulo>Chicken Little</titulo><presupuesto>150000000</presupuesto><ingresos>314432665</ingresos><directores><director id="61411" nombre="Mark Dindal"/></directores><productores><productor id="61417" nombre="Randy Fullmer"/></productores><productoras><productora id="2" nombre="Walt Disney Pictures"/></productoras></pelicula><pelicula id="10060" emision="2005-11-09"><titulo>Get Rich or Die Tryin'</titulo><presupuesto>40000000</presupuesto><ingresos>46442528</ingresos><directores><director id="53334" nombre="Jim Sheridan"/></directores><productores><productor id="340" nombre="Jimmy Iovine"/><productor id="53334" nombre="Jim Sheridan"/><productor id="62634" nombre="Renata Adamidov"/><productor id="62636" nombre="Chris Lighty"/><productor id="62637" nombre="Heather Parry"/><productor id="62638" nombre="Sharon Seto"/><productor id="62640" nombre="Paul Rosenberg"/></productores><productoras><productora id="4" nombre="Paramount Pictures"/></productoras></pelicula><pelicula id="231" emision="2005-11-23"><titulo>Syriana</titulo><presupuesto>50000000</presupuesto><ingresos>94000000</ingresos><directores><director id="2945" nombre="Stephen Gaghan"/></directores><productores><productor id="2946" nombre="Jennifer Fox"/><productor id="2947" nombre="Georgia Kacandes"/><productor id="2948" nombre="Michael Nozik"/></productores><productoras><productora id="6194" nombre="Warner Bros."/></productoras></pelicula></peliculas>
