<peliculas><pelicula id="37950" emision="2010-05-01"><titulo>Charlie St. Cloud</titulo><presupuesto>44000000</presupuesto><ingresos>48190704</ingresos><directores><director id="58552" nombre="Burr Steers"/></directores><productores><productor id="23485" nombre="Marc Platt"/></productores><productoras><productora id="33" nombre="Universal Pictures"/><productora id="7295" nombre="Relativity Media"/></productoras></pelicula><pelicula id="37786" emision="2010-05-26"><titulo>Sex and the City 2</titulo><presupuesto>100000000</presupuesto><ingresos>288347692</ingresos><directores><director id="38023" nombre="Michael Patrick King"/></directores><productores><productor id="520" nombre="Sarah Jessica Parker"/><productor id="47915" nombre="Darren Star"/><productor id="58366" nombre="John P. Melfi"/></productores><productoras><productora id="12" nombre="New Line Cinema"/><productora id="79" nombre="Village Roadshow Pictures"/></productoras></pelicula><pelicula id="20662" emision="2010-05-12"><titulo>Robin Hood</titulo><presupuesto>200000000</presupuesto><ingresos>310669540</ingresos><directores><director id="578" nombre="Ridley Scott"/></directores><productores><productor id="339" nombre="Brian Grazer"/><productor id="578" nombre="Ridley Scott"/><productor id="934" nombre="Russell Crowe"/></productores><productoras><productora id="33" nombre="Universal Pictures"/><productora id="7295" nombre="Relativity Media"/></productoras></pelicula><pelicula id="10192" emision="2010-05-16"><titulo>Shrek Forever After</titulo><presupuesto>165000000</presupuesto><ingresos>752600867</ingresos><directores><director id="64151" nombre="Mike Mitchell"/></directores><productores/><productoras><productora id="521" nombre="DreamWorks Animation"/></productoras></pelicula><pelicula id="37931" emision="2010-05-21"><titulo>MacGruber</titulo><presupuesto>10000000</presupuesto><ingresos>6110000</ingresos><directores><director id="62863" nombre="Jorma Taccone"/></directores><productores/><productoras><productora id="7295" nombre="Relativity Media"/></productoras></pelicula><pelicula id="9543" emision="2010-05-19"><titulo>Prince of Persia: The Sands of Time</titulo><presupuesto>150000000</presupuesto><ingresos>335154643</ingresos><directores><director id="10723" nombre="Mike Newell"/></directores><productores><productor id="770" nombre="Jerry Bruckheimer"/></productores><productoras><productora id="2" nombre="Walt Disney Pictures"/></productoras></pelicula></peliculas>
