<peliculas><pelicula id="34813" emision="2010-04-23"><titulo>The Losers</titulo><presupuesto>25000000</presupuesto><ingresos>23580000</ingresos><directores><director id="31119" nombre="Sylvain White"/></directores><productores/><productoras><productora id="6194" nombre="Warner Bros."/></productoras></pelicula><pelicula id="35056" emision="2010-04-08"><titulo>Date Night</titulo><presupuesto>55000000</presupuesto><ingresos>152263880</ingresos><directores><director id="17825" nombre="Shawn Levy"/></directores><productores><productor id="17825" nombre="Shawn Levy"/><productor id="75362" nombre="Tom McNulty"/><productor id="113666" nombre="Billy Rosenberg"/></productores><productoras><productora id="306" nombre="Twentieth Century Fox Film Corporation"/><productora id="444" nombre="Dune Entertainment"/></productoras></pelicula><pelicula id="18823" emision="2010-04-01"><titulo>Clash of the Titans</titulo><presupuesto>125000000</presupuesto><ingresos>232713139</ingresos><directores><director id="18865" nombre="Louis Leterrier"/></directores><productores><productor id="67759" nombre="Basil Iwanyk"/><productor id="75804" nombre="Kevin De La Noy"/><productor id="114017" nombre="Karl McMillan"/></productores><productoras><productora id="6194" nombre="Warner Bros."/><productora id="923" nombre="Legendary Pictures"/></productoras></pelicula><pelicula id="23437" emision="2010-04-30"><titulo>A Nightmare on Elm Street</titulo><presupuesto>35000000</presupuesto><ingresos>115664037</ingresos><directores><director id="20031" nombre="Samuel Bayer"/></directores><productores><productor id="865" nombre="Michael Bay"/><productor id="54843" nombre="Andrew Form"/><productor id="54844" nombre="Bradley Fuller"/></productores><productoras><productora id="12" nombre="New Line Cinema"/></productoras></pelicula><pelicula id="10138" emision="2010-04-28"><titulo>Iron Man 2</titulo><presupuesto>200000000</presupuesto><ingresos>623933331</ingresos><directores><director id="15277" nombre="Jon Favreau"/></directores><productores><productor id="10850" nombre="Kevin Feige"/><productor id="113674" nombre="Victoria Alonso"/><productor id="113675" nombre="Jeremy Latcham"/></productores><productoras><productora id="420" nombre="Marvel Studios"/></productoras></pelicula></peliculas>
