<peliculas><pelicula id="17127" emision="1998-04-17"><titulo>The Object of My Affection</titulo><presupuesto>15000000</presupuesto><ingresos>46905889</ingresos><directores><director id="55476" nombre="Nicholas Hytner"/></directores><productores/><productoras><productora id="306" nombre="Twentieth Century Fox Film Corporation"/></productoras></pelicula><pelicula id="795" emision="1998-04-10"><titulo>City of Angels</titulo><presupuesto>55000000</presupuesto><ingresos>198685114</ingresos><directores><director id="11887" nombre="Brad Silberling"/></directores><productores><productor id="282" nombre="Charles Roven"/><productor id="283" nombre="Robert Cavallo"/><productor id="376" nombre="Arnon Milchan"/><productor id="11899" nombre="Dawn Steel"/><productor id="11900" nombre="Alan Glazer"/></productores><productoras><productora id="6194" nombre="Warner Bros."/></productoras></pelicula><pelicula id="10215" emision="1998-04-23"><titulo>Sliding Doors</titulo><presupuesto>6000000</presupuesto><ingresos>58000000</ingresos><directores><director id="7791" nombre="Peter Howitt"/></directores><productores><productor id="2226" nombre="Sydney Pollack"/><productor id="15906" nombre="William Horberg"/><productor id="1427739" nombre="Philippa Braithwaite"/></productores><productoras><productora id="4" nombre="Paramount Pictures"/></productoras></pelicula><pelicula id="2157" emision="1998-04-03"><titulo>Lost in Space</titulo><presupuesto>80000000</presupuesto><ingresos>136159423</ingresos><directores><director id="2042" nombre="Stephen Hopkins"/></directores><productores><productor id="2042" nombre="Stephen Hopkins"/><productor id="5575" nombre="Akiva Goldsman"/><productor id="22077" nombre="Carla Fry"/><productor id="22078" nombre="Mark W. Koch"/></productores><productoras><productora id="12" nombre="New Line Cinema"/></productoras></pelicula><pelicula id="10216" emision="1998-04-10"><titulo>Species II</titulo><presupuesto>35000000</presupuesto><ingresos>19165560</ingresos><directores><director id="21377" nombre="Peter Medak"/></directores><productores><productor id="49284" nombre="Frank Mancuso Jr."/></productores><productoras><productora id="8411" nombre="Metro-Goldwyn-Mayer (MGM)"/></productoras></pelicula></peliculas>
