<peliculas><pelicula id="11836" emision="2004-11-14"><titulo>The SpongeBob SquarePants Movie</titulo><presupuesto>30000000</presupuesto><ingresos>140161792</ingresos><directores><director id="70651" nombre="Stephen Hillenburg"/></directores><productores><productor id="60268" nombre="Julia Pistor"/><productor id="70454" nombre="Albie Hecht"/><productor id="70651" nombre="Stephen Hillenburg"/><productor id="70652" nombre="Derek Drymon"/><productor id="70655" nombre="Gina Shay"/></productores><productoras><productora id="4" nombre="Paramount Pictures"/></productoras></pelicula><pelicula id="2059" emision="2004-11-19"><titulo>National Treasure</titulo><presupuesto>100000000</presupuesto><ingresos>347451894</ingresos><directores><director id="12962" nombre="Jon Turteltaub"/></directores><productores><productor id="770" nombre="Jerry Bruckheimer"/><productor id="12962" nombre="Jon Turteltaub"/></productores><productoras><productora id="2" nombre="Walt Disney Pictures"/></productoras></pelicula><pelicula id="1966" emision="2004-11-21"><titulo>Alexander</titulo><presupuesto>155000000</presupuesto><ingresos>167298192</ingresos><directores><director id="1152" nombre="Oliver Stone"/></directores><productores><productor id="1152" nombre="Oliver Stone"/><productor id="2360" nombre="Thomas Sch&#xFC;hly"/><productor id="4446" nombre="Jon Kilik"/><productor id="8374" nombre="Iain Smith"/><productor id="20295" nombre="Moritz Borman"/><productor id="75476" nombre="Tabrez Noorani"/><productor id="1102197" nombre="Santa Pestonji"/></productores><productoras><productora id="6194" nombre="Warner Bros."/></productoras></pelicula><pelicula id="10589" emision="2004-11-12"><titulo>After the Sunset</titulo><presupuesto>60000000</presupuesto><ingresos>61347797</ingresos><directores><director id="11091" nombre="Brett Ratner"/></directores><productores><productor id="9543" nombre="Beau Flynn"/><productor id="11095" nombre="James M. Freitag"/><productor id="33624" nombre="Tripp Vinson"/><productor id="41896" nombre="Jay Stern"/><productor id="65690" nombre="Keith Goldberg"/><productor id="65691" nombre="Alissa Ferguson"/><productor id="65693" nombre="Chris Pollack"/></productores><productoras><productora id="12" nombre="New Line Cinema"/></productoras></pelicula><pelicula id="9801" emision="2004-11-10"><titulo>Bridget Jones: The Edge of Reason</titulo><presupuesto>50000000</presupuesto><ingresos>40203020</ingresos><directores><director id="20237" nombre="Beeban Kidron"/></directores><productores><productor id="2236" nombre="Tim Bevan"/><productor id="2238" nombre="Eric Fellner"/><productor id="9157" nombre="Jonathan Cavendish"/><productor id="50147" nombre="Oswald Wolkenstein"/></productores><productoras><productora id="33" nombre="Universal Pictures"/></productoras></pelicula><pelicula id="9806" emision="2004-11-05"><titulo>The Incredibles</titulo><presupuesto>92000000</presupuesto><ingresos>631442092</ingresos><directores><director id="7087" nombre="Brad Bird"/></directores><productores><productor id="33340" nombre="John Walker"/></productores><productoras><productora id="2" nombre="Walt Disney Pictures"/><productora id="3" nombre="Pixar Animation Studios"/></productoras></pelicula></peliculas>
