<peliculas><pelicula id="285" emision="2007-05-19"><titulo>Pirates of the Caribbean: At World's End</titulo><presupuesto>300000000</presupuesto><ingresos>961000000</ingresos><directores><director id="1704" nombre="Gore Verbinski"/></directores><productores><productor id="770" nombre="Jerry Bruckheimer"/><productor id="2445" nombre="Eric McLeod"/><productor id="2446" nombre="Chad Oman"/><productor id="2447" nombre="Peter Kohn"/><productor id="2448" nombre="Pat Sandston"/></productores><productoras><productora id="2" nombre="Walt Disney Pictures"/></productoras></pelicula><pelicula id="2001" emision="2007-05-25"><titulo>We Own the Night</titulo><presupuesto>21000000</presupuesto><ingresos>54926886</ingresos><directores><director id="20561" nombre="James Gray"/></directores><productores><productor id="6468" nombre="Nick Wechsler"/><productor id="13240" nombre="Mark Wahlberg"/><productor id="20567" nombre="Marc Butan"/><productor id="73421" nombre="Joaquin Phoenix"/></productores><productoras><productora id="5" nombre="Columbia Pictures"/></productoras></pelicula><pelicula id="559" emision="2007-05-01"><titulo>Spider-Man 3</titulo><presupuesto>258000000</presupuesto><ingresos>890871626</ingresos><directores><director id="7623" nombre="Sam Raimi"/></directores><productores><productor id="7626" nombre="Avi Arad"/><productor id="7627" nombre="Laura Ziskin"/><productor id="7628" nombre="Grant Curtis"/></productores><productoras><productora id="5" nombre="Columbia Pictures"/></productoras></pelicula><pelicula id="810" emision="2007-05-17"><titulo>Shrek the Third</titulo><presupuesto>160000000</presupuesto><ingresos>798958165</ingresos><directores><director id="12098" nombre="Chris Miller"/><director id="12099" nombre="Raman Hui"/></directores><productores><productor id="12106" nombre="Aron Warner"/><productor id="574003" nombre="Denise Nolan Cascino"/></productores><productoras><productora id="27" nombre="DreamWorks SKG"/><productora id="521" nombre="DreamWorks Animation"/></productoras></pelicula></peliculas>
