<peliculas><pelicula id="9266" emision="2002-08-08"><titulo>Blue Crush</titulo><presupuesto>25000000</presupuesto><ingresos>51842679</ingresos><directores><director id="57082" nombre="John Stockwell"/></directores><productores><productor id="339" nombre="Brian Grazer"/><productor id="5283" nombre="Karen Kehela Sherwood"/></productores><productoras><productora id="33" nombre="Universal Pictures"/></productoras></pelicula><pelicula id="9573" emision="2002-08-04"><titulo>Blood Work</titulo><presupuesto>50000000</presupuesto><ingresos>26199517</ingresos><directores><director id="190" nombre="Clint Eastwood"/></directores><productores><productor id="190" nombre="Clint Eastwood"/><productor id="4745" nombre="Judie Hoyt"/></productores><productoras><productora id="6194" nombre="Warner Bros."/></productoras></pelicula><pelicula id="12771" emision="2002-08-20"><titulo>Serving Sara</titulo><presupuesto>29000000</presupuesto><ingresos>16930185</ingresos><directores><director id="68215" nombre="Reginald Hudlin"/></directores><productores><productor id="5379" nombre="Dan Halsted"/></productores><productoras><productora id="4" nombre="Paramount Pictures"/></productoras></pelicula><pelicula id="2675" emision="2002-08-02"><titulo>Signs</titulo><presupuesto>72000000</presupuesto><ingresos>408247917</ingresos><directores><director id="11614" nombre="M. Night Shyamalan"/></directores><productores><productor id="136" nombre="Sam Mercer"/><productor id="664" nombre="Frank Marshall"/><productor id="11614" nombre="M. Night Shyamalan"/></productores><productoras><productora id="9195" nombre="Touchstone Pictures"/></productoras></pelicula><pelicula id="7451" emision="2002-08-09"><titulo>xXx</titulo><presupuesto>70000000</presupuesto><ingresos>277448382</ingresos><directores><director id="18878" nombre="Rob Cohen"/></directores><productores><productor id="11874" nombre="Neal H. Moritz"/></productores><productoras><productora id="5" nombre="Columbia Pictures"/></productoras></pelicula><pelicula id="11692" emision="2002-08-15"><titulo>The Adventures of Pluto Nash</titulo><presupuesto>100000000</presupuesto><ingresos>7103973</ingresos><directores><director id="33485" nombre="Ron Underwood"/></directores><productores><productor id="1151" nombre="Martin Bregman"/><productor id="56109" nombre="Michael Bregman"/><productor id="57652" nombre="Louis A. Stroller"/></productores><productoras><productora id="79" nombre="Village Roadshow Pictures"/></productoras></pelicula></peliculas>
