<peliculas><pelicula id="241771" emision="2014-09-10"><titulo>Beyond the Lights</titulo><presupuesto>7000000</presupuesto><ingresos>14618727</ingresos><directores><director id="71947" nombre="Gina Prince-Bythewood"/></directores><productores><productor id="53638" nombre="Stephanie Allain"/><productor id="54419" nombre="Ryan Kavanaugh"/><productor id="71943" nombre="Reggie Rock Bythewood"/><productor id="1490113" nombre="Amar'e Stoudemire"/></productores><productoras><productora id="7295" nombre="Relativity Media"/></productoras></pelicula><pelicula id="198663" emision="2014-09-10"><titulo>The Maze Runner</titulo><presupuesto>34000000</presupuesto><ingresos>348319861</ingresos><directores><director id="1179066" nombre="Wes Ball"/></directores><productores><productor id="6040" nombre="Wyck Godfrey"/><productor id="25046" nombre="Marty Bowen"/><productor id="1231882" nombre="Lindsay Williams"/><productor id="1257754" nombre="Ellen Goldsmith-Vein"/><productor id="1328142" nombre="Lee Stollman"/></productores><productoras><productora id="306" nombre="Twentieth Century Fox Film Corporation"/><productora id="22213" nombre="TSG Entertainment"/></productoras></pelicula><pelicula id="156022" emision="2014-09-24"><titulo>The Equalizer</titulo><presupuesto>55000000</presupuesto><ingresos>192330738</ingresos><directores><director id="20907" nombre="Antoine Fuqua"/></directores><productores><productor id="29" nombre="Steve Tisch"/><productor id="4611" nombre="Mace Neufeld"/><productor id="5292" nombre="Denzel Washington"/><productor id="22814" nombre="Richard Wenk"/><productor id="43922" nombre="Michael Sloan"/><productor id="51612" nombre="Todd Black"/><productor id="51613" nombre="Jason Blumenthal"/><productor id="1398017" nombre="Tony Eldridge"/><productor id="1398018" nombre="Alex Siskin"/></productores><productoras><productora id="5" nombre="Columbia Pictures"/><productora id="79" nombre="Village Roadshow Pictures"/></productoras></pelicula><pelicula id="239678" emision="2014-09-10"><titulo>This Is Where I Leave You</titulo><presupuesto>19800000</presupuesto><ingresos>41296320</ingresos><directores><director id="17825" nombre="Shawn Levy"/></directores><productores><productor id="16731" nombre="Paula Weinstein"/><productor id="17825" nombre="Shawn Levy"/><productor id="1257706" nombre="Jeffrey Levine"/></productores><productoras><productora id="6194" nombre="Warner Bros."/></productoras></pelicula></peliculas>
