<peliculas><pelicula id="9310" emision="2006-03-04"><titulo>American Dreamz</titulo><presupuesto>17000000</presupuesto><ingresos>7314027</ingresos><directores><director id="3289" nombre="Paul Weitz"/></directores><productores><productor id="3289" nombre="Paul Weitz"/><productor id="9203" nombre="Rodney Liber"/><productor id="45584" nombre="Andrew Miano"/></productores><productoras><productora id="33" nombre="Universal Pictures"/></productoras></pelicula><pelicula id="9792" emision="2006-03-10"><titulo>The Hills Have Eyes</titulo><presupuesto>15000000</presupuesto><ingresos>69623713</ingresos><directores><director id="59291" nombre="Alexandre Aja"/></directores><productores><productor id="5140" nombre="Wes Craven"/><productor id="35581" nombre="Marianne Maddalena"/><productor id="64129" nombre="Peter Locke"/><productor id="1128147" nombre="Samy Layani"/></productores><productoras><productora id="444" nombre="Dune Entertainment"/></productoras></pelicula><pelicula id="9655" emision="2006-03-17"><titulo>She's the Man</titulo><presupuesto>20000000</presupuesto><ingresos>33889159</ingresos><directores><director id="58375" nombre="Andy Fickman"/></directores><productores><productor id="7200" nombre="Lauren Shuler Donner"/><productor id="58376" nombre="Ewan Leslie"/></productores><productoras><productora id="27" nombre="DreamWorks SKG"/></productoras></pelicula><pelicula id="12763" emision="2006-03-17"><titulo>Take the Lead</titulo><presupuesto>30000000</presupuesto><ingresos>34742066</ingresos><directores><director id="60024" nombre="Liz Friedlander"/></directores><productores><productor id="24052" nombre="Diane Nabatoff"/><productor id="56996" nombre="Christopher Godsick"/><productor id="60026" nombre="Michelle Grace"/></productores><productoras><productora id="12" nombre="New Line Cinema"/></productoras></pelicula><pelicula id="13960" emision="2006-03-31"><titulo>ATL</titulo><presupuesto>20000000</presupuesto><ingresos>21170563</ingresos><directores><director id="75687" nombre="Christian Robinson"/></directores><productores><productor id="2888" nombre="Will Smith"/></productores><productoras><productora id="6194" nombre="Warner Bros."/></productoras></pelicula><pelicula id="388" emision="2006-03-23"><titulo>Inside Man</titulo><presupuesto>45000000</presupuesto><ingresos>184376254</ingresos><directores><director id="5281" nombre="Spike Lee"/></directores><productores><productor id="339" nombre="Brian Grazer"/></productores><productoras><productora id="33" nombre="Universal Pictures"/></productoras></pelicula><pelicula id="6877" emision="2006-03-10"><titulo>Failure to Launch</titulo><presupuesto>50000000</presupuesto><ingresos>128406887</ingresos><directores><director id="46076" nombre="Tom Dey"/></directores><productores><productor id="2997" nombre="Scott Rudin"/><productor id="17751" nombre="Scott Aversano"/></productores><productoras><productora id="4" nombre="Paramount Pictures"/></productoras></pelicula><pelicula id="9904" emision="2006-03-06"><titulo>The Wild</titulo><presupuesto>80000000</presupuesto><ingresos>37384046</ingresos><directores><director id="60207" nombre="Steve 'Spaz' Williams"/></directores><productores><productor id="7397" nombre="Ed Decter"/><productor id="7398" nombre="John J. Strauss"/><productor id="9543" nombre="Beau Flynn"/><productor id="60214" nombre="Jim Burton"/><productor id="60216" nombre="Jane Park"/><productor id="60217" nombre="Clint Goldman"/><productor id="60218" nombre="Doug Short"/></productores><productoras><productora id="2" nombre="Walt Disney Pictures"/></productoras></pelicula><pelicula id="752" emision="2006-03-15"><titulo>V for Vendetta</titulo><presupuesto>54000000</presupuesto><ingresos>132511035</ingresos><directores><director id="11266" nombre="James McTeigue"/></directores><productores><productor id="1091" nombre="Joel Silver"/><productor id="8528" nombre="Grant Hill"/><productor id="9339" nombre="Lilly Wachowski"/><productor id="9340" nombre="Lana Wachowski"/><productor id="20643" nombre="Lorne Orleans"/></productores><productoras><productora id="6194" nombre="Warner Bros."/></productoras></pelicula><pelicula id="10067" emision="2006-03-09"><titulo>The Shaggy Dog</titulo><presupuesto>50000000</presupuesto><ingresos>61112916</ingresos><directores><director id="53177" nombre="Brian Robbins"/></directores><productores><productor id="12898" nombre="Tim Allen"/><productor id="31710" nombre="David Hoberman"/></productores><productoras><productora id="2" nombre="Walt Disney Pictures"/></productoras></pelicula></peliculas>
