<peliculas><pelicula id="271718" emision="2015-07-17"><titulo>Trainwreck</titulo><presupuesto>35000000</presupuesto><ingresos>140795793</ingresos><directores><director id="41039" nombre="Judd Apatow"/></directores><productores><productor id="5664" nombre="Barry Mendel"/><productor id="41039" nombre="Judd Apatow"/></productores><productoras><productora id="33" nombre="Universal Pictures"/></productoras></pelicula><pelicula id="296099" emision="2015-07-28"><titulo>Vacation</titulo><presupuesto>31000000</presupuesto><ingresos>104384188</ingresos><directores><director id="52935" nombre="John Francis Daley"/><director id="1236679" nombre="Jonathan M. Goldstein"/></directores><productores><productor id="298" nombre="Chris Bender"/><productor id="42994" nombre="David Dobkin"/></productores><productoras><productora id="12" nombre="New Line Cinema"/></productoras></pelicula><pelicula id="264999" emision="2015-07-01"><titulo>Magic Mike XXL</titulo><presupuesto>14800000</presupuesto><ingresos>122513057</ingresos><directores><director id="119665" nombre="Gregory Jacobs"/></directores><productores><productor id="6468" nombre="Nick Wechsler"/><productor id="38673" nombre="Channing Tatum"/><productor id="119665" nombre="Gregory Jacobs"/><productor id="1074867" nombre="Reid Carolin"/></productores><productoras><productora id="6194" nombre="Warner Bros."/></productoras></pelicula><pelicula id="177677" emision="2015-07-23"><titulo>Mission: Impossible - Rogue Nation</titulo><presupuesto>150000000</presupuesto><ingresos>682330139</ingresos><directores><director id="9033" nombre="Christopher McQuarrie"/></directores><productores><productor id="500" nombre="Tom Cruise"/><productor id="15344" nombre="J.J. Abrams"/><productor id="28977" nombre="Bryan Burk"/><productor id="56737" nombre="Don Granger"/><productor id="58433" nombre="David Ellison"/></productores><productoras><productora id="4" nombre="Paramount Pictures"/></productoras></pelicula><pelicula id="299245" emision="2015-07-10"><titulo>The Gallows</titulo><presupuesto>100000</presupuesto><ingresos>42664410</ingresos><directores><director id="1401541" nombre="Travis Cluff"/><director id="1401542" nombre="Chris Lofing"/></directores><productores><productor id="84348" nombre="Jason Blum"/><productor id="1401543" nombre="Dean Schnider"/></productores><productoras><productora id="12" nombre="New Line Cinema"/></productoras></pelicula><pelicula id="102899" emision="2015-07-14"><titulo>Ant-Man</titulo><presupuesto>130000000</presupuesto><ingresos>519311965</ingresos><directores><director id="59026" nombre="Peyton Reed"/></directores><productores><productor id="10850" nombre="Kevin Feige"/></productores><productoras><productora id="420" nombre="Marvel Studios"/></productoras></pelicula><pelicula id="257344" emision="2015-07-16"><titulo>Pixels</titulo><presupuesto>88000000</presupuesto><ingresos>243637091</ingresos><directores><director id="10965" nombre="Chris Columbus"/></directores><productores><productor id="10965" nombre="Chris Columbus"/><productor id="11222" nombre="Mark Radcliffe"/><productor id="17828" nombre="Michael Barnathan"/><productor id="19292" nombre="Adam Sandler"/><productor id="20818" nombre="Allen Covert"/></productores><productoras><productora id="5" nombre="Columbia Pictures"/></productoras></pelicula></peliculas>
