<peliculas><pelicula id="425" emision="2002-03-10"><titulo>Ice Age</titulo><presupuesto>59000000</presupuesto><ingresos>383257136</ingresos><directores><director id="5713" nombre="Chris Wedge"/></directores><productores><productor id="5719" nombre="Lori Forte"/></productores><productoras><productora id="306" nombre="Twentieth Century Fox Film Corporation"/></productoras></pelicula><pelicula id="36586" emision="2002-03-22"><titulo>Blade II</titulo><presupuesto>54000000</presupuesto><ingresos>155010032</ingresos><directores><director id="10828" nombre="Guillermo del Toro"/></directores><productores><productor id="10810" nombre="Peter Frankfurt"/><productor id="10814" nombre="Wesley Snipes"/><productor id="10829" nombre="Patrick J. Palmer"/></productores><productoras><productora id="12" nombre="New Line Cinema"/></productoras></pelicula><pelicula id="15028" emision="2002-03-17"><titulo>Clockstoppers</titulo><presupuesto>26000000</presupuesto><ingresos>38793283</ingresos><directores><director id="2388" nombre="Jonathan Frakes"/></directores><productores><productor id="869" nombre="Gale Anne Hurd"/><productor id="60268" nombre="Julia Pistor"/></productores><productoras><productora id="4" nombre="Paramount Pictures"/></productoras></pelicula><pelicula id="14635" emision="2002-03-25"><titulo>The Rookie</titulo><presupuesto>20000000</presupuesto><ingresos>75597042</ingresos><directores><director id="54040" nombre="John Lee Hancock"/></directores><productores/><productoras><productora id="2" nombre="Walt Disney Pictures"/></productoras></pelicula><pelicula id="13950" emision="2002-03-08"><titulo>All About the Benjamins</titulo><presupuesto>14000000</presupuesto><ingresos>25482931</ingresos><directores><director id="34453" nombre="Kevin Bray"/></directores><productores/><productoras><productora id="12" nombre="New Line Cinema"/></productoras></pelicula><pelicula id="5851" emision="2002-03-14"><titulo>Showtime</titulo><presupuesto>85000000</presupuesto><ingresos>77741732</ingresos><directores><director id="46076" nombre="Tom Dey"/></directores><productores><productor id="3305" nombre="Jane Rosenthal"/><productor id="46077" nombre="Jorge Saralegui"/><productor id="46079" nombre="Channing Dungey"/></productores><productoras><productora id="6194" nombre="Warner Bros."/><productora id="79" nombre="Village Roadshow Pictures"/></productoras></pelicula><pelicula id="2135" emision="2002-03-04"><titulo>The Time Machine</titulo><presupuesto>80000000</presupuesto><ingresos>123729176</ingresos><directores><director id="21879" nombre="Simon Wells"/></directores><productores><productor id="2212" nombre="Walter F. Parkes"/><productor id="3718" nombre="David Valdes"/></productores><productoras><productora id="6194" nombre="Warner Bros."/><productora id="27" nombre="DreamWorks SKG"/></productoras></pelicula></peliculas>
