<peliculas><pelicula id="6575" emision="2007-12-21"><titulo>Walk Hard: The Dewey Cox Story</titulo><presupuesto>35000000</presupuesto><ingresos>18317151</ingresos><directores><director id="51851" nombre="Jake Kasdan"/></directores><productores><productor id="3184" nombre="Clayton Townsend"/><productor id="41039" nombre="Judd Apatow"/><productor id="51851" nombre="Jake Kasdan"/></productores><productoras><productora id="441" nombre="Columbia Pictures Corporation"/></productoras></pelicula><pelicula id="13885" emision="2007-12-20"><titulo>Sweeney Todd: The Demon Barber of Fleet Street</titulo><presupuesto>50000000</presupuesto><ingresos>152000000</ingresos><directores><director id="510" nombre="Tim Burton"/></directores><productores><productor id="932" nombre="John Logan"/><productor id="1297" nombre="Richard D. Zanuck"/><productor id="2212" nombre="Walter F. Parkes"/><productor id="8701" nombre="Laurie MacDonald"/></productores><productoras><productora id="6194" nombre="Warner Bros."/></productoras></pelicula><pelicula id="440" emision="2007-12-25"><titulo>Aliens vs Predator: Requiem</titulo><presupuesto>40000000</presupuesto><ingresos>41797066</ingresos><directores><director id="6037" nombre="Colin Strause"/><director id="6038" nombre="Greg Strause"/></directores><productores><productor id="915" nombre="David Giler"/><productor id="1723" nombre="Walter Hill"/><productor id="2043" nombre="John Davis"/></productores><productoras><productora id="306" nombre="Twentieth Century Fox Film Corporation"/><productora id="444" nombre="Dune Entertainment"/></productoras></pelicula><pelicula id="2268" emision="2007-12-04"><titulo>The Golden Compass</titulo><presupuesto>180000000</presupuesto><ingresos>372234864</ingresos><directores><director id="3288" nombre="Chris Weitz"/></directores><productores><productor id="23420" nombre="Bill Carraro"/><productor id="23421" nombre="Deborah Forte"/></productores><productoras><productora id="12" nombre="New Line Cinema"/></productoras></pelicula><pelicula id="6479" emision="2007-12-14"><titulo>I Am Legend</titulo><presupuesto>150000000</presupuesto><ingresos>585349010</ingresos><directores><director id="10943" nombre="Francis Lawrence"/></directores><productores><productor id="5575" nombre="Akiva Goldsman"/><productor id="10968" nombre="David Heyman"/><productor id="11874" nombre="Neal H. Moritz"/><productor id="46080" nombre="James Lassiter"/><productor id="49917" nombre="Tracy Torm&#xE9;"/></productores><productoras><productora id="6194" nombre="Warner Bros."/><productora id="79" nombre="Village Roadshow Pictures"/></productoras></pelicula><pelicula id="6477" emision="2007-12-13"><titulo>Alvin and the Chipmunks</titulo><presupuesto>60000000</presupuesto><ingresos>361366633</ingresos><directores><director id="49903" nombre="Tim Hill"/></directores><productores><productor id="30696" nombre="Janice Karman"/><productor id="49906" nombre="Ross Bagdasarian"/></productores><productoras><productora id="444" nombre="Dune Entertainment"/></productoras></pelicula><pelicula id="6637" emision="2007-12-13"><titulo>National Treasure: Book of Secrets</titulo><presupuesto>130000000</presupuesto><ingresos>457363168</ingresos><directores><director id="12962" nombre="Jon Turteltaub"/></directores><productores><productor id="770" nombre="Jerry Bruckheimer"/><productor id="12962" nombre="Jon Turteltaub"/></productores><productoras><productora id="2" nombre="Walt Disney Pictures"/></productoras></pelicula><pelicula id="6538" emision="2007-12-19"><titulo>Charlie Wilson's War</titulo><presupuesto>75000000</presupuesto><ingresos>119000410</ingresos><directores><director id="5342" nombre="Mike Nichols"/></directores><productores><productor id="31" nombre="Tom Hanks"/><productor id="27098" nombre="Gary Goetzman"/></productores><productoras><productora id="33" nombre="Universal Pictures"/></productoras></pelicula></peliculas>
