<peliculas><pelicula id="82679" emision="2012-10-25"><titulo>Fun Size</titulo><presupuesto>14000000</presupuesto><ingresos>11417362</ingresos><directores><director id="168798" nombre="Josh Schwartz"/></directores><productores><productor id="168798" nombre="Josh Schwartz"/><productor id="168812" nombre="Stephanie Savage"/></productores><productoras><productora id="4" nombre="Paramount Pictures"/></productoras></pelicula><pelicula id="68734" emision="2012-10-11"><titulo>Argo</titulo><presupuesto>44500000</presupuesto><ingresos>232324128</ingresos><directores><director id="880" nombre="Ben Affleck"/></directores><productores><productor id="880" nombre="Ben Affleck"/><productor id="1461" nombre="George Clooney"/><productor id="31511" nombre="Grant Heslov"/></productores><productoras><productora id="6194" nombre="Warner Bros."/></productoras></pelicula><pelicula id="37724" emision="2012-10-25"><titulo>Skyfall</titulo><presupuesto>200000000</presupuesto><ingresos>1108561013</ingresos><directores><director id="39" nombre="Sam Mendes"/></directores><productores><productor id="10666" nombre="Barbara Broccoli"/><productor id="69678" nombre="Michael G. Wilson"/></productores><productoras><productora id="5" nombre="Columbia Pictures"/></productoras></pelicula><pelicula id="82990" emision="2012-10-17"><titulo>Paranormal Activity 4</titulo><presupuesto>5000000</presupuesto><ingresos>142817992</ingresos><directores><director id="142272" nombre="Henry Joost"/><director id="142276" nombre="Ariel Schulman"/></directores><productores><productor id="84348" nombre="Jason Blum"/><productor id="90591" nombre="Oren Peli"/><productor id="995456" nombre="Steven Schneider"/></productores><productoras><productora id="4" nombre="Paramount Pictures"/></productoras></pelicula></peliculas>
