<peliculas><pelicula id="10398" emision="1999-09-24"><titulo>Double Jeopardy</titulo><presupuesto>70000000</presupuesto><ingresos>177841558</ingresos><directores><director id="5696" nombre="Bruce Beresford"/></directores><productores><productor id="12842" nombre="Leonard Goldberg"/></productores><productoras><productora id="4" nombre="Paramount Pictures"/></productoras></pelicula><pelicula id="2162" emision="1999-09-01"><titulo>Chill Factor</titulo><presupuesto>70000000</presupuesto><ingresos>11263966</ingresos><directores><director id="22100" nombre="Hugh Johnson"/></directores><productores><productor id="4700" nombre="James G. Robinson"/></productores><productoras><productora id="6194" nombre="Warner Bros."/></productoras></pelicula><pelicula id="14" emision="1999-09-15"><titulo>American Beauty</titulo><presupuesto>15000000</presupuesto><ingresos>356296601</ingresos><directores><director id="39" nombre="Sam Mendes"/></directores><productores><productor id="8215" nombre="Bruce Cohen"/><productor id="8216" nombre="Dan Jinks"/></productores><productoras><productora id="27" nombre="DreamWorks SKG"/></productoras></pelicula><pelicula id="11001" emision="1999-09-17"><titulo>Blue Streak</titulo><presupuesto>65000000</presupuesto><ingresos>117758500</ingresos><directores><director id="56911" nombre="Les Mayfield"/></directores><productores><productor id="11874" nombre="Neal H. Moritz"/><productor id="59920" nombre="Toby Jaffe"/></productores><productoras><productora id="5" nombre="Columbia Pictures"/></productoras></pelicula><pelicula id="10307" emision="1999-09-10"><titulo>Stigmata</titulo><presupuesto>29000000</presupuesto><ingresos>50041732</ingresos><directores><director id="11809" nombre="Rupert Wainwright"/></directores><productores><productor id="49284" nombre="Frank Mancuso Jr."/></productores><productoras><productora id="8411" nombre="Metro-Goldwyn-Mayer (MGM)"/></productoras></pelicula><pelicula id="6415" emision="1999-09-27"><titulo>Three Kings</titulo><presupuesto>75000000</presupuesto><ingresos>108000000</ingresos><directores><director id="17883" nombre="David O. Russell"/></directores><productores><productor id="282" nombre="Charles Roven"/><productor id="2707" nombre="Paul Junger Witt"/><productor id="4588" nombre="Edward McDonnell"/></productores><productoras><productora id="6194" nombre="Warner Bros."/><productora id="79" nombre="Village Roadshow Pictures"/></productoras></pelicula><pelicula id="10400" emision="1999-09-17"><titulo>The Hurricane</titulo><presupuesto>50000000</presupuesto><ingresos>73956241</ingresos><directores><director id="13563" nombre="Norman Jewison"/></directores><productores><productor id="13563" nombre="Norman Jewison"/><productor id="41587" nombre="Armyan Bernstein"/><productor id="65012" nombre="John Ketcham"/></productores><productoras><productora id="33" nombre="Universal Pictures"/></productoras></pelicula></peliculas>
