<peliculas><pelicula id="4806" emision="1999-07-30"><titulo>Runaway Bride</titulo><presupuesto>70000000</presupuesto><ingresos>309457509</ingresos><directores><director id="1201" nombre="Garry Marshall"/></directores><productores><productor id="9184" nombre="Scott Kroopf"/><productor id="9196" nombre="Ted Field"/><productor id="18389" nombre="Robert W. Cort"/><productor id="68602" nombre="Tom Rosenberg"/></productores><productoras><productora id="4" nombre="Paramount Pictures"/><productora id="9195" nombre="Touchstone Pictures"/></productoras></pelicula><pelicula id="10490" emision="1999-07-23"><titulo>Drop Dead Gorgeous</titulo><presupuesto>10000000</presupuesto><ingresos>10571408</ingresos><directores><director id="59412" nombre="Michael Patrick Jann"/></directores><productores/><productoras><productora id="12" nombre="New Line Cinema"/></productoras></pelicula><pelicula id="10208" emision="1999-07-14"><titulo>Muppets from Space</titulo><presupuesto>24000000</presupuesto><ingresos>16290976</ingresos><directores><director id="49903" nombre="Tim Hill"/></directores><productores><productor id="44064" nombre="Ken Kaufman"/></productores><productoras><productora id="5" nombre="Columbia Pictures"/></productoras></pelicula><pelicula id="345" emision="1999-07-14"><titulo>Eyes Wide Shut</titulo><presupuesto>65000000</presupuesto><ingresos>162091208</ingresos><directores><director id="240" nombre="Stanley Kubrick"/></directores><productores><productor id="240" nombre="Stanley Kubrick"/><productor id="5015" nombre="Brian W. Cook"/></productores><productoras><productora id="6194" nombre="Warner Bros."/></productoras></pelicula><pelicula id="2105" emision="1999-07-09"><titulo>American Pie</titulo><presupuesto>11000000</presupuesto><ingresos>235483004</ingresos><directores><director id="3288" nombre="Chris Weitz"/><director id="3289" nombre="Paul Weitz"/></directores><productores><productor id="3288" nombre="Chris Weitz"/><productor id="6627" nombre="Chris Moore"/><productor id="21585" nombre="Craig Perry"/><productor id="21586" nombre="Warren Zide"/></productores><productoras><productora id="33" nombre="Universal Pictures"/></productoras></pelicula><pelicula id="8914" emision="1999-07-28"><titulo>Deep Blue Sea</titulo><presupuesto>60000000</presupuesto><ingresos>73648228</ingresos><directores><director id="16938" nombre="Renny Harlin"/></directores><productores><productor id="5575" nombre="Akiva Goldsman"/><productor id="47052" nombre="Tony Ludwig"/><productor id="47053" nombre="Alan Riche"/><productor id="1474777" nombre="Don MacBain"/></productores><productoras><productora id="6194" nombre="Warner Bros."/><productora id="79" nombre="Village Roadshow Pictures"/></productoras></pelicula></peliculas>
