<peliculas><pelicula id="24428" emision="2012-04-25"><titulo>The Avengers</titulo><presupuesto>220000000</presupuesto><ingresos>1519557910</ingresos><directores><director id="12891" nombre="Joss Whedon"/></directores><productores><productor id="10850" nombre="Kevin Feige"/></productores><productoras><productora id="4" nombre="Paramount Pictures"/><productora id="420" nombre="Marvel Studios"/></productoras></pelicula><pelicula id="44833" emision="2012-04-11"><titulo>Battleship</titulo><presupuesto>209000000</presupuesto><ingresos>303025485</ingresos><directores><director id="36602" nombre="Peter Berg"/></directores><productores><productor id="6870" nombre="Duncan Henderson"/><productor id="19282" nombre="Scott Stuber"/><productor id="24308" nombre="Brian Goldner"/><productor id="36602" nombre="Peter Berg"/><productor id="50769" nombre="Sarah Aubrey"/><productor id="937231" nombre="Bennett Schneir"/></productores><productoras><productora id="33" nombre="Universal Pictures"/></productoras></pelicula><pelicula id="71552" emision="2012-04-04"><titulo>American Reunion</titulo><presupuesto>50000000</presupuesto><ingresos>234989584</ingresos><directores><director id="68843" nombre="Jon Hurwitz"/><director id="68844" nombre="Hayden Schlossberg"/></directores><productores/><productoras><productora id="33" nombre="Universal Pictures"/></productoras></pelicula><pelicula id="72207" emision="2012-04-27"><titulo>The Five-Year Engagement</titulo><presupuesto>30000000</presupuesto><ingresos>53909751</ingresos><directores><director id="52934" nombre="Nicholas Stoller"/></directores><productores/><productoras><productora id="33" nombre="Universal Pictures"/><productora id="7295" nombre="Relativity Media"/></productoras></pelicula><pelicula id="77877" emision="2012-04-19"><titulo>The Lucky One</titulo><presupuesto>25000000</presupuesto><ingresos>99357138</ingresos><directores><director id="33433" nombre="Scott Hicks"/></directores><productores/><productoras><productora id="6194" nombre="Warner Bros."/><productora id="79" nombre="Village Roadshow Pictures"/></productoras></pelicula></peliculas>
