<peliculas><pelicula id="12220" emision="1999-10-13"><titulo>The Story of Us</titulo><presupuesto>50000000</presupuesto><ingresos>58900031</ingresos><directores><director id="3026" nombre="Rob Reiner"/></directores><productores><productor id="3026" nombre="Rob Reiner"/><productor id="16853" nombre="Jessie Nelson"/><productor id="62055" nombre="Alan Zweibel"/></productores><productoras><productora id="33" nombre="Universal Pictures"/></productoras></pelicula><pelicula id="10047" emision="1999-10-18"><titulo>The Messenger: The Story of Joan of Arc</titulo><presupuesto>60000000</presupuesto><ingresos>66976317</ingresos><directores><director id="59" nombre="Luc Besson"/></directores><productores><productor id="59" nombre="Luc Besson"/><productor id="60" nombre="Patrice Ledoux"/></productores><productoras><productora id="5" nombre="Columbia Pictures"/></productoras></pelicula><pelicula id="14271" emision="1999-10-22"><titulo>Beyond the Mat</titulo><presupuesto>2053648</presupuesto><ingresos>500000</ingresos><directores><director id="57328" nombre="Barry W. Blaustein"/></directores><productores><productor id="339" nombre="Brian Grazer"/><productor id="6159" nombre="Ron Howard"/><productor id="57328" nombre="Barry W. Blaustein"/></productores><productoras><productora id="33" nombre="Universal Pictures"/></productoras></pelicula><pelicula id="9008" emision="1999-10-28"><titulo>The Insider</titulo><presupuesto>90000000</presupuesto><ingresos>60289912</ingresos><directores><director id="638" nombre="Michael Mann"/></directores><productores><productor id="638" nombre="Michael Mann"/><productor id="639" nombre="Pieter Jan Brugge"/></productores><productoras><productora id="9195" nombre="Touchstone Pictures"/></productoras></pelicula><pelicula id="863" emision="1999-10-30"><titulo>Toy Story 2</titulo><presupuesto>90000000</presupuesto><ingresos>497366869</ingresos><directores><director id="7879" nombre="John Lasseter"/></directores><productores><productor id="12909" nombre="Karen Robert Jackson"/><productor id="12911" nombre="Helene Plotkin"/></productores><productoras><productora id="3" nombre="Pixar Animation Studios"/></productoras></pelicula><pelicula id="16162" emision="1999-10-22"><titulo>The Best Man</titulo><presupuesto>9000000</presupuesto><ingresos>34573780</ingresos><directores><director id="72024" nombre="Malcolm D. Lee"/></directores><productores/><productoras><productora id="33" nombre="Universal Pictures"/></productoras></pelicula><pelicula id="12618" emision="1999-10-08"><titulo>Random Hearts</titulo><presupuesto>64000000</presupuesto><ingresos>74608570</ingresos><directores><director id="2226" nombre="Sydney Pollack"/></directores><productores><productor id="2226" nombre="Sydney Pollack"/><productor id="71762" nombre="Marykay Powell"/></productores><productoras><productora id="5" nombre="Columbia Pictures"/></productoras></pelicula><pelicula id="11377" emision="1999-10-29"><titulo>House on Haunted Hill</titulo><presupuesto>19000000</presupuesto><ingresos>40846082</ingresos><directores><director id="57898" nombre="William Malone"/></directores><productores><productor id="24" nombre="Robert Zemeckis"/><productor id="1091" nombre="Joel Silver"/><productor id="10953" nombre="Gilbert Adler"/></productores><productoras><productora id="6194" nombre="Warner Bros."/></productoras></pelicula><pelicula id="550" emision="1999-10-15"><titulo>Fight Club</titulo><presupuesto>63000000</presupuesto><ingresos>100853753</ingresos><directores><director id="7467" nombre="David Fincher"/></directores><productores><productor id="1254" nombre="Art Linson"/><productor id="7474" nombre="Ross Grayson Bell"/><productor id="7475" nombre="Ce&#xE1;n Chaffin"/></productores><productoras><productora id="306" nombre="Twentieth Century Fox Film Corporation"/></productoras></pelicula><pelicula id="14429" emision="1999-10-01"><titulo>Drive Me Crazy</titulo><presupuesto>8000000</presupuesto><ingresos>22593409</ingresos><directores><director id="79656" nombre="John Schultz"/></directores><productores/><productoras><productora id="306" nombre="Twentieth Century Fox Film Corporation"/></productoras></pelicula></peliculas>
