<peliculas><pelicula id="195589" emision="2014-05-08"><titulo>Neighbors</titulo><presupuesto>18000000</presupuesto><ingresos>268157400</ingresos><directores><director id="52934" nombre="Nicholas Stoller"/></directores><productores><productor id="19274" nombre="Seth Rogen"/><productor id="54734" nombre="Evan Goldberg"/><productor id="928595" nombre="James Weaver"/></productores><productoras><productora id="33" nombre="Universal Pictures"/></productoras></pelicula><pelicula id="222935" emision="2014-05-16"><titulo>The Fault in Our Stars</titulo><presupuesto>12000000</presupuesto><ingresos>307166834</ingresos><directores><director id="1053420" nombre="Josh Boone"/></directores><productores><productor id="6040" nombre="Wyck Godfrey"/><productor id="25046" nombre="Marty Bowen"/></productores><productoras><productora id="22213" nombre="TSG Entertainment"/></productoras></pelicula><pelicula id="232672" emision="2014-05-21"><titulo>Blended</titulo><presupuesto>40000000</presupuesto><ingresos>123494610</ingresos><directores><director id="57370" nombre="Frank Coraci"/></directores><productores><productor id="19292" nombre="Adam Sandler"/><productor id="20821" nombre="Jack Giarraputo"/><productor id="62159" nombre="Mike Karz"/></productores><productoras><productora id="6194" nombre="Warner Bros."/></productoras></pelicula><pelicula id="137113" emision="2014-05-27"><titulo>Edge of Tomorrow</titulo><presupuesto>178000000</presupuesto><ingresos>370541256</ingresos><directores><director id="11694" nombre="Doug Liman"/></directores><productores><productor id="8702" nombre="Jason Hoffs"/><productor id="10950" nombre="Erwin Stoff"/><productor id="20908" nombre="Jeffrey Silver"/><productor id="53756" nombre="Tom Lassally"/><productor id="119665" nombre="Gregory Jacobs"/></productores><productoras><productora id="6194" nombre="Warner Bros."/><productora id="79" nombre="Village Roadshow Pictures"/></productoras></pelicula><pelicula id="198185" emision="2014-05-09"><titulo>Million Dollar Arm</titulo><presupuesto>25000000</presupuesto><ingresos>38307627</ingresos><directores><director id="50767" nombre="Craig Gillespie"/></directores><productores/><productoras><productora id="2" nombre="Walt Disney Pictures"/></productoras></pelicula><pelicula id="127585" emision="2014-05-15"><titulo>X-Men: Days of Future Past</titulo><presupuesto>250000000</presupuesto><ingresos>747862775</ingresos><directores><director id="9032" nombre="Bryan Singer"/></directores><productores><productor id="7200" nombre="Lauren Shuler Donner"/><productor id="9032" nombre="Bryan Singer"/><productor id="11092" nombre="Simon Kinberg"/><productor id="584598" nombre="Hutch Parker"/></productores><productoras><productora id="306" nombre="Twentieth Century Fox Film Corporation"/><productora id="22213" nombre="TSG Entertainment"/></productoras></pelicula><pelicula id="102651" emision="2014-05-28"><titulo>Maleficent</titulo><presupuesto>180000000</presupuesto><ingresos>758539785</ingresos><directores><director id="1032536" nombre="Robert Stromberg"/></directores><productores><productor id="12824" nombre="Don Hahn"/></productores><productoras><productora id="2" nombre="Walt Disney Pictures"/></productoras></pelicula><pelicula id="124905" emision="2014-05-14"><titulo>Godzilla</titulo><presupuesto>160000000</presupuesto><ingresos>529076069</ingresos><directores><director id="129894" nombre="Gareth Edwards"/></directores><productores><productor id="21036" nombre="Roy Lee"/><productor id="54211" nombre="Thomas Tull"/><productor id="61091" nombre="Jon Jashni"/><productor id="112690" nombre="Dan Lin"/><productor id="114408" nombre="Mary Parent"/><productor id="574042" nombre="Brian Rogers"/></productores><productoras><productora id="6194" nombre="Warner Bros."/><productora id="923" nombre="Legendary Pictures"/></productoras></pelicula></peliculas>
