<peliculas><pelicula id="19912" emision="2009-08-26"><titulo>The Final Destination</titulo><presupuesto>40000000</presupuesto><ingresos>186167139</ingresos><directores><director id="4755" nombre="David R. Ellis"/></directores><productores><productor id="21585" nombre="Craig Perry"/><productor id="21586" nombre="Warren Zide"/></productores><productoras><productora id="12" nombre="New Line Cinema"/></productoras></pelicula><pelicula id="16869" emision="2009-08-18"><titulo>Inglourious Basterds</titulo><presupuesto>70000000</presupuesto><ingresos>319131050</ingresos><directores><director id="138" nombre="Quentin Tarantino"/></directores><productores><productor id="2545" nombre="Lawrence Bender"/></productores><productoras><productora id="33" nombre="Universal Pictures"/></productoras></pelicula><pelicula id="14869" emision="2009-08-04"><titulo>G.I. Joe: The Rise of Cobra</titulo><presupuesto>175000000</presupuesto><ingresos>302469017</ingresos><directores><director id="7775" nombre="Stephen Sommers"/></directores><productores><productor id="7784" nombre="Bob Ducsay"/><productor id="10952" nombre="Lorenzo di Bonaventura"/><productor id="24308" nombre="Brian Goldner"/></productores><productoras><productora id="4" nombre="Paramount Pictures"/></productoras></pelicula><pelicula id="12244" emision="2009-08-19"><titulo>9</titulo><presupuesto>30000000</presupuesto><ingresos>48428063</ingresos><directores><director id="71923" nombre="Shane Acker"/></directores><productores><productor id="510" nombre="Tim Burton"/><productor id="20720" nombre="Jim Lemley"/><productor id="23430" nombre="Timur Bekmambetov"/><productor id="76588" nombre="Dana Ginsburg"/><productor id="76589" nombre="Mary Clayton"/><productor id="76590" nombre="Jinko Gotoh"/><productor id="76591" nombre="Marci Levine"/></productores><productoras><productora id="7295" nombre="Relativity Media"/></productoras></pelicula><pelicula id="25704" emision="2009-08-21"><titulo>Post Grad</titulo><presupuesto>15000000</presupuesto><ingresos>6405245</ingresos><directores><director id="12058" nombre="Vicky Jenson"/></directores><productores><productor id="8858" nombre="Ivan Reitman"/><productor id="57601" nombre="Joe Medjuck"/><productor id="949132" nombre="Jeffrey Clifford"/></productores><productoras><productora id="444" nombre="Dune Entertainment"/></productoras></pelicula><pelicula id="24420" emision="2009-08-14"><titulo>The Time Traveler's Wife</titulo><presupuesto>39000000</presupuesto><ingresos>101229792</ingresos><directores><director id="57270" nombre="Robert Schwentke"/></directores><productores><productor id="6468" nombre="Nick Wechsler"/><productor id="20458" nombre="Dede Gardner"/><productor id="974609" nombre="Kristin Hahn"/><productor id="1279374" nombre="Sara Moe"/></productores><productoras><productora id="12" nombre="New Line Cinema"/></productoras></pelicula><pelicula id="24803" emision="2009-08-06"><titulo>Julie &amp; Julia</titulo><presupuesto>40000000</presupuesto><ingresos>129540499</ingresos><directores><director id="9248" nombre="Nora Ephron"/></directores><productores><productor id="2556" nombre="Amy Robinson"/><productor id="9248" nombre="Nora Ephron"/><productor id="10685" nombre="Laurence Mark"/><productor id="18524" nombre="Eric Steel"/><productor id="1123817" nombre="J.J. Sacha"/></productores><productoras><productora id="5" nombre="Columbia Pictures"/></productoras></pelicula></peliculas>
