<peliculas><pelicula id="150689" emision="2015-03-12"><titulo>Cinderella</titulo><presupuesto>95000000</presupuesto><ingresos>543514353</ingresos><directores><director id="11181" nombre="Kenneth Branagh"/></directores><productores><productor id="11092" nombre="Simon Kinberg"/><productor id="65614" nombre="David Barron"/><productor id="1112036" nombre="Tim Lewis"/></productores><productoras><productora id="2" nombre="Walt Disney Pictures"/></productoras></pelicula><pelicula id="228161" emision="2015-03-18"><titulo>Home</titulo><presupuesto>135000000</presupuesto><ingresos>368871007</ingresos><directores><director id="52870" nombre="Tim Johnson"/></directores><productores><productor id="56671" nombre="Mireille Soria"/><productor id="58421" nombre="Christopher Jenkins"/><productor id="1295761" nombre="Suzanne Buirgy"/></productores><productoras><productora id="306" nombre="Twentieth Century Fox Film Corporation"/><productora id="521" nombre="DreamWorks Animation"/></productoras></pelicula><pelicula id="198184" emision="2015-03-04"><titulo>Chappie</titulo><presupuesto>49000000</presupuesto><ingresos>104399548</ingresos><directores><director id="82194" nombre="Neill Blomkamp"/></directores><productores><productor id="11092" nombre="Simon Kinberg"/><productor id="82194" nombre="Neill Blomkamp"/></productores><productoras><productora id="5" nombre="Columbia Pictures"/></productoras></pelicula><pelicula id="257091" emision="2015-03-26"><titulo>Get Hard</titulo><presupuesto>40000000</presupuesto><ingresos>111811453</ingresos><directores><director id="52803" nombre="Etan Cohen"/></directores><productores><productor id="23659" nombre="Will Ferrell"/><productor id="55710" nombre="Adam McKay"/></productores><productoras><productora id="6194" nombre="Warner Bros."/></productoras></pelicula></peliculas>
