<peliculas><pelicula id="12103" emision="2001-09-28"><titulo>Don't Say a Word</titulo><presupuesto>50000000</presupuesto><ingresos>100020092</ingresos><directores><director id="5501" nombre="Gary Fleder"/></directores><productores><productor id="376" nombre="Arnon Milchan"/><productor id="10764" nombre="Arnold Kopelson"/><productor id="12050" nombre="Anne Kopelson"/></productores><productoras><productora id="79" nombre="Village Roadshow Pictures"/></productoras></pelicula><pelicula id="9398" emision="2001-09-28"><titulo>Zoolander</titulo><presupuesto>28000000</presupuesto><ingresos>60780981</ingresos><directores><director id="7399" nombre="Ben Stiller"/></directores><productores><productor id="2997" nombre="Scott Rudin"/><productor id="7399" nombre="Ben Stiller"/><productor id="22302" nombre="Stuart Cornfeld"/></productores><productoras><productora id="4" nombre="Paramount Pictures"/><productora id="79" nombre="Village Roadshow Pictures"/></productoras></pelicula><pelicula id="11313" emision="2001-09-07"><titulo>Hearts in Atlantis</titulo><presupuesto>31000000</presupuesto><ingresos>24185781</ingresos><directores><director id="33433" nombre="Scott Hicks"/></directores><productores><productor id="33435" nombre="Kerry Heysen"/></productores><productoras><productora id="6194" nombre="Warner Bros."/><productora id="79" nombre="Village Roadshow Pictures"/></productoras></pelicula><pelicula id="20857" emision="2001-09-14"><titulo>Hardball</titulo><presupuesto>32000000</presupuesto><ingresos>40222729</ingresos><directores><director id="53177" nombre="Brian Robbins"/></directores><productores/><productoras><productora id="4" nombre="Paramount Pictures"/></productoras></pelicula><pelicula id="10696" emision="2001-09-21"><titulo>Glitter</titulo><presupuesto>22000000</presupuesto><ingresos>5271666</ingresos><directores><director id="6198" nombre="Vondie Curtis-Hall"/></directores><productores><productor id="10685" nombre="Laurence Mark"/></productores><productoras><productora id="306" nombre="Twentieth Century Fox Film Corporation"/><productora id="441" nombre="Columbia Pictures Corporation"/></productoras></pelicula><pelicula id="12508" emision="2001-09-04"><titulo>Rock Star</titulo><presupuesto>57000000</presupuesto><ingresos>16991902</ingresos><directores><director id="18356" nombre="Stephen Herek"/></directores><productores><productor id="59920" nombre="Toby Jaffe"/><productor id="1460574" nombre="Robert Lawrence"/></productores><productoras><productora id="6194" nombre="Warner Bros."/></productoras></pelicula></peliculas>
