<peliculas><pelicula id="9826" emision="1996-06-06"><titulo>The Phantom</titulo><presupuesto>45000000</presupuesto><ingresos>17300889</ingresos><directores><director id="18254" nombre="Simon Wincer"/></directores><productores><productor id="2488" nombre="Alan Ladd, Jr."/><productor id="12288" nombre="Robert Evans"/></productores><productoras><productora id="4" nombre="Paramount Pictures"/><productora id="79" nombre="Village Roadshow Pictures"/></productoras></pelicula><pelicula id="9327" emision="1996-06-26"><titulo>The Nutty Professor</titulo><presupuesto>54000000</presupuesto><ingresos>128769345</ingresos><directores><director id="4499" nombre="Tom Shadyac"/></directores><productores/><productoras><productora id="33" nombre="Universal Pictures"/></productoras></pelicula><pelicula id="602" emision="1996-06-25"><titulo>Independence Day</titulo><presupuesto>75000000</presupuesto><ingresos>816969268</ingresos><directores><director id="6046" nombre="Roland Emmerich"/></directores><productores><productor id="8676" nombre="Dean Devlin"/></productores><productoras><productora id="306" nombre="Twentieth Century Fox Film Corporation"/></productoras></pelicula><pelicula id="26748" emision="1996-06-21"><titulo>Lone Star</titulo><presupuesto>5000000</presupuesto><ingresos>13269963</ingresos><directores><director id="102445" nombre="John Sayles"/></directores><productores><productor id="20835" nombre="Maggie Renzi"/><productor id="60865" nombre="R. Paul Miller"/></productores><productoras><productora id="441" nombre="Columbia Pictures Corporation"/></productoras></pelicula><pelicula id="9879" emision="1996-06-28"><titulo>Striptease</titulo><presupuesto>50000000</presupuesto><ingresos>113309743</ingresos><directores><director id="41550" nombre="Andrew Bergman"/></directores><productores><productor id="31143" nombre="Mike Lobell"/><productor id="41550" nombre="Andrew Bergman"/></productores><productoras><productora id="5" nombre="Columbia Pictures"/></productoras></pelicula><pelicula id="10545" emision="1996-06-21"><titulo>The Hunchback of Notre Dame</titulo><presupuesto>100000000</presupuesto><ingresos>100138851</ingresos><directores><director id="62047" nombre="Gary Trousdale"/><director id="62048" nombre="Kirk Wise"/></directores><productores><productor id="12824" nombre="Don Hahn"/></productores><productoras><productora id="2" nombre="Walt Disney Pictures"/></productoras></pelicula><pelicula id="9268" emision="1996-06-21"><titulo>Eraser</titulo><presupuesto>100000000</presupuesto><ingresos>242295562</ingresos><directores><director id="26713" nombre="Chuck Russell"/></directores><productores><productor id="10764" nombre="Arnold Kopelson"/><productor id="12050" nombre="Anne Kopelson"/></productores><productoras><productora id="6194" nombre="Warner Bros."/></productoras></pelicula><pelicula id="9894" emision="1996-06-10"><titulo>The Cable Guy</titulo><presupuesto>47000000</presupuesto><ingresos>102825796</ingresos><directores><director id="7399" nombre="Ben Stiller"/></directores><productores><productor id="41039" nombre="Judd Apatow"/><productor id="50728" nombre="Andrew Licht"/><productor id="59354" nombre="Jeffrey A. Mueller"/></productores><productoras><productora id="441" nombre="Columbia Pictures Corporation"/></productoras></pelicula></peliculas>
