<peliculas><pelicula id="164457" emision="2013-12-06"><titulo>Out of the Furnace</titulo><presupuesto>22000000</presupuesto><ingresos>15400000</ingresos><directores><director id="65167" nombre="Scott Cooper"/></directores><productores><productor id="578" nombre="Ridley Scott"/><productor id="893" nombre="Tony Scott"/><productor id="6193" nombre="Leonardo DiCaprio"/><productor id="40374" nombre="Michael Costigan"/><productor id="54419" nombre="Ryan Kavanaugh"/><productor id="1128184" nombre="Jennifer Killoran"/></productores><productoras><productora id="7295" nombre="Relativity Media"/></productoras></pelicula><pelicula id="109443" emision="2013-12-18"><titulo>Anchorman 2: The Legend Continues</titulo><presupuesto>50000000</presupuesto><ingresos>173649015</ingresos><directores><director id="55710" nombre="Adam McKay"/></directores><productores><productor id="41039" nombre="Judd Apatow"/></productores><productoras><productora id="4" nombre="Paramount Pictures"/></productoras></pelicula><pelicula id="193756" emision="2013-12-24"><titulo>Lone Survivor</titulo><presupuesto>40000000</presupuesto><ingresos>149295601</ingresos><directores><director id="36602" nombre="Peter Berg"/></directores><productores><productor id="5575" nombre="Akiva Goldsman"/><productor id="13240" nombre="Mark Wahlberg"/><productor id="14895" nombre="Barry Spikings"/><productor id="17211" nombre="Randall Emmett"/><productor id="50769" nombre="Sarah Aubrey"/><productor id="96357" nombre="Norton Herrick"/><productor id="183044" nombre="Stephen Levinson"/><productor id="1725574" nombre="Vitaly Grigoriants"/></productores><productoras><productora id="33" nombre="Universal Pictures"/></productoras></pelicula><pelicula id="152601" emision="2013-12-18"><titulo>Her</titulo><presupuesto>23000000</presupuesto><ingresos>47351251</ingresos><directores><director id="5953" nombre="Spike Jonze"/></directores><productores><productor id="5953" nombre="Spike Jonze"/><productor id="6955" nombre="Vincent Landay"/><productor id="1027025" nombre="Megan Ellison"/></productores><productoras><productora id="6194" nombre="Warner Bros."/></productoras></pelicula><pelicula id="106646" emision="2013-12-25"><titulo>The Wolf of Wall Street</titulo><presupuesto>100000000</presupuesto><ingresos>392000694</ingresos><directores><director id="1032" nombre="Martin Scorsese"/></directores><productores><productor id="1032" nombre="Martin Scorsese"/><productor id="6193" nombre="Leonardo DiCaprio"/><productor id="45648" nombre="Emma Tillinger Koskoff"/><productor id="1027545" nombre="Riza Aziz"/><productor id="1027550" nombre="Joey McFarland"/></productores><productoras><productora id="4" nombre="Paramount Pictures"/></productoras></pelicula><pelicula id="116745" emision="2013-12-18"><titulo>The Secret Life of Walter Mitty</titulo><presupuesto>90000000</presupuesto><ingresos>188133322</ingresos><directores><director id="7399" nombre="Ben Stiller"/></directores><productores><productor id="7399" nombre="Ben Stiller"/><productor id="22302" nombre="Stuart Cornfeld"/><productor id="52160" nombre="John Goldwyn"/><productor id="65043" nombre="Samuel Goldwyn Jr."/></productores><productoras><productora id="306" nombre="Twentieth Century Fox Film Corporation"/><productora id="12" nombre="New Line Cinema"/><productora id="22213" nombre="TSG Entertainment"/></productoras></pelicula><pelicula id="64807" emision="2013-12-25"><titulo>Grudge Match</titulo><presupuesto>40000000</presupuesto><ingresos>44907260</ingresos><directores><director id="13426" nombre="Peter Segal"/></directores><productores><productor id="13426" nombre="Peter Segal"/><productor id="16837" nombre="Mark Steven Johnson"/><productor id="41551" nombre="Bill Gerber"/><productor id="71079" nombre="Michael Ewing"/><productor id="1123424" nombre="Ravi D. Mehta"/></productores><productoras><productora id="6194" nombre="Warner Bros."/></productoras></pelicula><pelicula id="57158" emision="2013-12-11"><titulo>The Hobbit: The Desolation of Smaug</titulo><presupuesto>250000000</presupuesto><ingresos>958400000</ingresos><directores><director id="108" nombre="Peter Jackson"/></directores><productores><productor id="108" nombre="Peter Jackson"/><productor id="126" nombre="Fran Walsh"/><productor id="3506" nombre="Carolynne Cunningham"/><productor id="53393" nombre="Zane Weiner"/></productores><productoras><productora id="12" nombre="New Line Cinema"/><productora id="8411" nombre="Metro-Goldwyn-Mayer (MGM)"/></productoras></pelicula><pelicula id="168672" emision="2013-12-12"><titulo>American Hustle</titulo><presupuesto>40000000</presupuesto><ingresos>251171807</ingresos><directores><director id="17883" nombre="David O. Russell"/></directores><productores><productor id="282" nombre="Charles Roven"/><productor id="6624" nombre="Jonathan Gordon"/><productor id="18953" nombre="Richard Suckle"/><productor id="1027025" nombre="Megan Ellison"/></productores><productoras><productora id="5" nombre="Columbia Pictures"/></productoras></pelicula></peliculas>
