<peliculas><pelicula id="5137" emision="2004-09-17"><titulo>Sky Captain and the World of Tomorrow</titulo><presupuesto>70000000</presupuesto><ingresos>57958696</ingresos><directores><director id="41378" nombre="Kerry Conran"/></directores><productores><productor id="9642" nombre="Jude Law"/><productor id="18250" nombre="Jon Avnet"/><productor id="41381" nombre="Sadie Frost"/><productor id="41382" nombre="Marsha Oglesby"/></productores><productoras><productora id="4" nombre="Paramount Pictures"/></productoras></pelicula><pelicula id="11208" emision="2004-09-03"><titulo>Wicker Park</titulo><presupuesto>30000000</presupuesto><ingresos>13001257</ingresos><directores><director id="2291" nombre="Paul McGuigan"/></directores><productores><productor id="3953" nombre="Gary Lucchesi"/><productor id="41332" nombre="Marcus Viscidi"/><productor id="52788" nombre="Andre Lamal"/><productor id="68602" nombre="Tom Rosenberg"/></productores><productoras><productora id="8411" nombre="Metro-Goldwyn-Mayer (MGM)"/></productoras></pelicula><pelicula id="15566" emision="2004-09-21"><titulo>Surviving Christmas</titulo><presupuesto>45000000</presupuesto><ingresos>14793624</ingresos><directores><director id="64151" nombre="Mike Mitchell"/></directores><productores/><productoras><productora id="27" nombre="DreamWorks SKG"/></productoras></pelicula><pelicula id="10555" emision="2004-09-20"><titulo>Shark Tale</titulo><presupuesto>75000000</presupuesto><ingresos>367275019</ingresos><directores><director id="12058" nombre="Vicky Jenson"/><director id="65629" nombre="Bibo Bergeron"/><director id="65630" nombre="Rob Letterman"/></directores><productores><productor id="21983" nombre="Allison Lyon Segan"/><productor id="65673" nombre="Bill Damaschke"/><productor id="65674" nombre="Janet Healy"/></productores><productoras><productora id="27" nombre="DreamWorks SKG"/><productora id="521" nombre="DreamWorks Animation"/></productoras></pelicula><pelicula id="9759" emision="2004-09-06"><titulo>Cellular</titulo><presupuesto>25000000</presupuesto><ingresos>56422687</ingresos><directores><director id="4755" nombre="David R. Ellis"/></directores><productores><productor id="8676" nombre="Dean Devlin"/><productor id="39032" nombre="Lauren Lloyd"/></productores><productoras><productora id="12" nombre="New Line Cinema"/></productoras></pelicula><pelicula id="15644" emision="2004-09-03"><titulo>Paparazzi</titulo><presupuesto>20000000</presupuesto><ingresos>16605763</ingresos><directores><director id="1216735" nombre="Paul Abascal"/></directores><productores><productor id="2461" nombre="Mel Gibson"/><productor id="2487" nombre="Bruce Davey"/><productor id="8747" nombre="Stephen McEveety"/></productores><productoras><productora id="306" nombre="Twentieth Century Fox Film Corporation"/></productoras></pelicula><pelicula id="11823" emision="2004-09-13"><titulo>Wimbledon</titulo><presupuesto>31000000</presupuesto><ingresos>41512007</ingresos><directores><director id="33315" nombre="Richard Loncraine"/></directores><productores><productor id="2236" nombre="Tim Bevan"/><productor id="2238" nombre="Eric Fellner"/><productor id="9151" nombre="Liza Chasin"/><productor id="70609" nombre="Mary Richards"/></productores><productoras><productora id="33" nombre="Universal Pictures"/></productoras></pelicula></peliculas>
