<peliculas><pelicula id="227719" emision="2015-01-29"><titulo>Project Almanac</titulo><presupuesto>12000000</presupuesto><ingresos>32248241</ingresos><directores><director id="1099862" nombre="Dean Israelite"/></directores><productores><productor id="865" nombre="Michael Bay"/><productor id="54843" nombre="Andrew Form"/><productor id="54844" nombre="Bradley Fuller"/></productores><productoras><productora id="4" nombre="Paramount Pictures"/></productoras></pelicula><pelicula id="241251" emision="2015-01-23"><titulo>The Boy Next Door</titulo><presupuesto>4000000</presupuesto><ingresos>52425855</ingresos><directores><director id="18878" nombre="Rob Cohen"/></directores><productores><productor id="16866" nombre="Jennifer Lopez"/><productor id="28635" nombre="John Jacobs"/><productor id="52004" nombre="Elaine Goldsmith-Thomas"/><productor id="84348" nombre="Jason Blum"/></productores><productoras><productora id="33" nombre="Universal Pictures"/></productoras></pelicula><pelicula id="201088" emision="2015-01-13"><titulo>Blackhat</titulo><presupuesto>70000000</presupuesto><ingresos>17752940</ingresos><directores><director id="638" nombre="Michael Mann"/></directores><productores><productor id="638" nombre="Michael Mann"/><productor id="54211" nombre="Thomas Tull"/><productor id="61091" nombre="Jon Jashni"/></productores><productoras><productora id="33" nombre="Universal Pictures"/><productora id="923" nombre="Legendary Pictures"/></productoras></pelicula><pelicula id="207703" emision="2015-01-29"><titulo>Kingsman: The Secret Service</titulo><presupuesto>81000000</presupuesto><ingresos>414351546</ingresos><directores><director id="957" nombre="Matthew Vaughn"/></directores><productores><productor id="957" nombre="Matthew Vaughn"/><productor id="61578" nombre="Adam Bohling"/><productor id="189613" nombre="David Reid"/></productores><productoras><productora id="306" nombre="Twentieth Century Fox Film Corporation"/><productora id="22213" nombre="TSG Entertainment"/></productoras></pelicula></peliculas>
