<peliculas><pelicula id="18126" emision="2009-04-10"><titulo>Hannah Montana: The Movie</titulo><presupuesto>35000000</presupuesto><ingresos>155545279</ingresos><directores><director id="36804" nombre="Peter Chelsom"/></directores><productores><productor id="18923" nombre="Miles Millar"/><productor id="18924" nombre="Alfred Gough"/><productor id="78887" nombre="Billy Ray Cyrus"/></productores><productoras><productora id="2" nombre="Walt Disney Pictures"/></productoras></pelicula><pelicula id="2080" emision="2009-04-28"><titulo>X-Men Origins: Wolverine</titulo><presupuesto>150000000</presupuesto><ingresos>373062864</ingresos><directores><director id="13079" nombre="Gavin Hood"/></directores><productores><productor id="6968" nombre="Hugh Jackman"/><productor id="7200" nombre="Lauren Shuler Donner"/><productor id="7626" nombre="Avi Arad"/></productores><productoras><productora id="306" nombre="Twentieth Century Fox Film Corporation"/><productora id="444" nombre="Dune Entertainment"/></productoras></pelicula><pelicula id="18947" emision="2009-04-01"><titulo>The Boat That Rocked</titulo><presupuesto>50000000</presupuesto><ingresos>36348784</ingresos><directores><director id="7018" nombre="Richard Curtis"/></directores><productores><productor id="2236" nombre="Tim Bevan"/><productor id="2238" nombre="Eric Fellner"/><productor id="17802" nombre="Ronaldo Vasconcellos"/><productor id="976763" nombre="Hilary Bevan Jones"/><productor id="1017450" nombre="Emma Freud"/></productores><productoras><productora id="33" nombre="Universal Pictures"/></productoras></pelicula><pelicula id="16995" emision="2009-04-17"><titulo>State of Play</titulo><presupuesto>60000000</presupuesto><ingresos>87784194</ingresos><directores><director id="17350" nombre="Kevin Macdonald"/></directores><productores><productor id="2236" nombre="Tim Bevan"/><productor id="2238" nombre="Eric Fellner"/><productor id="39922" nombre="Andrew Hauptman"/><productor id="54250" nombre="Kwame Parker"/><productor id="463806" nombre="Eric Hayes"/></productores><productoras><productora id="33" nombre="Universal Pictures"/><productora id="7295" nombre="Relativity Media"/></productoras></pelicula><pelicula id="13804" emision="2009-04-02"><titulo>Fast &amp; Furious</titulo><presupuesto>85000000</presupuesto><ingresos>363164265</ingresos><directores><director id="58189" nombre="Justin Lin"/></directores><productores><productor id="8181" nombre="Michael Fottrell"/><productor id="11874" nombre="Neal H. Moritz"/><productor id="12835" nombre="Vin Diesel"/></productores><productoras><productora id="33" nombre="Universal Pictures"/><productora id="7295" nombre="Relativity Media"/></productoras></pelicula><pelicula id="17332" emision="2009-04-24"><titulo>The Soloist</titulo><presupuesto>60000000</presupuesto><ingresos>31720158</ingresos><directores><director id="36588" nombre="Joe Wright"/></directores><productores><productor id="12922" nombre="Gary Foster"/><productor id="81696" nombre="Russ Krasnoff"/></productores><productoras><productora id="33" nombre="Universal Pictures"/></productoras></pelicula></peliculas>
