<peliculas><pelicula id="10197" emision="2009-12-03"><titulo>Nine</titulo><presupuesto>80000000</presupuesto><ingresos>53825515</ingresos><directores><director id="17633" nombre="Rob Marshall"/></directores><productores><productor id="23485" nombre="Marc Platt"/></productores><productoras><productora id="7295" nombre="Relativity Media"/></productoras></pelicula><pelicula id="22954" emision="2009-12-10"><titulo>Invictus</titulo><presupuesto>60000000</presupuesto><ingresos>122233971</ingresos><directores><director id="190" nombre="Clint Eastwood"/></directores><productores><productor id="190" nombre="Clint Eastwood"/><productor id="4611" nombre="Mace Neufeld"/><productor id="4746" nombre="Robert Lorenz"/><productor id="24205" nombre="Lori McCreary"/></productores><productoras><productora id="6194" nombre="Warner Bros."/></productoras></pelicula><pelicula id="22897" emision="2009-12-23"><titulo>It's Complicated</titulo><presupuesto>85000000</presupuesto><ingresos>219103655</ingresos><directores><director id="17698" nombre="Nancy Meyers"/></directores><productores><productor id="2997" nombre="Scott Rudin"/><productor id="17698" nombre="Nancy Meyers"/></productores><productoras><productora id="33" nombre="Universal Pictures"/><productora id="7295" nombre="Relativity Media"/></productoras></pelicula><pelicula id="10528" emision="2009-12-23"><titulo>Sherlock Holmes</titulo><presupuesto>90000000</presupuesto><ingresos>524028679</ingresos><directores><director id="956" nombre="Guy Ritchie"/></directores><productores><productor id="1091" nombre="Joel Silver"/><productor id="37162" nombre="Susan Downey"/><productor id="41289" nombre="Lionel Wigram"/><productor id="63127" nombre="Steve Clark-Hall"/><productor id="112690" nombre="Dan Lin"/><productor id="112691" nombre="Peter Eskelsen"/></productores><productoras><productora id="6194" nombre="Warner Bros."/><productora id="79" nombre="Village Roadshow Pictures"/></productoras></pelicula><pelicula id="24438" emision="2009-12-17"><titulo>Did You Hear About the Morgans?</titulo><presupuesto>58000000</presupuesto><ingresos>85280250</ingresos><directores><director id="18323" nombre="Marc Lawrence"/></directores><productores><productor id="41377" nombre="Martin Shafer"/><productor id="46347" nombre="Liz Glotzer"/><productor id="114308" nombre="Melissa Wells"/><productor id="114309" nombre="Sara Woodhatch"/></productores><productoras><productora id="5" nombre="Columbia Pictures"/><productora id="7295" nombre="Relativity Media"/></productoras></pelicula><pelicula id="7980" emision="2009-12-26"><titulo>The Lovely Bones</titulo><presupuesto>65000000</presupuesto><ingresos>93525586</ingresos><directores><director id="108" nombre="Peter Jackson"/></directores><productores><productor id="108" nombre="Peter Jackson"/><productor id="126" nombre="Fran Walsh"/><productor id="128" nombre="Philippa Boyens"/><productor id="3506" nombre="Carolynne Cunningham"/><productor id="1128252" nombre="Aim&#xE9;e Peyronnet"/><productor id="1128253" nombre="Marc Ashton"/><productor id="1128254" nombre="Anne Bruning"/></productores><productoras><productora id="27" nombre="DreamWorks SKG"/></productoras></pelicula><pelicula id="19995" emision="2009-12-10"><titulo>Avatar</titulo><presupuesto>237000000</presupuesto><ingresos>2787965087</ingresos><directores><director id="2710" nombre="James Cameron"/></directores><productores><productor id="2710" nombre="James Cameron"/><productor id="8529" nombre="Jon Landau"/></productores><productoras><productora id="306" nombre="Twentieth Century Fox Film Corporation"/><productora id="444" nombre="Dune Entertainment"/></productoras></pelicula><pelicula id="10198" emision="2009-12-08"><titulo>The Princess and the Frog</titulo><presupuesto>105000000</presupuesto><ingresos>267045765</ingresos><directores><director id="15810" nombre="Ron Clements"/><director id="15811" nombre="John Musker"/></directores><productores><productor id="61416" nombre="Peter Del Vecho"/></productores><productoras><productora id="2" nombre="Walt Disney Pictures"/></productoras></pelicula></peliculas>
