<peliculas><pelicula id="11849" emision="2000-12-08"><titulo>Dungeons &amp; Dragons</titulo><presupuesto>35000000</presupuesto><ingresos>15185241</ingresos><directores><director id="61921" nombre="Courtney Solomon"/></directores><productores><productor id="36134" nombre="Kia Jam"/><productor id="58190" nombre="Thomas M. Hammel"/></productores><productoras><productora id="12" nombre="New Line Cinema"/></productoras></pelicula><pelicula id="11688" emision="2000-12-09"><titulo>The Emperor's New Groove</titulo><presupuesto>100000000</presupuesto><ingresos>169327687</ingresos><directores><director id="61411" nombre="Mark Dindal"/></directores><productores><productor id="61417" nombre="Randy Fullmer"/></productores><productoras><productora id="2" nombre="Walt Disney Pictures"/></productoras></pelicula><pelicula id="8859" emision="2000-12-15"><titulo>Dude, Where’s My Car?</titulo><presupuesto>13000000</presupuesto><ingresos>73180723</ingresos><directores><director id="56591" nombre="Danny Leiner"/></directores><productores><productor id="25455" nombre="Gil Netter"/><productor id="47285" nombre="Broderick Johnson"/><productor id="47286" nombre="Andrew A. Kosove"/><productor id="66174" nombre="Wayne Allan Rice"/></productores><productoras><productora id="306" nombre="Twentieth Century Fox Film Corporation"/></productoras></pelicula><pelicula id="1493" emision="2000-12-14"><titulo>Miss Congeniality</titulo><presupuesto>45000000</presupuesto><ingresos>212000000</ingresos><directores><director id="18281" nombre="Donald Petrie"/></directores><productores><productor id="18277" nombre="Sandra Bullock"/></productores><productoras><productora id="79" nombre="Village Roadshow Pictures"/></productoras></pelicula><pelicula id="11973" emision="2000-12-24"><titulo>Thirteen Days</titulo><presupuesto>80000000</presupuesto><ingresos>34566746</ingresos><directores><director id="21370" nombre="Roger Donaldson"/></directores><productores><productor id="1269" nombre="Kevin Costner"/><productor id="41587" nombre="Armyan Bernstein"/><productor id="71141" nombre="Peter O. Almond"/></productores><productoras><productora id="12" nombre="New Line Cinema"/></productoras></pelicula><pelicula id="11678" emision="2000-12-08"><titulo>Vertical Limit</titulo><presupuesto>75000000</presupuesto><ingresos>215663859</ingresos><directores><director id="10702" nombre="Martin Campbell"/></directores><productores><productor id="10702" nombre="Martin Campbell"/><productor id="70189" nombre="Marcia Nasatir"/><productor id="1224549" nombre="Robert King"/></productores><productoras><productora id="441" nombre="Columbia Pictures Corporation"/></productoras></pelicula><pelicula id="3981" emision="2000-12-15"><titulo>What Women Want</titulo><presupuesto>70000000</presupuesto><ingresos>374111707</ingresos><directores><director id="17698" nombre="Nancy Meyers"/></directores><productores><productor id="2487" nombre="Bruce Davey"/><productor id="17698" nombre="Nancy Meyers"/><productor id="33437" nombre="Susan Cartsonis"/><productor id="34481" nombre="Matt Williams"/><productor id="59963" nombre="Gina Matthews"/></productores><productoras><productora id="4" nombre="Paramount Pictures"/></productoras></pelicula><pelicula id="711" emision="2000-12-21"><titulo>Finding Forrester</titulo><presupuesto>43000000</presupuesto><ingresos>80049764</ingresos><directores><director id="5216" nombre="Gus Van Sant"/></directores><productores><productor id="738" nombre="Sean Connery"/><productor id="10684" nombre="Jonathan King"/><productor id="10685" nombre="Laurence Mark"/><productor id="10686" nombre="Rhonda Tollefson"/><productor id="10687" nombre="Dany Wolf"/></productores><productoras><productora id="441" nombre="Columbia Pictures Corporation"/></productoras></pelicula><pelicula id="8358" emision="2000-12-22"><titulo>Cast Away</titulo><presupuesto>90000000</presupuesto><ingresos>429632142</ingresos><directores><director id="24" nombre="Robert Zemeckis"/></directores><productores><productor id="24" nombre="Robert Zemeckis"/><productor id="30" nombre="Steve Starkey"/><productor id="31" nombre="Tom Hanks"/><productor id="23779" nombre="Jack Rapke"/></productores><productoras><productora id="306" nombre="Twentieth Century Fox Film Corporation"/><productora id="27" nombre="DreamWorks SKG"/></productoras></pelicula></peliculas>
