<peliculas><pelicula id="9676" emision="2006-09-15"><titulo>The Black Dahlia</titulo><presupuesto>50000000</presupuesto><ingresos>49111202</ingresos><directores><director id="1150" nombre="Brian De Palma"/></directores><productores><productor id="1254" nombre="Art Linson"/><productor id="17209" nombre="Avi Lerner"/><productor id="56032" nombre="Moshe Diamant"/><productor id="57901" nombre="Rudy Cohen"/></productores><productoras><productora id="33" nombre="Universal Pictures"/></productoras></pelicula><pelicula id="1381" emision="2006-09-06"><titulo>The Fountain</titulo><presupuesto>35000000</presupuesto><ingresos>15304890</ingresos><directores><director id="6431" nombre="Darren Aronofsky"/></directores><productores><productor id="376" nombre="Arnon Milchan"/><productor id="8374" nombre="Iain Smith"/></productores><productoras><productora id="6194" nombre="Warner Bros."/></productoras></pelicula><pelicula id="9766" emision="2006-09-15"><titulo>Gridiron Gang</titulo><presupuesto>30000000</presupuesto><ingresos>41480851</ingresos><directores><director id="18500" nombre="Phil Joanou"/></directores><productores><productor id="11874" nombre="Neal H. Moritz"/><productor id="48548" nombre="Lee Stanley"/></productores><productoras><productora id="5" nombre="Columbia Pictures"/></productoras></pelicula><pelicula id="7512" emision="2006-09-01"><titulo>Idiocracy</titulo><presupuesto>30000000</presupuesto><ingresos>495303</ingresos><directores><director id="17403" nombre="Mike Judge"/></directores><productores><productor id="17403" nombre="Mike Judge"/><productor id="52804" nombre="Elysa Koplovitz"/></productores><productoras><productora id="306" nombre="Twentieth Century Fox Film Corporation"/></productoras></pelicula><pelicula id="9952" emision="2006-09-09"><titulo>Rescue Dawn</titulo><presupuesto>10000000</presupuesto><ingresos>7177143</ingresos><directores><director id="6818" nombre="Werner Herzog"/></directores><productores><productor id="43104" nombre="Robyn Klein"/><productor id="59003" nombre="Jeff Geoffray"/><productor id="59004" nombre="Walter Josten"/><productor id="60836" nombre="Elton Brand"/><productor id="60837" nombre="Harry Knapp"/><productor id="60839" nombre="Adam W. Rosen"/><productor id="60840" nombre="Steve Marlton"/></productores><productoras><productora id="8411" nombre="Metro-Goldwyn-Mayer (MGM)"/></productoras></pelicula><pelicula id="9708" emision="2006-09-01"><titulo>The Wicker Man</titulo><presupuesto>40000000</presupuesto><ingresos>38755073</ingresos><directores><director id="58689" nombre="Neil LaBute"/></directores><productores><productor id="2963" nombre="Nicolas Cage"/><productor id="4770" nombre="JoAnne Sellar"/><productor id="17209" nombre="Avi Lerner"/><productor id="17211" nombre="Randall Emmett"/><productor id="18956" nombre="Norman Golightly"/></productores><productoras><productora id="6194" nombre="Warner Bros."/></productoras></pelicula><pelicula id="4643" emision="2006-09-28"><titulo>The Guardian</titulo><presupuesto>70000000</presupuesto><ingresos>55011732</ingresos><directores><director id="12989" nombre="Andrew Davis"/></directores><productores><productor id="9543" nombre="Beau Flynn"/><productor id="33624" nombre="Tripp Vinson"/><productor id="41590" nombre="Lowell D. Blank"/></productores><productoras><productora id="9195" nombre="Touchstone Pictures"/></productoras></pelicula><pelicula id="1717" emision="2006-09-10"><titulo>All the King's Men</titulo><presupuesto>55000000</presupuesto><ingresos>9450897</ingresos><directores><director id="2260" nombre="Steven Zaillian"/></directores><productores><productor id="2260" nombre="Steven Zaillian"/><productor id="20206" nombre="Mike Medavoy"/><productor id="62559" nombre="Ken Lemberger"/></productores><productoras><productora id="7295" nombre="Relativity Media"/><productora id="441" nombre="Columbia Pictures Corporation"/></productoras></pelicula><pelicula id="9693" emision="2006-09-22"><titulo>Children of Men</titulo><presupuesto>76000000</presupuesto><ingresos>69959751</ingresos><directores><director id="11218" nombre="Alfonso Cuar&#xF3;n"/></directores><productores><productor id="8374" nombre="Iain Smith"/><productor id="15219" nombre="Marc Abraham"/><productor id="15220" nombre="Eric Newman"/><productor id="58847" nombre="Pablo Casacuberta"/><productor id="58848" nombre="Hilary Shor"/><productor id="58849" nombre="Tony Smith"/><productor id="973271" nombre="Kristel Laiblin"/></productores><productoras><productora id="33" nombre="Universal Pictures"/></productoras></pelicula><pelicula id="12094" emision="2006-09-22"><titulo>Jackass Number Two</titulo><presupuesto>11000000</presupuesto><ingresos>72778712</ingresos><directores><director id="56578" nombre="Jeff Tremaine"/></directores><productores><productor id="5953" nombre="Spike Jonze"/><productor id="9656" nombre="Johnny Knoxville"/><productor id="56578" nombre="Jeff Tremaine"/></productores><productoras><productora id="4" nombre="Paramount Pictures"/></productoras></pelicula><pelicula id="13495" emision="2006-09-01"><titulo>Alatriste</titulo><presupuesto>24000000</presupuesto><ingresos>23321954</ingresos><directores><director id="127823" nombre="Agust&#xED;n D&#xED;az Yanes"/></directores><productores><productor id="8912" nombre="Antonio Cardenal"/><productor id="16999" nombre="&#xC1;lvaro August&#xED;n"/></productores><productoras><productora id="306" nombre="Twentieth Century Fox Film Corporation"/></productoras></pelicula></peliculas>
