<peliculas><pelicula id="8698" emision="2003-07-11"><titulo>The League of Extraordinary Gentlemen</titulo><presupuesto>78000000</presupuesto><ingresos>179265204</ingresos><directores><director id="10808" nombre="Stephen Norrington"/></directores><productores><productor id="1525" nombre="Trevor Albert"/><productor id="3183" nombre="Don Murphy"/></productores><productoras><productora id="306" nombre="Twentieth Century Fox Film Corporation"/></productoras></pelicula><pelicula id="1996" emision="2003-07-21"><titulo>Lara Croft Tomb Raider: The Cradle of Life</titulo><presupuesto>95000000</presupuesto><ingresos>156505388</ingresos><directores><director id="2209" nombre="Jan de Bont"/></directores><productores><productor id="1093" nombre="Lawrence Gordon"/><productor id="1993" nombre="Lloyd Levin"/></productores><productoras><productora id="4" nombre="Paramount Pictures"/></productoras></pelicula><pelicula id="14411" emision="2003-07-02"><titulo>Sinbad: Legend of the Seven Seas</titulo><presupuesto>60000000</presupuesto><ingresos>26288320</ingresos><directores><director id="52870" nombre="Tim Johnson"/><director id="1205756" nombre="Patrick Gilmore"/></directores><productores><productor id="12062" nombre="Jeffrey Katzenberg"/><productor id="56671" nombre="Mireille Soria"/></productores><productoras><productora id="521" nombre="DreamWorks Animation"/></productoras></pelicula><pelicula id="296" emision="2003-07-02"><titulo>Terminator 3: Rise of the Machines</titulo><presupuesto>200000000</presupuesto><ingresos>435000000</ingresos><directores><director id="7213" nombre="Jonathan Mostow"/></directores><productores><productor id="3986" nombre="Mario Kassar"/><productor id="7227" nombre="Hal Lieberman"/><productor id="7228" nombre="Joel B. Michaels"/><productor id="56967" nombre="Andrew G. Vajna"/><productor id="66185" nombre="Matthias Deyle"/><productor id="1282435" nombre="Colin Wilson"/></productores><productoras><productora id="6194" nombre="Warner Bros."/><productora id="5" nombre="Columbia Pictures"/></productoras></pelicula><pelicula id="4464" emision="2003-07-22"><titulo>Seabiscuit</titulo><presupuesto>87000000</presupuesto><ingresos>148336445</ingresos><directores><director id="23964" nombre="Gary Ross"/></directores><productores><productor id="664" nombre="Frank Marshall"/><productor id="23964" nombre="Gary Ross"/><productor id="38269" nombre="Jane Sindell"/></productores><productoras><productora id="33" nombre="Universal Pictures"/><productora id="9195" nombre="Touchstone Pictures"/></productoras></pelicula><pelicula id="10327" emision="2003-07-02"><titulo>Legally Blonde 2: Red, White &amp; Blonde</titulo><presupuesto>45000000</presupuesto><ingresos>124914842</ingresos><directores><director id="76247" nombre="Charles Herman-Wurmfeld"/></directores><productores><productor id="8305" nombre="David Nicksay"/><productor id="23485" nombre="Marc Platt"/></productores><productoras><productora id="8411" nombre="Metro-Goldwyn-Mayer (MGM)"/></productoras></pelicula><pelicula id="8961" emision="2003-07-18"><titulo>Bad Boys II</titulo><presupuesto>130000000</presupuesto><ingresos>273339556</ingresos><directores><director id="865" nombre="Michael Bay"/></directores><productores><productor id="770" nombre="Jerry Bruckheimer"/></productores><productoras><productora id="441" nombre="Columbia Pictures Corporation"/></productoras></pelicula><pelicula id="22" emision="2003-07-09"><titulo>Pirates of the Caribbean: The Curse of the Black Pearl</titulo><presupuesto>140000000</presupuesto><ingresos>655011224</ingresos><directores><director id="1704" nombre="Gore Verbinski"/></directores><productores><productor id="770" nombre="Jerry Bruckheimer"/></productores><productoras><productora id="2" nombre="Walt Disney Pictures"/></productoras></pelicula><pelicula id="10629" emision="2003-07-11"><titulo>Veronica Guerin</titulo><presupuesto>17000000</presupuesto><ingresos>1569918</ingresos><directores><director id="5572" nombre="Joel Schumacher"/></directores><productores><productor id="770" nombre="Jerry Bruckheimer"/></productores><productoras><productora id="9195" nombre="Touchstone Pictures"/></productoras></pelicula></peliculas>
