<peliculas><pelicula id="10461" emision="2000-10-06"><titulo>Get Carter</titulo><presupuesto>63600000</presupuesto><ingresos>19412993</ingresos><directores><director id="56435" nombre="Stephen T. Kay"/></directores><productores><productor id="1059" nombre="Neil Canton"/><productor id="46088" nombre="Mark Canton"/></productores><productoras><productora id="6194" nombre="Warner Bros."/></productoras></pelicula><pelicula id="1636" emision="2000-10-19"><titulo>Bedazzled</titulo><presupuesto>48000000</presupuesto><ingresos>90383208</ingresos><directores><director id="1524" nombre="Harold Ramis"/></directores><productores><productor id="1524" nombre="Harold Ramis"/><productor id="1525" nombre="Trevor Albert"/><productor id="18274" nombre="Michael Haley"/><productor id="18275" nombre="Suzanne Herrington"/></productores><productoras><productora id="306" nombre="Twentieth Century Fox Film Corporation"/></productoras></pelicula><pelicula id="24100" emision="2000-10-27"><titulo>The Little Vampire</titulo><presupuesto>22000000</presupuesto><ingresos>13555988</ingresos><directores><director id="15868" nombre="Uli Edel"/></directores><productores/><productoras><productora id="12" nombre="New Line Cinema"/></productoras></pelicula><pelicula id="10647" emision="2000-10-12"><titulo>Pay It Forward</titulo><presupuesto>40000000</presupuesto><ingresos>55707411</ingresos><directores><director id="51984" nombre="Mimi Leder"/></directores><productores/><productoras><productora id="6194" nombre="Warner Bros."/></productoras></pelicula><pelicula id="10481" emision="2000-10-07"><titulo>102 Dalmatians</titulo><presupuesto>85000000</presupuesto><ingresos>183611771</ingresos><directores><director id="15775" nombre="Kevin Lima"/></directores><productores><productor id="11302" nombre="Edward S. Feldman"/></productores><productoras><productora id="2" nombre="Walt Disney Pictures"/></productoras></pelicula><pelicula id="1597" emision="2000-10-06"><titulo>Meet the Parents</titulo><presupuesto>55000000</presupuesto><ingresos>330444045</ingresos><directores><director id="6737" nombre="Jay Roach"/></directores><productores><productor id="380" nombre="Robert De Niro"/><productor id="3305" nombre="Jane Rosenthal"/><productor id="6737" nombre="Jay Roach"/><productor id="10392" nombre="Nancy Tenenbaum"/></productores><productoras><productora id="33" nombre="Universal Pictures"/><productora id="27" nombre="DreamWorks SKG"/></productoras></pelicula></peliculas>
