<peliculas><pelicula id="11045" emision="2004-10-06"><titulo>Taxi</titulo><presupuesto>25000000</presupuesto><ingresos>36609966</ingresos><directores><director id="20400" nombre="Tim Story"/></directores><productores><productor id="59" nombre="Luc Besson"/></productores><productoras><productora id="306" nombre="Twentieth Century Fox Film Corporation"/></productoras></pelicula><pelicula id="11128" emision="2004-10-01"><titulo>Ladder 49</titulo><presupuesto>60000000</presupuesto><ingresos>74541707</ingresos><directores><director id="46297" nombre="Jay Russell"/></directores><productores><productor id="20802" nombre="Casey Silver"/></productores><productoras><productora id="9195" nombre="Touchstone Pictures"/></productoras></pelicula><pelicula id="8849" emision="2004-10-22"><titulo>Alfie</titulo><presupuesto>60000000</presupuesto><ingresos>13395939</ingresos><directores><director id="56106" nombre="Charles Shyer"/></directores><productores><productor id="56106" nombre="Charles Shyer"/><productor id="56107" nombre="Elaine Pope"/></productores><productoras><productora id="4" nombre="Paramount Pictures"/></productoras></pelicula><pelicula id="1677" emision="2004-10-29"><titulo>Ray</titulo><presupuesto>40000000</presupuesto><ingresos>124731534</ingresos><directores><director id="18596" nombre="Taylor Hackford"/></directores><productores><productor id="18596" nombre="Taylor Hackford"/><productor id="53299" nombre="Howard Baldwin"/><productor id="53300" nombre="Karen Elise Baldwin"/><productor id="1551930" nombre="Stuart Benjamin"/></productores><productoras><productora id="33" nombre="Universal Pictures"/></productoras></pelicula><pelicula id="3989" emision="2004-10-10"><titulo>Team America: World Police</titulo><presupuesto>32000000</presupuesto><ingresos>50907422</ingresos><directores><director id="34517" nombre="Trey Parker"/></directores><productores><productor id="5626" nombre="Michael Polaire"/><productor id="34517" nombre="Trey Parker"/><productor id="34518" nombre="Matt Stone"/><productor id="34522" nombre="Pam Brady"/><productor id="34524" nombre="Frank C. Agnone II"/></productores><productoras><productora id="4" nombre="Paramount Pictures"/></productoras></pelicula></peliculas>
