<peliculas><pelicula id="45610" emision="2011-09-23"><titulo>Machine Gun Preacher</titulo><presupuesto>30000000</presupuesto><ingresos>2527904</ingresos><directores><director id="12995" nombre="Marc Forster"/></directores><productores><productor id="12995" nombre="Marc Forster"/><productor id="59700" nombre="Robbie Brenner"/><productor id="1053661" nombre="Craig Chapman"/><productor id="1053663" nombre="Deborah Giarratana"/><productor id="1053664" nombre="Gary Safady"/><productor id="1125216" nombre="Douglas Saylor Jr."/><productor id="1125217" nombre="Jillian Kugler"/></productores><productoras><productora id="7295" nombre="Relativity Media"/></productoras></pelicula><pelicula id="65057" emision="2011-09-09"><titulo>The Descendants</titulo><presupuesto>20000000</presupuesto><ingresos>177243185</ingresos><directores><director id="13235" nombre="Alexander Payne"/></directores><productores><productor id="4948" nombre="Jim Taylor"/><productor id="13235" nombre="Alexander Payne"/><productor id="45838" nombre="George Parra"/><productor id="54242" nombre="Jim Burke"/><productor id="1123796" nombre="Tracy Boyd"/></productores><productoras><productora id="444" nombre="Dune Entertainment"/></productoras></pelicula><pelicula id="60308" emision="2011-09-22"><titulo>Moneyball</titulo><presupuesto>50000000</presupuesto><ingresos>110206216</ingresos><directores><director id="5345" nombre="Bennett Miller"/></directores><productores><productor id="287" nombre="Brad Pitt"/><productor id="4767" nombre="Michael De Luca"/><productor id="31270" nombre="Rachael Horovitz"/></productores><productoras><productora id="5" nombre="Columbia Pictures"/></productoras></pelicula><pelicula id="47760" emision="2011-09-16"><titulo>Restless</titulo><presupuesto>8000000</presupuesto><ingresos>163265</ingresos><directores><director id="5216" nombre="Gus Van Sant"/></directores><productores><productor id="339" nombre="Brian Grazer"/><productor id="5216" nombre="Gus Van Sant"/><productor id="6159" nombre="Ron Howard"/><productor id="18997" nombre="Bryce Dallas Howard"/></productores><productoras><productora id="5" nombre="Columbia Pictures"/></productoras></pelicula><pelicula id="58233" emision="2011-09-15"><titulo>Johnny English Reborn</titulo><presupuesto>45000000</presupuesto><ingresos>160078586</ingresos><directores><director id="56710" nombre="Oliver Parker"/></directores><productores/><productoras><productora id="33" nombre="Universal Pictures"/></productoras></pelicula><pelicula id="39254" emision="2011-09-28"><titulo>Real Steel</titulo><presupuesto>110000000</presupuesto><ingresos>299268508</ingresos><directores><director id="17825" nombre="Shawn Levy"/></directores><productores><productor id="3183" nombre="Don Murphy"/><productor id="17825" nombre="Shawn Levy"/><productor id="34970" nombre="Susan Montford"/></productores><productoras><productora id="27" nombre="DreamWorks SKG"/><productora id="9195" nombre="Touchstone Pictures"/></productoras></pelicula><pelicula id="39538" emision="2011-09-08"><titulo>Contagion</titulo><presupuesto>60000000</presupuesto><ingresos>137551594</ingresos><directores><director id="1884" nombre="Steven Soderbergh"/></directores><productores><productor id="5381" nombre="Michael Shamberg"/><productor id="5382" nombre="Stacey Sher"/><productor id="119665" nombre="Gregory Jacobs"/></productores><productoras><productora id="6194" nombre="Warner Bros."/></productoras></pelicula></peliculas>
