<peliculas><pelicula id="216282" emision="2014-08-06"><titulo>Into the Storm</titulo><presupuesto>50000000</presupuesto><ingresos>160602194</ingresos><directores><director id="93214" nombre="Steven Quale"/></directores><productores><productor id="11814" nombre="Todd Garner"/></productores><productoras><productora id="12" nombre="New Line Cinema"/><productora id="79" nombre="Village Roadshow Pictures"/></productoras></pelicula><pelicula id="254904" emision="2014-08-27"><titulo>The November Man</titulo><presupuesto>15000000</presupuesto><ingresos>32556119</ingresos><directores><director id="21370" nombre="Roger Donaldson"/></directores><productores><productor id="94453" nombre="Sriram Das"/></productores><productoras><productora id="7295" nombre="Relativity Media"/></productoras></pelicula><pelicula id="193893" emision="2014-08-13"><titulo>Let's Be Cops</titulo><presupuesto>17000000</presupuesto><ingresos>136621271</ingresos><directores><director id="65734" nombre="Luke Greenfield"/></directores><productores><productor id="11092" nombre="Simon Kinberg"/><productor id="65734" nombre="Luke Greenfield"/><productor id="1320090" nombre="Aditya Sood"/></productores><productoras><productora id="306" nombre="Twentieth Century Fox Film Corporation"/></productoras></pelicula><pelicula id="256274" emision="2014-08-14"><titulo>As Above, So Below</titulo><presupuesto>5000000</presupuesto><ingresos>40100000</ingresos><directores><director id="77147" nombre="John Erick Dowdle"/></directores><productores><productor id="54211" nombre="Thomas Tull"/><productor id="61091" nombre="Jon Jashni"/><productor id="142520" nombre="Drew Dowdle"/><productor id="964093" nombre="Patrick Aiello"/></productores><productoras><productora id="33" nombre="Universal Pictures"/><productora id="923" nombre="Legendary Pictures"/></productoras></pelicula><pelicula id="194662" emision="2014-08-27"><titulo>Birdman</titulo><presupuesto>18000000</presupuesto><ingresos>103215094</ingresos><directores><director id="223" nombre="Alejandro Gonz&#xE1;lez I&#xF1;&#xE1;rritu"/></directores><productores><productor id="223" nombre="Alejandro Gonz&#xE1;lez I&#xF1;&#xE1;rritu"/><productor id="376" nombre="Arnon Milchan"/><productor id="4701" nombre="James W. Skotchdopole"/><productor id="1095253" nombre="John Lesher"/></productores><productoras><productora id="22213" nombre="TSG Entertainment"/></productoras></pelicula><pelicula id="228194" emision="2014-08-06"><titulo>The Hundred-Foot Journey</titulo><presupuesto>22000000</presupuesto><ingresos>88880821</ingresos><directores><director id="5306" nombre="Lasse Hallstr&#xF6;m"/></directores><productores><productor id="488" nombre="Steven Spielberg"/><productor id="13309" nombre="Oprah Winfrey"/></productores><productoras><productora id="56" nombre="Amblin Entertainment"/><productora id="9195" nombre="Touchstone Pictures"/></productoras></pelicula><pelicula id="249164" emision="2014-08-21"><titulo>If I Stay</titulo><presupuesto>11000000</presupuesto><ingresos>78874843</ingresos><directores><director id="1284493" nombre="R.J. Cutler"/></directores><productores><productor id="66963" nombre="Alison Greenspan"/></productores><productoras><productora id="12" nombre="New Line Cinema"/><productora id="8411" nombre="Metro-Goldwyn-Mayer (MGM)"/></productoras></pelicula><pelicula id="98566" emision="2014-08-07"><titulo>Teenage Mutant Ninja Turtles</titulo><presupuesto>125000000</presupuesto><ingresos>477200000</ingresos><directores><director id="66739" nombre="Jonathan Liebesman"/></directores><productores><productor id="865" nombre="Michael Bay"/><productor id="19501" nombre="Galen Walker"/><productor id="54843" nombre="Andrew Form"/><productor id="54844" nombre="Bradley Fuller"/><productor id="60245" nombre="Scott Mednick"/></productores><productoras><productora id="4" nombre="Paramount Pictures"/></productoras></pelicula></peliculas>
