<peliculas><pelicula id="21349" emision="1999-11-12"><titulo>Anywhere But Here</titulo><presupuesto>23000000</presupuesto><ingresos>18653615</ingresos><directores><director id="39819" nombre="Wayne Wang"/></directores><productores/><productoras><productora id="306" nombre="Twentieth Century Fox Film Corporation"/></productoras></pelicula><pelicula id="22267" emision="1999-11-24"><titulo>Ride with the Devil</titulo><presupuesto>38000000</presupuesto><ingresos>635096</ingresos><directores><director id="1614" nombre="Ang Lee"/></directores><productores><productor id="1617" nombre="James Schamus"/><productor id="1994" nombre="Robert F. Colesberry"/><productor id="5952" nombre="Ted Hope"/></productores><productoras><productora id="33" nombre="Universal Pictures"/></productoras></pelicula><pelicula id="2668" emision="1999-11-18"><titulo>Sleepy Hollow</titulo><presupuesto>100000000</presupuesto><ingresos>206071502</ingresos><directores><director id="510" nombre="Tim Burton"/></directores><productores><productor id="2997" nombre="Scott Rudin"/><productor id="11303" nombre="Adam Schroeder"/></productores><productoras><productora id="4" nombre="Paramount Pictures"/></productoras></pelicula><pelicula id="36643" emision="1999-11-08"><titulo>The World Is Not Enough</titulo><presupuesto>135000000</presupuesto><ingresos>361832400</ingresos><directores><director id="10781" nombre="Michael Apted"/></directores><productores><productor id="10666" nombre="Barbara Broccoli"/><productor id="69678" nombre="Michael G. Wilson"/></productores><productoras><productora id="8411" nombre="Metro-Goldwyn-Mayer (MGM)"/></productoras></pelicula><pelicula id="2020" emision="1999-11-05"><titulo>The Bachelor</titulo><presupuesto>51000000</presupuesto><ingresos>36911617</ingresos><directores><director id="20779" nombre="Gary Sinyor"/></directores><productores><productor id="20782" nombre="Jeffrey T. Barabe"/><productor id="20783" nombre="Bing Howenstein"/><productor id="20784" nombre="Lloyd Segan"/></productores><productoras><productora id="12" nombre="New Line Cinema"/></productoras></pelicula><pelicula id="9481" emision="1999-11-04"><titulo>The Bone Collector</titulo><presupuesto>73000000</presupuesto><ingresos>151493655</ingresos><directores><director id="13015" nombre="Phillip Noyce"/></directores><productores><productor id="1151" nombre="Martin Bregman"/><productor id="56109" nombre="Michael Bregman"/><productor id="57652" nombre="Louis A. Stroller"/></productores><productoras><productora id="33" nombre="Universal Pictures"/><productora id="441" nombre="Columbia Pictures Corporation"/></productoras></pelicula></peliculas>
