<peliculas><pelicula id="9738" emision="2005-06-29"><titulo>Fantastic Four</titulo><presupuesto>100000000</presupuesto><ingresos>330579719</ingresos><directores><director id="20400" nombre="Tim Story"/></directores><productores><productor id="673" nombre="Bernd Eichinger"/><productor id="2095" nombre="Ralph Winter"/><productor id="7626" nombre="Avi Arad"/></productores><productoras><productora id="306" nombre="Twentieth Century Fox Film Corporation"/></productoras></pelicula><pelicula id="9722" emision="2005-06-21"><titulo>Bewitched</titulo><presupuesto>85000000</presupuesto><ingresos>131426169</ingresos><directores><director id="9248" nombre="Nora Ephron"/></directores><productores><productor id="931" nombre="Douglas Wick"/><productor id="9248" nombre="Nora Ephron"/><productor id="14911" nombre="Penny Marshall"/><productor id="19862" nombre="Lucy Fisher"/></productores><productoras><productora id="441" nombre="Columbia Pictures Corporation"/></productoras></pelicula><pelicula id="11683" emision="2005-06-24"><titulo>Land of the Dead</titulo><presupuesto>15000000</presupuesto><ingresos>46770602</ingresos><directores><director id="14999" nombre="George A. Romero"/></directores><productores><productor id="46088" nombre="Mark Canton"/><productor id="65377" nombre="Bernie Goldmann"/><productor id="70206" nombre="Peter Grunwald"/></productores><productoras><productora id="33" nombre="Universal Pictures"/></productoras></pelicula><pelicula id="14177" emision="2005-06-02"><titulo>Beauty Shop</titulo><presupuesto>25000000</presupuesto><ingresos>36351350</ingresos><directores><director id="62116" nombre="Bille Woodruff"/></directores><productores><productor id="9778" nombre="Ice Cube"/></productores><productoras><productora id="8411" nombre="Metro-Goldwyn-Mayer (MGM)"/></productoras></pelicula><pelicula id="9009" emision="2005-06-27"><titulo>Dark Water</titulo><presupuesto>30000000</presupuesto><ingresos>25473093</ingresos><directores><director id="8574" nombre="Walter Salles"/></directores><productores><productor id="21035" nombre="Doug Davison"/><productor id="21036" nombre="Roy Lee"/><productor id="69227" nombre="Bill Mechanic"/></productores><productoras><productora id="9195" nombre="Touchstone Pictures"/></productoras></pelicula><pelicula id="11451" emision="2005-06-22"><titulo>Herbie Fully Loaded</titulo><presupuesto>50000000</presupuesto><ingresos>66002004</ingresos><directores><director id="7312" nombre="Angela Robinson"/></directores><productores><productor id="29015" nombre="Robert Simonds"/></productores><productoras><productora id="2" nombre="Walt Disney Pictures"/></productoras></pelicula><pelicula id="74" emision="2005-06-28"><titulo>War of the Worlds</titulo><presupuesto>132000000</presupuesto><ingresos>591739379</ingresos><directores><director id="488" nombre="Steven Spielberg"/></directores><productores><productor id="489" nombre="Kathleen Kennedy"/><productor id="490" nombre="Colin Wilson"/></productores><productoras><productora id="4" nombre="Paramount Pictures"/><productora id="56" nombre="Amblin Entertainment"/><productora id="27" nombre="DreamWorks SKG"/></productoras></pelicula><pelicula id="9763" emision="2005-06-06"><titulo>Goal!: The Dream Begins</titulo><presupuesto>30000000</presupuesto><ingresos>27610873</ingresos><directores><director id="33279" nombre="Danny Cannon"/></directores><productores><productor id="8401" nombre="Mark Huffam"/><productor id="58987" nombre="Mike Jefferies"/><productor id="59525" nombre="Matt Barrelle"/></productores><productoras><productora id="9195" nombre="Touchstone Pictures"/></productoras></pelicula><pelicula id="921" emision="2005-06-02"><titulo>Cinderella Man</titulo><presupuesto>88000000</presupuesto><ingresos>108539911</ingresos><directores><director id="6159" nombre="Ron Howard"/></directores><productores><productor id="339" nombre="Brian Grazer"/><productor id="6159" nombre="Ron Howard"/><productor id="14911" nombre="Penny Marshall"/></productores><productoras><productora id="33" nombre="Universal Pictures"/><productora id="9195" nombre="Touchstone Pictures"/></productoras></pelicula><pelicula id="272" emision="2005-06-10"><titulo>Batman Begins</titulo><presupuesto>150000000</presupuesto><ingresos>374218673</ingresos><directores><director id="525" nombre="Christopher Nolan"/></directores><productores><productor id="282" nombre="Charles Roven"/><productor id="511" nombre="Larry J. Franco"/><productor id="556" nombre="Emma Thomas"/><productor id="20643" nombre="Lorne Orleans"/></productores><productoras><productora id="6194" nombre="Warner Bros."/><productora id="923" nombre="Legendary Pictures"/></productoras></pelicula><pelicula id="9787" emision="2005-06-03"><titulo>Lords of Dogtown</titulo><presupuesto>25000000</presupuesto><ingresos>13411957</ingresos><directores><director id="19850" nombre="Catherine Hardwicke"/></directores><productores><productor id="69414" nombre="John Linson"/></productores><productoras><productora id="5" nombre="Columbia Pictures"/></productoras></pelicula></peliculas>
