<peliculas><pelicula id="9100" emision="1996-05-03"><titulo>The Craft</titulo><presupuesto>15000000</presupuesto><ingresos>24769466</ingresos><directores><director id="41549" nombre="Andrew Fleming"/></directores><productores><productor id="931" nombre="Douglas Wick"/></productores><productoras><productora id="5" nombre="Columbia Pictures"/></productoras></pelicula><pelicula id="664" emision="1996-05-10"><titulo>Twister</titulo><presupuesto>92000000</presupuesto><ingresos>494471524</ingresos><directores><director id="2209" nombre="Jan de Bont"/></directores><productores><productor id="489" nombre="Kathleen Kennedy"/><productor id="4782" nombre="Michael Crichton"/><productor id="9987" nombre="Ian Bryce"/></productores><productoras><productora id="6194" nombre="Warner Bros."/><productora id="33" nombre="Universal Pictures"/><productora id="56" nombre="Amblin Entertainment"/></productoras></pelicula><pelicula id="954" emision="1996-05-22"><titulo>Mission: Impossible</titulo><presupuesto>80000000</presupuesto><ingresos>457696359</ingresos><directores><director id="1150" nombre="Brian De Palma"/></directores><productores><productor id="500" nombre="Tom Cruise"/><productor id="9183" nombre="Paula Wagner"/></productores><productoras><productora id="4" nombre="Paramount Pictures"/></productoras></pelicula><pelicula id="36355" emision="1996-05-17"><titulo>Flipper</titulo><presupuesto>25530000</presupuesto><ingresos>20080020</ingresos><directores><director id="129941" nombre="Alan Shapiro"/></directores><productores/><productoras><productora id="33" nombre="Universal Pictures"/></productoras></pelicula><pelicula id="8840" emision="1996-05-31"><titulo>DragonHeart</titulo><presupuesto>57000000</presupuesto><ingresos>115267375</ingresos><directores><director id="18878" nombre="Rob Cohen"/></directores><productores><productor id="12507" nombre="Raffaella De Laurentiis"/></productores><productoras><productora id="33" nombre="Universal Pictures"/></productoras></pelicula></peliculas>
