<peliculas><pelicula id="18487" emision="2009-06-11"><titulo>The Taking of Pelham 1 2 3</titulo><presupuesto>100000000</presupuesto><ingresos>150166126</ingresos><directores><director id="893" nombre="Tony Scott"/></directores><productores><productor id="38939" nombre="Richard Baratta"/><productor id="51612" nombre="Todd Black"/><productor id="51613" nombre="Jason Blumenthal"/></productores><productoras><productora id="5" nombre="Columbia Pictures"/><productora id="7295" nombre="Relativity Media"/><productora id="8411" nombre="Metro-Goldwyn-Mayer (MGM)"/></productoras></pelicula><pelicula id="18785" emision="2009-06-05"><titulo>The Hangover</titulo><presupuesto>35000000</presupuesto><ingresos>459270619</ingresos><directores><director id="57130" nombre="Todd Phillips"/></directores><productores><productor id="14753" nombre="David Siegel"/><productor id="57130" nombre="Todd Phillips"/><productor id="57132" nombre="Daniel Goldberg"/><productor id="957353" nombre="Jeffrey Wetzel"/></productores><productoras><productora id="6194" nombre="Warner Bros."/><productora id="923" nombre="Legendary Pictures"/></productoras></pelicula><pelicula id="18240" emision="2009-06-01"><titulo>The Proposal</titulo><presupuesto>40000000</presupuesto><ingresos>317375031</ingresos><directores><director id="29214" nombre="Anne Fletcher"/></directores><productores><productor id="31710" nombre="David Hoberman"/><productor id="62758" nombre="Todd Lieberman"/></productores><productoras><productora id="9195" nombre="Touchstone Pictures"/></productoras></pelicula><pelicula id="12403" emision="2009-06-08"><titulo>A Perfect Getaway</titulo><presupuesto>14000000</presupuesto><ingresos>22852638</ingresos><directores><director id="28239" nombre="David Twohy"/></directores><productores><productor id="46088" nombre="Mark Canton"/><productor id="54419" nombre="Ryan Kavanaugh"/><productor id="54873" nombre="Tucker Tooley"/><productor id="59700" nombre="Robbie Brenner"/><productor id="72103" nombre="Camille Brown"/><productor id="72106" nombre="Ken Halsband"/></productores><productoras><productora id="7295" nombre="Relativity Media"/></productoras></pelicula><pelicula id="17610" emision="2009-06-18"><titulo>Year One</titulo><presupuesto>60000000</presupuesto><ingresos>62357900</ingresos><directores><director id="1524" nombre="Harold Ramis"/></directores><productores><productor id="1524" nombre="Harold Ramis"/><productor id="3184" nombre="Clayton Townsend"/><productor id="41039" nombre="Judd Apatow"/><productor id="84418" nombre="Nicholas Weinstock"/><productor id="84419" nombre="Laurel A. Ward"/><productor id="84420" nombre="Andrew Epstein"/></productores><productoras><productora id="5" nombre="Columbia Pictures"/></productoras></pelicula><pelicula id="18162" emision="2009-06-05"><titulo>Land of the Lost</titulo><presupuesto>100000000</presupuesto><ingresos>68688831</ingresos><directores><director id="11887" nombre="Brad Silberling"/></directores><productores><productor id="61397" nombre="Jimmy Miller"/><productor id="80175" nombre="Jessica Elbaum"/><productor id="92342" nombre="Michele Panelli-Venetis"/><productor id="944363" nombre="Sid Krofft"/><productor id="944364" nombre="Marty Krofft"/><productor id="1125156" nombre="John Swallow"/><productor id="1125157" nombre="Joshua Church"/><productor id="1125158" nombre="Will Weiske"/></productores><productoras><productora id="33" nombre="Universal Pictures"/><productora id="7295" nombre="Relativity Media"/></productoras></pelicula><pelicula id="8373" emision="2009-06-19"><titulo>Transformers: Revenge of the Fallen</titulo><presupuesto>150000000</presupuesto><ingresos>836297228</ingresos><directores><director id="865" nombre="Michael Bay"/></directores><productores><productor id="3183" nombre="Don Murphy"/><productor id="9987" nombre="Ian Bryce"/><productor id="10952" nombre="Lorenzo di Bonaventura"/><productor id="10994" nombre="Tom DeSanto"/></productores><productoras><productora id="4" nombre="Paramount Pictures"/><productora id="56" nombre="Amblin Entertainment"/><productora id="27" nombre="DreamWorks SKG"/></productoras></pelicula></peliculas>
