<peliculas><pelicula id="72559" emision="2013-03-26"><titulo>G.I. Joe: Retaliation</titulo><presupuesto>130000000</presupuesto><ingresos>371876278</ingresos><directores><director id="54507" nombre="Jon M. Chu"/></directores><productores><productor id="10952" nombre="Lorenzo di Bonaventura"/><productor id="24308" nombre="Brian Goldner"/></productores><productoras><productora id="4" nombre="Paramount Pictures"/><productora id="8411" nombre="Metro-Goldwyn-Mayer (MGM)"/></productoras></pelicula><pelicula id="68728" emision="2013-03-07"><titulo>Oz: The Great and Powerful</titulo><presupuesto>200000000</presupuesto><ingresos>491868548</ingresos><directores><director id="7623" nombre="Sam Raimi"/></directores><productores><productor id="18311" nombre="Joe Roth"/></productores><productoras><productora id="2" nombre="Walt Disney Pictures"/></productoras></pelicula><pelicula id="124459" emision="2013-03-14"><titulo>The Incredible Burt Wonderstone</titulo><presupuesto>30000000</presupuesto><ingresos>27437881</ingresos><directores><director id="93419" nombre="Don Scardino"/></directores><productores><productor id="298" nombre="Chris Bender"/><productor id="4495" nombre="Steve Carell"/><productor id="62241" nombre="Jake Weiner"/><productor id="207213" nombre="Tyler Mitchell"/></productores><productoras><productora id="12" nombre="New Line Cinema"/></productoras></pelicula><pelicula id="107811" emision="2013-03-01"><titulo>21 &amp; Over</titulo><presupuesto>13000000</presupuesto><ingresos>48065672</ingresos><directores><director id="52114" nombre="Jon Lucas"/><director id="226089" nombre="Scott Moore"/></directores><productores><productor id="31710" nombre="David Hoberman"/><productor id="54419" nombre="Ryan Kavanaugh"/><productor id="62758" nombre="Todd Lieberman"/><productor id="955114" nombre="Hugo Shong"/></productores><productoras><productora id="7295" nombre="Relativity Media"/></productoras></pelicula><pelicula id="49519" emision="2013-03-20"><titulo>The Croods</titulo><presupuesto>135000000</presupuesto><ingresos>585178928</ingresos><directores><director id="66193" nombre="Chris Sanders"/><director id="71267" nombre="Kirk De Micco"/></directores><productores><productor id="12067" nombre="Jane Hartwell"/><productor id="138616" nombre="Kristine Belson"/></productores><productoras><productora id="521" nombre="DreamWorks Animation"/></productoras></pelicula></peliculas>
