<peliculas><pelicula id="1641" emision="1999-03-12"><titulo>Forces of Nature</titulo><presupuesto>75000000</presupuesto><ingresos>93888180</ingresos><directores><director id="18320" nombre="Bronwen Hughes"/></directores><productores><productor id="9987" nombre="Ian Bryce"/><productor id="16158" nombre="Susan Arnold"/><productor id="18322" nombre="Donna Roth"/></productores><productoras><productora id="27" nombre="DreamWorks SKG"/></productoras></pelicula><pelicula id="9455" emision="1999-03-12"><titulo>The Corruptor</titulo><presupuesto>25000000</presupuesto><ingresos>15156200</ingresos><directores><director id="15890" nombre="James Foley"/></directores><productores><productor id="5379" nombre="Dan Halsted"/></productores><productoras><productora id="12" nombre="New Line Cinema"/></productoras></pelicula><pelicula id="796" emision="1999-03-05"><titulo>Cruel Intentions</titulo><presupuesto>10500000</presupuesto><ingresos>75902208</ingresos><directores><director id="11873" nombre="Roger Kumble"/></directores><productores><productor id="11874" nombre="Neal H. Moritz"/></productores><productoras><productora id="5" nombre="Columbia Pictures"/></productoras></pelicula><pelicula id="47288" emision="1999-03-19"><titulo>The King and I</titulo><presupuesto>25000000</presupuesto><ingresos>12000000</ingresos><directores><director id="107274" nombre="Richard Rich"/></directores><productores><productor id="4700" nombre="James G. Robinson"/><productor id="1383404" nombre="Peter Bakalian"/></productores><productoras><productora id="6194" nombre="Warner Bros."/></productoras></pelicula><pelicula id="16379" emision="1999-03-26"><titulo>The Mod Squad</titulo><presupuesto>50000000</presupuesto><ingresos>13260050</ingresos><directores><director id="324" nombre="Scott Silver"/></directores><productores/><productoras><productora id="8411" nombre="Metro-Goldwyn-Mayer (MGM)"/></productoras></pelicula><pelicula id="4951" emision="1999-03-30"><titulo>10 Things I Hate About You</titulo><presupuesto>16000000</presupuesto><ingresos>53478166</ingresos><directores><director id="40243" nombre="Gil Junger"/></directores><productores><productor id="29525" nombre="Andrew Lazar"/></productores><productoras><productora id="9195" nombre="Touchstone Pictures"/></productoras></pelicula><pelicula id="9535" emision="1999-03-05"><titulo>Analyze This</titulo><presupuesto>80000000</presupuesto><ingresos>176885658</ingresos><directores><director id="1524" nombre="Harold Ramis"/></directores><productores><productor id="3305" nombre="Jane Rosenthal"/><productor id="16731" nombre="Paula Weinstein"/></productores><productoras><productora id="6194" nombre="Warner Bros."/></productoras></pelicula><pelicula id="30943" emision="1999-03-12"><titulo>The Deep End of the Ocean</titulo><presupuesto>38000000</presupuesto><ingresos>28121100</ingresos><directores><director id="140354" nombre="Ulu Grosbard"/></directores><productores/><productoras><productora id="441" nombre="Columbia Pictures Corporation"/></productoras></pelicula><pelicula id="603" emision="1999-03-30"><titulo>The Matrix</titulo><presupuesto>63000000</presupuesto><ingresos>463517383</ingresos><directores><director id="9339" nombre="Lilly Wachowski"/><director id="9340" nombre="Lana Wachowski"/></directores><productores><productor id="1091" nombre="Joel Silver"/></productores><productoras><productora id="6194" nombre="Warner Bros."/><productora id="79" nombre="Village Roadshow Pictures"/></productoras></pelicula></peliculas>
