<peliculas><pelicula id="9333" emision="1996-09-20"><titulo>Last Man Standing</titulo><presupuesto>67000000</presupuesto><ingresos>47267001</ingresos><directores><director id="1723" nombre="Walter Hill"/></directores><productores><productor id="1723" nombre="Walter Hill"/><productor id="21636" nombre="Arthur M. Sarkissian"/></productores><productoras><productora id="12" nombre="New Line Cinema"/></productoras></pelicula><pelicula id="11306" emision="1996-09-27"><titulo>Extreme Measures</titulo><presupuesto>38000000</presupuesto><ingresos>17380126</ingresos><directores><director id="10781" nombre="Michael Apted"/></directores><productores><productor id="13918" nombre="Elizabeth Hurley"/></productores><productoras><productora id="5" nombre="Columbia Pictures"/></productoras></pelicula><pelicula id="10861" emision="1996-09-13"><titulo>Maximum Risk</titulo><presupuesto>25000000</presupuesto><ingresos>51702483</ingresos><directores><director id="26767" nombre="Ringo Lam"/></directores><productores><productor id="56032" nombre="Moshe Diamant"/></productores><productoras><productora id="5" nombre="Columbia Pictures"/></productoras></pelicula><pelicula id="10723" emision="1996-09-06"><titulo>Bulletproof</titulo><presupuesto>25000000</presupuesto><ingresos>22611954</ingresos><directores><director id="15521" nombre="Ernest R. Dickerson"/></directores><productores><productor id="29015" nombre="Robert Simonds"/></productores><productoras><productora id="33" nombre="Universal Pictures"/></productoras></pelicula></peliculas>
