<peliculas><pelicula id="768" emision="2001-10-19"><titulo>From Hell</titulo><presupuesto>35000000</presupuesto><ingresos>74558115</ingresos><directores><director id="11447" nombre="Albert Hughes"/><director id="11448" nombre="Allen Hughes"/></directores><productores><productor id="3182" nombre="Jane Hamsher"/><productor id="3183" nombre="Don Murphy"/></productores><productoras><productora id="306" nombre="Twentieth Century Fox Film Corporation"/></productoras></pelicula><pelicula id="11091" emision="2001-10-19"><titulo>Riding in Cars with Boys</titulo><presupuesto>48000000</presupuesto><ingresos>35743308</ingresos><directores><director id="14911" nombre="Penny Marshall"/></directores><productores><productor id="67994" nombre="Julie Ansell"/></productores><productoras><productora id="5" nombre="Columbia Pictures"/></productoras></pelicula><pelicula id="11380" emision="2001-10-24"><titulo>Bones</titulo><presupuesto>10000000</presupuesto><ingresos>7316658</ingresos><directores><director id="15521" nombre="Ernest R. Dickerson"/></directores><productores><productor id="53966" nombre="Peter Heller"/></productores><productoras><productora id="12" nombre="New Line Cinema"/></productoras></pelicula><pelicula id="11456" emision="2001-10-30"><titulo>Domestic Disturbance</titulo><presupuesto>75000000</presupuesto><ingresos>54249294</ingresos><directores><director id="23213" nombre="Harold Becker"/></directores><productores><productor id="23213" nombre="Harold Becker"/></productores><productoras><productora id="4" nombre="Paramount Pictures"/></productoras></pelicula><pelicula id="34549" emision="2001-10-05"><titulo>Max Keeble's Big Move</titulo><presupuesto>12000000</presupuesto><ingresos>17292381</ingresos><directores><director id="49903" nombre="Tim Hill"/></directores><productores/><productoras><productora id="2" nombre="Walt Disney Pictures"/></productoras></pelicula><pelicula id="17708" emision="2001-10-12"><titulo>Corky Romano</titulo><presupuesto>11000000</presupuesto><ingresos>23978402</ingresos><directores><director id="123694" nombre="Rob Pritts"/></directores><productores/><productoras><productora id="9195" nombre="Touchstone Pictures"/></productoras></pelicula><pelicula id="2034" emision="2001-10-05"><titulo>Training Day</titulo><presupuesto>45000000</presupuesto><ingresos>104876233</ingresos><directores><director id="20907" nombre="Antoine Fuqua"/></directores><productores><productor id="20908" nombre="Jeffrey Silver"/><productor id="21146" nombre="Robert F. Newmyer"/></productores><productoras><productora id="6194" nombre="Warner Bros."/><productora id="79" nombre="Village Roadshow Pictures"/></productoras></pelicula><pelicula id="9428" emision="2001-10-05"><titulo>The Royal Tenenbaums</titulo><presupuesto>21000000</presupuesto><ingresos>71441250</ingresos><directores><director id="5655" nombre="Wes Anderson"/></directores><productores><productor id="2997" nombre="Scott Rudin"/><productor id="5655" nombre="Wes Anderson"/><productor id="5664" nombre="Barry Mendel"/></productores><productoras><productora id="9195" nombre="Touchstone Pictures"/></productoras></pelicula><pelicula id="3172" emision="2001-10-12"><titulo>Bandits</titulo><presupuesto>75000000</presupuesto><ingresos>67631903</ingresos><directores><director id="8246" nombre="Barry Levinson"/></directores><productores><productor id="8246" nombre="Barry Levinson"/><productor id="16731" nombre="Paula Weinstein"/><productor id="20842" nombre="Arnold Rifkin"/><productor id="21478" nombre="Ashok Amritraj"/><productor id="31708" nombre="Michael Birnbaum"/><productor id="31709" nombre="Michele Berk"/><productor id="31710" nombre="David Hoberman"/></productores><productoras><productora id="8411" nombre="Metro-Goldwyn-Mayer (MGM)"/></productoras></pelicula><pelicula id="2100" emision="2001-10-19"><titulo>The Last Castle</titulo><presupuesto>72000000</presupuesto><ingresos>27642707</ingresos><directores><director id="21526" nombre="Rod Lurie"/></directores><productores><productor id="1460574" nombre="Robert Lawrence"/></productores><productoras><productora id="27" nombre="DreamWorks SKG"/></productoras></pelicula></peliculas>
