<peliculas><pelicula id="9306" emision="1996-08-23"><titulo>The Island of Dr. Moreau</titulo><presupuesto>40000000</presupuesto><ingresos>49627779</ingresos><directores><director id="13776" nombre="John Frankenheimer"/><director id="42175" nombre="Richard Stanley"/></directores><productores><productor id="32035" nombre="Edward R. Pressman"/></productores><productoras><productora id="12" nombre="New Line Cinema"/></productoras></pelicula><pelicula id="12123" emision="1996-08-02"><titulo>Chain Reaction</titulo><presupuesto>50000000</presupuesto><ingresos>60209334</ingresos><directores><director id="12989" nombre="Andrew Davis"/></directores><productores><productor id="8277" nombre="Arne Schmidt"/><productor id="12989" nombre="Andrew Davis"/></productores><productoras><productora id="306" nombre="Twentieth Century Fox Film Corporation"/></productoras></pelicula><pelicula id="9431" emision="1996-08-16"><titulo>Bordello of Blood</titulo><presupuesto>15000000</presupuesto><ingresos>5600000</ingresos><directores><director id="10953" nombre="Gilbert Adler"/></directores><productores><productor id="10953" nombre="Gilbert Adler"/></productores><productoras><productora id="33" nombre="Universal Pictures"/></productoras></pelicula><pelicula id="10478" emision="1996-08-16"><titulo>Tin Cup</titulo><presupuesto>45000000</presupuesto><ingresos>53854588</ingresos><directores><director id="4037" nombre="Ron Shelton"/></directores><productores><productor id="4054" nombre="David V. Lester"/><productor id="12922" nombre="Gary Foster"/></productores><productoras><productora id="6194" nombre="Warner Bros."/></productoras></pelicula><pelicula id="10061" emision="1996-08-09"><titulo>Escape from L.A.</titulo><presupuesto>50000000</presupuesto><ingresos>42277365</ingresos><directores><director id="11770" nombre="John Carpenter"/></directores><productores><productor id="2161" nombre="Debra Hill"/><productor id="6856" nombre="Kurt Russell"/></productores><productoras><productora id="4" nombre="Paramount Pictures"/></productoras></pelicula></peliculas>
