<peliculas><pelicula id="36647" emision="1998-08-21"><titulo>Blade</titulo><presupuesto>45000000</presupuesto><ingresos>131183530</ingresos><directores><director id="10808" nombre="Stephen Norrington"/></directores><productores><productor id="10809" nombre="Robert Engelman"/><productor id="10810" nombre="Peter Frankfurt"/><productor id="10814" nombre="Wesley Snipes"/></productores><productoras><productora id="12" nombre="New Line Cinema"/></productoras></pelicula><pelicula id="33644" emision="1998-08-14"><titulo>How Stella Got Her Groove Back</titulo><presupuesto>20000000</presupuesto><ingresos>37672350</ingresos><directores><director id="70777" nombre="Kevin Rodney Sullivan"/></directores><productores><productor id="70592" nombre="Deborah Schindler"/></productores><productoras><productora id="306" nombre="Twentieth Century Fox Film Corporation"/></productoras></pelicula><pelicula id="9320" emision="1998-08-13"><titulo>The Avengers</titulo><presupuesto>60000000</presupuesto><ingresos>48585416</ingresos><directores><director id="34682" nombre="Jeremiah S. Chechik"/></directores><productores><productor id="1888" nombre="Jerry Weintraub"/></productores><productoras><productora id="6194" nombre="Warner Bros."/></productoras></pelicula><pelicula id="8688" emision="1998-08-07"><titulo>Snake Eyes</titulo><presupuesto>73000000</presupuesto><ingresos>103891409</ingresos><directores><director id="1150" nombre="Brian De Palma"/></directores><productores><productor id="1150" nombre="Brian De Palma"/></productores><productoras><productora id="4" nombre="Paramount Pictures"/><productora id="9195" nombre="Touchstone Pictures"/></productoras></pelicula></peliculas>
