<peliculas><pelicula id="6282" emision="2000-07-30"><titulo>Coyote Ugly</titulo><presupuesto>45000000</presupuesto><ingresos>113916474</ingresos><directores><director id="48980" nombre="David McNally"/></directores><productores><productor id="770" nombre="Jerry Bruckheimer"/><productor id="2446" nombre="Chad Oman"/></productores><productoras><productora id="9195" nombre="Touchstone Pictures"/></productoras></pelicula><pelicula id="12107" emision="2000-07-27"><titulo>Nutty Professor II: The Klumps</titulo><presupuesto>84000000</presupuesto><ingresos>123307945</ingresos><directores><director id="13426" nombre="Peter Segal"/></directores><productores><productor id="339" nombre="Brian Grazer"/></productores><productoras><productora id="33" nombre="Universal Pictures"/></productoras></pelicula><pelicula id="4244" emision="2000-07-07"><titulo>The Kid</titulo><presupuesto>65000000</presupuesto><ingresos>69700000</ingresos><directores><director id="12962" nombre="Jon Turteltaub"/></directores><productores><productor id="12962" nombre="Jon Turteltaub"/><productor id="18350" nombre="Hunt Lowry"/><productor id="21003" nombre="Stephen J. Eads"/><productor id="35664" nombre="William M. Elvin"/><productor id="35665" nombre="Bill Johnson"/><productor id="35666" nombre="Christina Steinberg"/></productores><productoras><productora id="2" nombre="Walt Disney Pictures"/></productoras></pelicula><pelicula id="5551" emision="2000-07-31"><titulo>Space Cowboys</titulo><presupuesto>65000000</presupuesto><ingresos>128884132</ingresos><directores><director id="190" nombre="Clint Eastwood"/></directores><productores><productor id="190" nombre="Clint Eastwood"/><productor id="29525" nombre="Andrew Lazar"/></productores><productoras><productora id="6194" nombre="Warner Bros."/><productora id="79" nombre="Village Roadshow Pictures"/></productoras></pelicula><pelicula id="36657" emision="2000-07-13"><titulo>X-Men</titulo><presupuesto>75000000</presupuesto><ingresos>296339527</ingresos><directores><director id="9032" nombre="Bryan Singer"/></directores><productores><productor id="2095" nombre="Ralph Winter"/><productor id="7200" nombre="Lauren Shuler Donner"/></productores><productoras><productora id="306" nombre="Twentieth Century Fox Film Corporation"/></productoras></pelicula><pelicula id="2655" emision="2000-07-21"><titulo>What Lies Beneath</titulo><presupuesto>100000000</presupuesto><ingresos>155464351</ingresos><directores><director id="24" nombre="Robert Zemeckis"/></directores><productores><productor id="24" nombre="Robert Zemeckis"/><productor id="30" nombre="Steve Starkey"/><productor id="23779" nombre="Jack Rapke"/></productores><productoras><productora id="306" nombre="Twentieth Century Fox Film Corporation"/><productora id="27" nombre="DreamWorks SKG"/></productoras></pelicula></peliculas>
