<peliculas><pelicula id="42807" emision="1998-03-26"><titulo>The Newton Boys</titulo><presupuesto>27000000</presupuesto><ingresos>76000000</ingresos><directores><director id="564" nombre="Richard Linklater"/></directores><productores/><productoras><productora id="306" nombre="Twentieth Century Fox Film Corporation"/></productoras></pelicula><pelicula id="9422" emision="1998-03-05"><titulo>A Civil Action</titulo><presupuesto>70000000</presupuesto><ingresos>56702901</ingresos><directores><director id="2260" nombre="Steven Zaillian"/></directores><productores><productor id="2260" nombre="Steven Zaillian"/><productor id="2997" nombre="Scott Rudin"/><productor id="4135" nombre="Robert Redford"/><productor id="7530" nombre="Rachel Pfeffer"/></productores><productoras><productora id="4" nombre="Paramount Pictures"/><productora id="9195" nombre="Touchstone Pictures"/></productoras></pelicula><pelicula id="40688" emision="1998-03-27"><titulo>Meet the Deedles</titulo><presupuesto>24000000</presupuesto><ingresos>4562146</ingresos><directores><director id="72258" nombre="Steve Boyum"/></directores><productores><productor id="55163" nombre="Aaron Meyerson"/><productor id="57680" nombre="Dale Pollock"/></productores><productoras><productora id="2" nombre="Walt Disney Pictures"/></productoras></pelicula><pelicula id="11808" emision="1998-03-06"><titulo>U.S. Marshals</titulo><presupuesto>60000000</presupuesto><ingresos>102367405</ingresos><directores><director id="2523" nombre="Stuart Baird"/></directores><productores><productor id="10764" nombre="Arnold Kopelson"/><productor id="12050" nombre="Anne Kopelson"/></productores><productoras><productora id="6194" nombre="Warner Bros."/></productoras></pelicula></peliculas>
