<peliculas><pelicula id="11371" emision="2001-07-13"><titulo>The Score</titulo><presupuesto>68000000</presupuesto><ingresos>71069884</ingresos><directores><director id="7908" nombre="Frank Oz"/></directores><productores><productor id="12922" nombre="Gary Foster"/><productor id="65558" nombre="Lee Rich"/></productores><productoras><productora id="4" nombre="Paramount Pictures"/></productoras></pelicula><pelicula id="2114" emision="2001-07-02"><titulo>Final Fantasy: The Spirits Within</titulo><presupuesto>137000000</presupuesto><ingresos>85131830</ingresos><directores><director id="21692" nombre="Hironobu Sakaguchi"/><director id="21693" nombre="Motonori Sakakibara"/></directores><productores><productor id="21696" nombre="Jun Aida"/><productor id="21697" nombre="Chris Lee"/></productores><productoras><productora id="5" nombre="Columbia Pictures"/></productoras></pelicula><pelicula id="869" emision="2001-07-25"><titulo>Planet of the Apes</titulo><presupuesto>100000000</presupuesto><ingresos>362211740</ingresos><directores><director id="510" nombre="Tim Burton"/></directores><productores><productor id="1297" nombre="Richard D. Zanuck"/></productores><productoras><productora id="306" nombre="Twentieth Century Fox Film Corporation"/></productoras></pelicula><pelicula id="11470" emision="2001-07-24"><titulo>Jason X</titulo><presupuesto>11000000</presupuesto><ingresos>16951798</ingresos><directores><director id="69579" nombre="James Isaac"/></directores><productores><productor id="69585" nombre="Noel Cunningham"/></productores><productoras><productora id="12" nombre="New Line Cinema"/></productoras></pelicula><pelicula id="331" emision="2001-07-18"><titulo>Jurassic Park III</titulo><presupuesto>93000000</presupuesto><ingresos>368780809</ingresos><directores><director id="4945" nombre="Joe Johnston"/></directores><productores><productor id="489" nombre="Kathleen Kennedy"/><productor id="511" nombre="Larry J. Franco"/></productores><productoras><productora id="56" nombre="Amblin Entertainment"/></productoras></pelicula><pelicula id="9896" emision="2001-07-30"><titulo>Rat Race</titulo><presupuesto>48000000</presupuesto><ingresos>85498534</ingresos><directores><director id="3415" nombre="Jerry Zucker"/></directores><productores><productor id="3415" nombre="Jerry Zucker"/><productor id="7779" nombre="Sean Daniel"/><productor id="60097" nombre="Janet Zucker"/></productores><productoras><productora id="4" nombre="Paramount Pictures"/></productoras></pelicula><pelicula id="2140" emision="2001-07-06"><titulo>Kiss of the Dragon</titulo><presupuesto>25000000</presupuesto><ingresos>64437847</ingresos><directores><director id="21931" nombre="Chris Nahon"/></directores><productores><productor id="59" nombre="Luc Besson"/><productor id="21932" nombre="Steve Chasman"/><productor id="21933" nombre="Happy Walters"/></productores><productoras><productora id="306" nombre="Twentieth Century Fox Film Corporation"/></productoras></pelicula><pelicula id="8835" emision="2001-07-13"><titulo>Legally Blonde</titulo><presupuesto>18000000</presupuesto><ingresos>141774679</ingresos><directores><director id="36797" nombre="Robert Luketic"/></directores><productores><productor id="23485" nombre="Marc Platt"/><productor id="49831" nombre="Ric Kidney"/></productores><productoras><productora id="8411" nombre="Metro-Goldwyn-Mayer (MGM)"/></productoras></pelicula><pelicula id="10992" emision="2001-07-04"><titulo>Cats &amp; Dogs</titulo><presupuesto>60000000</presupuesto><ingresos>93375151</ingresos><directores><director id="64191" nombre="Lawrence Guterman"/></directores><productores><productor id="66897" nombre="Christopher DeFaria"/></productores><productoras><productora id="6194" nombre="Warner Bros."/><productora id="79" nombre="Village Roadshow Pictures"/></productoras></pelicula></peliculas>
