<peliculas><pelicula id="9762" emision="2006-08-11"><titulo>Step Up</titulo><presupuesto>12000000</presupuesto><ingresos>114194847</ingresos><directores><director id="29214" nombre="Anne Fletcher"/></directores><productores><productor id="11696" nombre="Patrick Wachsberger"/><productor id="11697" nombre="Erik Feig"/><productor id="20739" nombre="Adam Shankman"/><productor id="20742" nombre="Jennifer Gibgot"/></productores><productoras><productora id="9195" nombre="Touchstone Pictures"/></productoras></pelicula><pelicula id="14113" emision="2006-08-11"><titulo>Zoom</titulo><presupuesto>35000000</presupuesto><ingresos>12506188</ingresos><directores><director id="18357" nombre="Peter Hewitt"/></directores><productores><productor id="550" nombre="Jennifer Todd"/><productor id="551" nombre="Suzanne Todd"/><productor id="11814" nombre="Todd Garner"/></productores><productoras><productora id="5" nombre="Columbia Pictures"/></productoras></pelicula><pelicula id="9718" emision="2006-08-04"><titulo>Talladega Nights: The Ballad of Ricky Bobby</titulo><presupuesto>72500000</presupuesto><ingresos>162966177</ingresos><directores><director id="55710" nombre="Adam McKay"/></directores><productores><productor id="41039" nombre="Judd Apatow"/><productor id="61397" nombre="Jimmy Miller"/></productores><productoras><productora id="5" nombre="Columbia Pictures"/></productoras></pelicula><pelicula id="1852" emision="2006-08-09"><titulo>World Trade Center</titulo><presupuesto>63000000</presupuesto><ingresos>162945894</ingresos><directores><director id="1152" nombre="Oliver Stone"/></directores><productores><productor id="2161" nombre="Debra Hill"/><productor id="5381" nombre="Michael Shamberg"/><productor id="5382" nombre="Stacey Sher"/><productor id="20295" nombre="Moritz Borman"/></productores><productoras><productora id="4" nombre="Paramount Pictures"/></productoras></pelicula><pelicula id="9907" emision="2006-08-04"><titulo>Barnyard</titulo><presupuesto>51000000</presupuesto><ingresos>72779000</ingresos><directores><director id="4489" nombre="Steve Oedekerk"/></directores><productores><productor id="4489" nombre="Steve Oedekerk"/><productor id="60263" nombre="Mark Beam"/><productor id="60264" nombre="Nicholisa Contis"/><productor id="60265" nombre="Paul Marshall"/><productor id="60266" nombre="Andrew Egiziano"/></productores><productoras><productora id="4" nombre="Paramount Pictures"/></productoras></pelicula><pelicula id="9788" emision="2006-08-18"><titulo>Accepted</titulo><presupuesto>23000000</presupuesto><ingresos>38505009</ingresos><directores><director id="3227" nombre="Steve Pink"/></directores><productores><productor id="4499" nombre="Tom Shadyac"/><productor id="4505" nombre="Michael Bostick"/></productores><productoras><productora id="33" nombre="Universal Pictures"/></productoras></pelicula><pelicula id="326" emision="2006-08-06"><titulo>Snakes on a Plane</titulo><presupuesto>33000000</presupuesto><ingresos>62022014</ingresos><directores><director id="4755" nombre="David R. Ellis"/></directores><productores/><productoras><productora id="12" nombre="New Line Cinema"/></productoras></pelicula></peliculas>
