<peliculas><pelicula id="238636" emision="2014-07-17"><titulo>The Purge: Anarchy</titulo><presupuesto>9000000</presupuesto><ingresos>108782847</ingresos><directores><director id="53120" nombre="James DeMonaco"/></directores><productores><productor id="865" nombre="Michael Bay"/><productor id="54843" nombre="Andrew Form"/><productor id="54844" nombre="Bradley Fuller"/><productor id="84348" nombre="Jason Blum"/><productor id="1186277" nombre="Sebastien Lemercier"/></productores><productoras><productora id="33" nombre="Universal Pictures"/></productoras></pelicula><pelicula id="218836" emision="2014-07-17"><titulo>Planes: Fire &amp; Rescue</titulo><presupuesto>50000000</presupuesto><ingresos>151165787</ingresos><directores><director id="210053" nombre="Roberts Gannaway"/></directores><productores><productor id="60729" nombre="Ferrell Barron"/></productores><productoras><productora id="2" nombre="Walt Disney Pictures"/></productoras></pelicula><pelicula id="184315" emision="2014-07-23"><titulo>Hercules</titulo><presupuesto>100000000</presupuesto><ingresos>243400000</ingresos><directores><director id="11091" nombre="Brett Ratner"/></directores><productores><productor id="9543" nombre="Beau Flynn"/><productor id="11091" nombre="Brett Ratner"/><productor id="73772" nombre="Barry Levine"/></productores><productoras><productora id="4" nombre="Paramount Pictures"/><productora id="8411" nombre="Metro-Goldwyn-Mayer (MGM)"/></productoras></pelicula><pelicula id="226486" emision="2014-07-02"><titulo>Tammy</titulo><presupuesto>20000000</presupuesto><ingresos>100525432</ingresos><directores><director id="170820" nombre="Ben Falcone"/></directores><productores><productor id="23659" nombre="Will Ferrell"/><productor id="55536" nombre="Melissa McCarthy"/><productor id="55710" nombre="Adam McKay"/></productores><productoras><productora id="12" nombre="New Line Cinema"/></productoras></pelicula><pelicula id="118340" emision="2014-07-30"><titulo>Guardians of the Galaxy</titulo><presupuesto>170000000</presupuesto><ingresos>773328629</ingresos><directores><director id="15218" nombre="James Gunn"/></directores><productores><productor id="10850" nombre="Kevin Feige"/></productores><productoras><productora id="420" nombre="Marvel Studios"/></productoras></pelicula><pelicula id="240832" emision="2014-07-14"><titulo>Lucy</titulo><presupuesto>40000000</presupuesto><ingresos>126546825</ingresos><directores><director id="59" nombre="Luc Besson"/></directores><productores><productor id="50950" nombre="Virginie Besson-Silla"/></productores><productoras><productora id="33" nombre="Universal Pictures"/></productoras></pelicula></peliculas>
