<peliculas><pelicula id="88751" emision="2008-07-10"><titulo>Journey to the Center of the Earth</titulo><presupuesto>45000000</presupuesto><ingresos>101702060</ingresos><directores><director id="9622" nombre="Eric Brevig"/></directores><productores><productor id="9543" nombre="Beau Flynn"/></productores><productoras><productora id="12" nombre="New Line Cinema"/></productoras></pelicula><pelicula id="8836" emision="2008-07-24"><titulo>The X Files: I Want to Believe</titulo><presupuesto>30000000</presupuesto><ingresos>68369434</ingresos><directores><director id="12524" nombre="Chris Carter"/></directores><productores><productor id="12524" nombre="Chris Carter"/><productor id="12627" nombre="Frank Spotnitz"/></productores><productoras><productora id="306" nombre="Twentieth Century Fox Film Corporation"/></productoras></pelicula><pelicula id="12133" emision="2008-07-25"><titulo>Step Brothers</titulo><presupuesto>65000000</presupuesto><ingresos>128107642</ingresos><directores><director id="55710" nombre="Adam McKay"/></directores><productores><productor id="41039" nombre="Judd Apatow"/><productor id="61397" nombre="Jimmy Miller"/></productores><productoras><productora id="5" nombre="Columbia Pictures"/><productora id="7295" nombre="Relativity Media"/></productoras></pelicula><pelicula id="11631" emision="2008-07-03"><titulo>Mamma Mia!</titulo><presupuesto>52000000</presupuesto><ingresos>609841637</ingresos><directores><director id="71068" nombre="Phyllida Lloyd"/></directores><productores><productor id="27098" nombre="Gary Goetzman"/><productor id="71074" nombre="Judy Craymer"/></productores><productoras><productora id="33" nombre="Universal Pictures"/><productora id="7295" nombre="Relativity Media"/></productoras></pelicula><pelicula id="8960" emision="2008-07-01"><titulo>Hancock</titulo><presupuesto>150000000</presupuesto><ingresos>624029371</ingresos><directores><director id="36602" nombre="Peter Berg"/></directores><productores><productor id="638" nombre="Michael Mann"/><productor id="2888" nombre="Will Smith"/><productor id="5575" nombre="Akiva Goldsman"/><productor id="46080" nombre="James Lassiter"/></productores><productoras><productora id="5" nombre="Columbia Pictures"/><productora id="7295" nombre="Relativity Media"/></productoras></pelicula><pelicula id="11260" emision="2008-07-08"><titulo>Meet Dave</titulo><presupuesto>60000000</presupuesto><ingresos>50650079</ingresos><directores><director id="53177" nombre="Brian Robbins"/></directores><productores><productor id="17144" nombre="David T. Friendly"/><productor id="52000" nombre="Todd Komarnicki"/><productor id="66821" nombre="Jon Berg"/></productores><productoras><productora id="306" nombre="Twentieth Century Fox Film Corporation"/><productora id="444" nombre="Dune Entertainment"/></productoras></pelicula><pelicula id="155" emision="2008-07-16"><titulo>The Dark Knight</titulo><presupuesto>185000000</presupuesto><ingresos>1004558444</ingresos><directores><director id="525" nombre="Christopher Nolan"/></directores><productores><productor id="282" nombre="Charles Roven"/><productor id="525" nombre="Christopher Nolan"/><productor id="556" nombre="Emma Thomas"/><productor id="20643" nombre="Lorne Orleans"/></productores><productoras><productora id="6194" nombre="Warner Bros."/><productora id="923" nombre="Legendary Pictures"/></productoras></pelicula><pelicula id="11253" emision="2008-07-11"><titulo>Hellboy II: The Golden Army</titulo><presupuesto>85000000</presupuesto><ingresos>160388063</ingresos><directores><director id="10828" nombre="Guillermo del Toro"/></directores><productores><productor id="1093" nombre="Lawrence Gordon"/><productor id="1993" nombre="Lloyd Levin"/><productor id="40832" nombre="Mike Richardson"/></productores><productoras><productora id="33" nombre="Universal Pictures"/><productora id="7295" nombre="Relativity Media"/></productoras></pelicula><pelicula id="1735" emision="2008-07-01"><titulo>The Mummy: Tomb of the Dragon Emperor</titulo><presupuesto>145000000</presupuesto><ingresos>401128639</ingresos><directores><director id="18878" nombre="Rob Cohen"/></directores><productores><productor id="7775" nombre="Stephen Sommers"/><productor id="7779" nombre="Sean Daniel"/></productores><productoras><productora id="33" nombre="Universal Pictures"/><productora id="7295" nombre="Relativity Media"/></productoras></pelicula></peliculas>
