<peliculas><pelicula id="2067" emision="2000-03-10"><titulo>Mission to Mars</titulo><presupuesto>90000000</presupuesto><ingresos>60874615</ingresos><directores><director id="1150" nombre="Brian De Palma"/></directores><productores><productor id="45861" nombre="Tom Jacobson"/></productores><productoras><productora id="9195" nombre="Touchstone Pictures"/></productoras></pelicula><pelicula id="2133" emision="2000-03-15"><titulo>The Perfect Storm</titulo><presupuesto>120000000</presupuesto><ingresos>325756637</ingresos><directores><director id="5231" nombre="Wolfgang Petersen"/></directores><productores><productor id="5231" nombre="Wolfgang Petersen"/><productor id="16731" nombre="Paula Weinstein"/><productor id="21865" nombre="Gail Katz"/></productores><productoras><productora id="6194" nombre="Warner Bros."/></productoras></pelicula><pelicula id="11478" emision="2000-03-31"><titulo>The Skulls</titulo><presupuesto>15000000</presupuesto><ingresos>35007180</ingresos><directores><director id="18878" nombre="Rob Cohen"/></directores><productores><productor id="11874" nombre="Neal H. Moritz"/><productor id="59328" nombre="John Pogue"/></productores><productoras><productora id="33" nombre="Universal Pictures"/></productoras></pelicula><pelicula id="9532" emision="2000-03-16"><titulo>Final Destination</titulo><presupuesto>23000000</presupuesto><ingresos>53302314</ingresos><directores><director id="57134" nombre="James Wong"/></directores><productores><productor id="21585" nombre="Craig Perry"/><productor id="21586" nombre="Warren Zide"/><productor id="42121" nombre="Glenn Morgan"/></productores><productoras><productora id="12" nombre="New Line Cinema"/></productoras></pelicula><pelicula id="10501" emision="2000-03-31"><titulo>The Road to El Dorado</titulo><presupuesto>95000000</presupuesto><ingresos>76432727</ingresos><directores><director id="27005" nombre="Don Michael Paul"/><director id="65629" nombre="Bibo Bergeron"/></directores><productores><productor id="25585" nombre="Brooke Breton"/><productor id="61295" nombre="Bonne Radford"/></productores><productoras><productora id="27" nombre="DreamWorks SKG"/><productora id="521" nombre="DreamWorks Animation"/></productoras></pelicula><pelicula id="2085" emision="2000-03-20"><titulo>Romeo Must Die</titulo><presupuesto>25000000</presupuesto><ingresos>91036760</ingresos><directores><director id="10765" nombre="Andrzej Bartkowiak"/></directores><productores/><productoras><productora id="6194" nombre="Warner Bros."/></productoras></pelicula><pelicula id="1831" emision="2000-03-03"><titulo>The Next Best Thing</titulo><presupuesto>25000000</presupuesto><ingresos>24362772</ingresos><directores><director id="19304" nombre="John Schlesinger"/></directores><productores><productor id="11708" nombre="Leslie Dixon"/><productor id="19308" nombre="Linne Radmin"/><productor id="68602" nombre="Tom Rosenberg"/></productores><productoras><productora id="4" nombre="Paramount Pictures"/></productoras></pelicula><pelicula id="243" emision="2000-03-17"><titulo>High Fidelity</titulo><presupuesto>30000000</presupuesto><ingresos>47126295</ingresos><directores><director id="3224" nombre="Stephen Frears"/></directores><productores><productor id="2236" nombre="Tim Bevan"/><productor id="3264" nombre="Rudd Simmons"/></productores><productoras><productora id="9195" nombre="Touchstone Pictures"/></productoras></pelicula><pelicula id="16222" emision="2000-03-31"><titulo>Whatever It Takes</titulo><presupuesto>15000000</presupuesto><ingresos>9902115</ingresos><directores><director id="161858" nombre="David Raynr"/></directores><productores><productor id="18344" nombre="Paul Schiff"/></productores><productoras><productora id="441" nombre="Columbia Pictures Corporation"/></productoras></pelicula></peliculas>
