<peliculas><pelicula id="1273" emision="2007-03-23"><titulo>TMNT</titulo><presupuesto>34000000</presupuesto><ingresos>95608995</ingresos><directores><director id="19499" nombre="Kevin Munroe"/></directores><productores><productor id="19500" nombre="Thomas K. Gray"/><productor id="19501" nombre="Galen Walker"/></productores><productoras><productora id="6194" nombre="Warner Bros."/></productoras></pelicula><pelicula id="2355" emision="2007-03-23"><titulo>Reign Over Me</titulo><presupuesto>20000000</presupuesto><ingresos>22222308</ingresos><directores><director id="24173" nombre="Mike Binder"/></directores><productores><productor id="24176" nombre="Jack Binder"/><productor id="24177" nombre="Michael Rotenberg"/></productores><productoras><productora id="5" nombre="Columbia Pictures"/><productora id="7295" nombre="Relativity Media"/></productoras></pelicula><pelicula id="1949" emision="2007-03-02"><titulo>Zodiac</titulo><presupuesto>65000000</presupuesto><ingresos>84785914</ingresos><directores><director id="7467" nombre="David Fincher"/></directores><productores><productor id="7475" nombre="Ce&#xE1;n Chaffin"/><productor id="20204" nombre="James Vanderbilt"/><productor id="20206" nombre="Mike Medavoy"/><productor id="20207" nombre="Arnold Messer"/><productor id="20208" nombre="Brad Fischer"/></productores><productoras><productora id="6194" nombre="Warner Bros."/><productora id="4" nombre="Paramount Pictures"/></productoras></pelicula><pelicula id="1267" emision="2007-03-23"><titulo>Meet the Robinsons</titulo><presupuesto>150000000</presupuesto><ingresos>169332978</ingresos><directores><director id="16842" nombre="Stephen J. Anderson"/></directores><productores><productor id="16844" nombre="Dorothy McKim"/></productores><productoras><productora id="2" nombre="Walt Disney Pictures"/></productoras></pelicula><pelicula id="7485" emision="2007-03-22"><titulo>Shooter</titulo><presupuesto>61000000</presupuesto><ingresos>95696996</ingresos><directores><director id="20907" nombre="Antoine Fuqua"/></directores><productores><productor id="10952" nombre="Lorenzo di Bonaventura"/></productores><productoras><productora id="4" nombre="Paramount Pictures"/></productoras></pelicula><pelicula id="14001" emision="2007-03-16"><titulo>Dead Silence</titulo><presupuesto>20000000</presupuesto><ingresos>22217407</ingresos><directores><director id="2127" nombre="James Wan"/></directores><productores><productor id="2145" nombre="Mark Burg"/><productor id="2146" nombre="Gregg Hoffman"/><productor id="2147" nombre="Oren Koules"/></productores><productoras><productora id="33" nombre="Universal Pictures"/></productoras></pelicula></peliculas>
