<peliculas><pelicula id="9334" emision="2002-04-16"><titulo>The Scorpion King</titulo><presupuesto>60000000</presupuesto><ingresos>165333180</ingresos><directores><director id="26713" nombre="Chuck Russell"/></directores><productores><productor id="7775" nombre="Stephen Sommers"/><productor id="7779" nombre="Sean Daniel"/><productor id="7780" nombre="James Jacks"/><productor id="57343" nombre="Kevin Misher"/></productores><productoras><productora id="33" nombre="Universal Pictures"/></productoras></pelicula><pelicula id="245" emision="2002-04-26"><titulo>About a Boy</titulo><presupuesto>27000000</presupuesto><ingresos>129000000</ingresos><directores><director id="3288" nombre="Chris Weitz"/><director id="3289" nombre="Paul Weitz"/></directores><productores><productor id="380" nombre="Robert De Niro"/><productor id="2236" nombre="Tim Bevan"/><productor id="2238" nombre="Eric Fellner"/><productor id="3304" nombre="Brad Epstein"/><productor id="3305" nombre="Jane Rosenthal"/></productores><productoras><productora id="33" nombre="Universal Pictures"/></productoras></pelicula><pelicula id="2185" emision="2002-04-05"><titulo>Big Trouble</titulo><presupuesto>40000000</presupuesto><ingresos>8493890</ingresos><directores><director id="5174" nombre="Barry Sonnenfeld"/></directores><productores><productor id="5174" nombre="Barry Sonnenfeld"/></productores><productoras><productora id="9195" nombre="Touchstone Pictures"/></productoras></pelicula><pelicula id="11560" emision="2002-04-03"><titulo>High Crimes</titulo><presupuesto>42000000</presupuesto><ingresos>63781810</ingresos><directores><director id="21712" nombre="Carl Franklin"/></directores><productores><productor id="376" nombre="Arnon Milchan"/><productor id="21015" nombre="Janet Yang"/><productor id="21714" nombre="Jesse Beaton"/></productores><productoras><productora id="306" nombre="Twentieth Century Fox Film Corporation"/></productoras></pelicula><pelicula id="1537" emision="2002-04-07"><titulo>Changing Lanes</titulo><presupuesto>45000000</presupuesto><ingresos>94935764</ingresos><directores><director id="7017" nombre="Roger Michell"/></directores><productores><productor id="2997" nombre="Scott Rudin"/></productores><productoras><productora id="4" nombre="Paramount Pictures"/></productoras></pelicula><pelicula id="11892" emision="2002-04-19"><titulo>Murder by Numbers</titulo><presupuesto>50000000</presupuesto><ingresos>56714147</ingresos><directores><director id="23393" nombre="Barbet Schroeder"/></directores><productores><productor id="23393" nombre="Barbet Schroeder"/></productores><productoras><productora id="6194" nombre="Warner Bros."/></productoras></pelicula><pelicula id="10611" emision="2002-04-01"><titulo>Barbershop</titulo><presupuesto>12000000</presupuesto><ingresos>75781642</ingresos><directores><director id="20400" nombre="Tim Story"/></directores><productores><productor id="66116" nombre="Mark Brown"/><productor id="66120" nombre="Robert Teitel"/><productor id="66121" nombre="George Tillman, Jr."/></productores><productoras><productora id="8411" nombre="Metro-Goldwyn-Mayer (MGM)"/></productoras></pelicula></peliculas>
