<peliculas><pelicula id="39513" emision="2011-02-14"><titulo>Paul</titulo><presupuesto>40000000</presupuesto><ingresos>97552050</ingresos><directores><director id="54733" nombre="Greg Mottola"/></directores><productores><productor id="2236" nombre="Tim Bevan"/><productor id="2238" nombre="Eric Fellner"/><productor id="11112" nombre="Nira Park"/></productores><productoras><productora id="33" nombre="Universal Pictures"/><productora id="7295" nombre="Relativity Media"/></productoras></pelicula><pelicula id="46529" emision="2011-02-18"><titulo>I Am Number Four</titulo><presupuesto>50000000</presupuesto><ingresos>144492830</ingresos><directores><director id="40256" nombre="D.J. Caruso"/></directores><productores><productor id="865" nombre="Michael Bay"/><productor id="11095" nombre="James M. Freitag"/><productor id="1123330" nombre="Emily Berger"/></productores><productoras><productora id="27" nombre="DreamWorks SKG"/><productora id="9195" nombre="Touchstone Pictures"/></productoras></pelicula><pelicula id="38322" emision="2011-02-16"><titulo>Big Mommas: Like Father, Like Son</titulo><presupuesto>32000000</presupuesto><ingresos>83615414</ingresos><directores><director id="61175" nombre="John Whitesell"/></directores><productores><productor id="17144" nombre="David T. Friendly"/><productor id="17313" nombre="Michael Green"/></productores><productoras><productora id="306" nombre="Twentieth Century Fox Film Corporation"/></productoras></pelicula><pelicula id="50546" emision="2011-02-10"><titulo>Just Go with It</titulo><presupuesto>80000000</presupuesto><ingresos>214918407</ingresos><directores><director id="17494" nombre="Dennis Dugan"/></directores><productores><productor id="19292" nombre="Adam Sandler"/><productor id="20821" nombre="Jack Giarraputo"/><productor id="62637" nombre="Heather Parry"/></productores><productoras><productora id="5" nombre="Columbia Pictures"/></productoras></pelicula><pelicula id="48988" emision="2011-02-25"><titulo>Hall Pass</titulo><presupuesto>36000000</presupuesto><ingresos>83160734</ingresos><directores><director id="7395" nombre="Bobby Farrelly"/><director id="7396" nombre="Peter Farrelly"/></directores><productores><productor id="7395" nombre="Bobby Farrelly"/><productor id="7396" nombre="Peter Farrelly"/><productor id="7407" nombre="Bradley Thomas"/><productor id="7408" nombre="Charles B. Wessler"/></productores><productoras><productora id="12" nombre="New Line Cinema"/></productoras></pelicula><pelicula id="48340" emision="2011-02-03"><titulo>Sanctum</titulo><presupuesto>30000000</presupuesto><ingresos>108609310</ingresos><directores><director id="59126" nombre="Alister Grierson"/></directores><productores><productor id="140264" nombre="Andrew Wight"/><productor id="1317649" nombre="Michael Finley"/></productores><productoras><productora id="33" nombre="Universal Pictures"/><productora id="7295" nombre="Relativity Media"/></productoras></pelicula></peliculas>
