<peliculas><pelicula id="11362" emision="2002-01-23"><titulo>The Count of Monte Cristo</titulo><presupuesto>35000000</presupuesto><ingresos>75395048</ingresos><directores><director id="8300" nombre="Kevin Reynolds"/></directores><productores><productor id="4507" nombre="Gary Barber"/></productores><productoras><productora id="9195" nombre="Touchstone Pictures"/></productoras></pelicula><pelicula id="10229" emision="2002-01-25"><titulo>A Walk to Remember</titulo><presupuesto>11000000</presupuesto><ingresos>41227069</ingresos><directores><director id="20739" nombre="Adam Shankman"/></directores><productores><productor id="1899" nombre="Denise Di Novi"/><productor id="18350" nombre="Hunt Lowry"/></productores><productoras><productora id="6194" nombre="Warner Bros."/></productoras></pelicula><pelicula id="10375" emision="2002-01-04"><titulo>D-Tox</titulo><presupuesto>55000000</presupuesto><ingresos>6416302</ingresos><directores><director id="33254" nombre="Jim Gillespie"/></directores><productores><productor id="5283" nombre="Karen Kehela Sherwood"/><productor id="49831" nombre="Ric Kidney"/></productores><productoras><productora id="33" nombre="Universal Pictures"/></productoras></pelicula><pelicula id="11022" emision="2002-01-14"><titulo>Narc</titulo><presupuesto>6500000</presupuesto><ingresos>12633747</ingresos><directores><director id="40223" nombre="Joe Carnahan"/></directores><productores><productor id="11477" nombre="Ray Liotta"/><productor id="24052" nombre="Diane Nabatoff"/><productor id="58206" nombre="Julius R. Nasso"/><productor id="60026" nombre="Michelle Grace"/></productores><productoras><productora id="4" nombre="Paramount Pictures"/></productoras></pelicula></peliculas>
