<peliculas><pelicula id="2486" emision="2006-12-14"><titulo>Eragon</titulo><presupuesto>100000000</presupuesto><ingresos>249288105</ingresos><directores><director id="25453" nombre="Stefen Fangmeier"/></directores><productores><productor id="2043" nombre="John Davis"/><productor id="6040" nombre="Wyck Godfrey"/></productores><productoras><productora id="306" nombre="Twentieth Century Fox Film Corporation"/><productora id="444" nombre="Dune Entertainment"/></productoras></pelicula><pelicula id="1579" emision="2006-12-07"><titulo>Apocalypto</titulo><presupuesto>40000000</presupuesto><ingresos>120175290</ingresos><directores><director id="2461" nombre="Mel Gibson"/></directores><productores><productor id="2461" nombre="Mel Gibson"/><productor id="2487" nombre="Bruce Davey"/></productores><productoras><productora id="9195" nombre="Touchstone Pictures"/></productoras></pelicula><pelicula id="11170" emision="2006-12-12"><titulo>We Are Marshall</titulo><presupuesto>65000000</presupuesto><ingresos>43545364</ingresos><directores><director id="36425" nombre="McG"/></directores><productores><productor id="67759" nombre="Basil Iwanyk"/></productores><productoras><productora id="6194" nombre="Warner Bros."/><productora id="923" nombre="Legendary Pictures"/></productoras></pelicula><pelicula id="1271" emision="2006-12-09"><titulo>300</titulo><presupuesto>65000000</presupuesto><ingresos>422610419</ingresos><directores><director id="15217" nombre="Zack Snyder"/></directores><productores><productor id="11420" nombre="Gianni Nunnari"/><productor id="20908" nombre="Jeffrey Silver"/><productor id="65377" nombre="Bernie Goldmann"/></productores><productoras><productora id="6194" nombre="Warner Bros."/><productora id="923" nombre="Legendary Pictures"/></productoras></pelicula><pelicula id="1251" emision="2006-12-19"><titulo>Letters from Iwo Jima</titulo><presupuesto>19000000</presupuesto><ingresos>68673228</ingresos><directores><director id="190" nombre="Clint Eastwood"/></directores><productores><productor id="190" nombre="Clint Eastwood"/><productor id="455" nombre="Paul Haggis"/><productor id="488" nombre="Steven Spielberg"/><productor id="4746" nombre="Robert Lorenz"/></productores><productoras><productora id="6194" nombre="Warner Bros."/><productora id="56" nombre="Amblin Entertainment"/><productora id="27" nombre="DreamWorks SKG"/></productoras></pelicula><pelicula id="7516" emision="2006-12-09"><titulo>Smokin' Aces</titulo><presupuesto>17000000</presupuesto><ingresos>57103895</ingresos><directores><director id="40223" nombre="Joe Carnahan"/></directores><productores><productor id="2236" nombre="Tim Bevan"/><productor id="2238" nombre="Eric Fellner"/></productores><productoras><productora id="33" nombre="Universal Pictures"/><productora id="7295" nombre="Relativity Media"/></productoras></pelicula><pelicula id="182" emision="2006-12-08"><titulo>The Good German</titulo><presupuesto>32000000</presupuesto><ingresos>5914908</ingresos><directores><director id="1884" nombre="Steven Soderbergh"/></directores><productores/><productoras><productora id="6194" nombre="Warner Bros."/></productoras></pelicula><pelicula id="1246" emision="2006-12-20"><titulo>Rocky Balboa</titulo><presupuesto>24000000</presupuesto><ingresos>155721132</ingresos><directores><director id="16483" nombre="Sylvester Stallone"/></directores><productores><productor id="16485" nombre="William Chartoff"/><productor id="16486" nombre="Kevin King Templeton"/><productor id="16487" nombre="Charles Winkler"/><productor id="207419" nombre="David Winkler"/></productores><productoras><productora id="5" nombre="Columbia Pictures"/><productora id="8411" nombre="Metro-Goldwyn-Mayer (MGM)"/></productoras></pelicula><pelicula id="9986" emision="2006-12-15"><titulo>Charlotte's Web</titulo><presupuesto>85000000</presupuesto><ingresos>144000000</ingresos><directores><director id="17046" nombre="Gary Winick"/></directores><productores><productor id="58408" nombre="Jordan Kerner"/><productor id="61483" nombre="Tony Winley"/></productores><productoras><productora id="4" nombre="Paramount Pictures"/></productoras></pelicula><pelicula id="1247" emision="2006-12-11"><titulo>The Good Shepherd</titulo><presupuesto>85000000</presupuesto><ingresos>59908565</ingresos><directores><director id="380" nombre="Robert De Niro"/></directores><productores><productor id="380" nombre="Robert De Niro"/><productor id="3305" nombre="Jane Rosenthal"/><productor id="4700" nombre="James G. Robinson"/></productores><productoras><productora id="33" nombre="Universal Pictures"/></productoras></pelicula><pelicula id="1402" emision="2006-12-14"><titulo>The Pursuit of Happyness</titulo><presupuesto>55000000</presupuesto><ingresos>307077295</ingresos><directores><director id="20646" nombre="Gabriele Muccino"/></directores><productores><productor id="29" nombre="Steve Tisch"/><productor id="2888" nombre="Will Smith"/></productores><productoras><productora id="7295" nombre="Relativity Media"/><productora id="441" nombre="Columbia Pictures Corporation"/></productoras></pelicula><pelicula id="1125" emision="2006-12-25"><titulo>Dreamgirls</titulo><presupuesto>70000000</presupuesto><ingresos>154937680</ingresos><directores><director id="15557" nombre="Bill Condon"/></directores><productores><productor id="9020" nombre="David Geffen"/><productor id="10685" nombre="Laurence Mark"/></productores><productoras><productora id="4" nombre="Paramount Pictures"/><productora id="27" nombre="DreamWorks SKG"/></productoras></pelicula><pelicula id="1372" emision="2006-12-07"><titulo>Blood Diamond</titulo><presupuesto>100000000</presupuesto><ingresos>170877916</ingresos><directores><director id="9181" nombre="Edward Zwick"/></directores><productores><productor id="9181" nombre="Edward Zwick"/><productor id="9182" nombre="Marshall Herskovitz"/><productor id="16728" nombre="Gillian Gorfil"/><productor id="16729" nombre="Graham King"/><productor id="16730" nombre="Darrell James Roodt"/><productor id="16731" nombre="Paula Weinstein"/><productor id="75575" nombre="Genevieve Hofmeyr"/><productor id="1117281" nombre="Josh Gummersall"/><productor id="1117282" nombre="Philip Key"/></productores><productoras><productora id="6194" nombre="Warner Bros."/></productoras></pelicula><pelicula id="1581" emision="2006-12-08"><titulo>The Holiday</titulo><presupuesto>85000000</presupuesto><ingresos>194168700</ingresos><directores><director id="17698" nombre="Nancy Meyers"/></directores><productores><productor id="17698" nombre="Nancy Meyers"/><productor id="17699" nombre="Bruce A. Block"/></productores><productoras><productora id="33" nombre="Universal Pictures"/><productora id="5" nombre="Columbia Pictures"/><productora id="7295" nombre="Relativity Media"/></productoras></pelicula></peliculas>
