<peliculas><pelicula id="11638" emision="2005-03-25"><titulo>Guess Who</titulo><presupuesto>35000000</presupuesto><ingresos>68915888</ingresos><directores><director id="70777" nombre="Kevin Rodney Sullivan"/></directores><productores><productor id="10950" nombre="Erwin Stoff"/><productor id="36427" nombre="Jenno Topping"/><productor id="70779" nombre="Jason Goldberg"/></productores><productoras><productora id="5" nombre="Columbia Pictures"/></productoras></pelicula><pelicula id="13374" emision="2005-03-17"><titulo>Ice Princess</titulo><presupuesto>25000000</presupuesto><ingresos>27645491</ingresos><directores><director id="125544" nombre="Tim Fywell"/></directores><productores/><productoras><productora id="2" nombre="Walt Disney Pictures"/></productoras></pelicula><pelicula id="4551" emision="2005-03-04"><titulo>Be Cool</titulo><presupuesto>53000000</presupuesto><ingresos>95226116</ingresos><directores><director id="37932" nombre="F. Gary Gray"/></directores><productores><productor id="518" nombre="Danny DeVito"/><productor id="5381" nombre="Michael Shamberg"/><productor id="5382" nombre="Stacey Sher"/><productor id="8305" nombre="David Nicksay"/></productores><productoras><productora id="8411" nombre="Metro-Goldwyn-Mayer (MGM)"/></productoras></pelicula><pelicula id="10022" emision="2005-03-04"><titulo>The Pacifier</titulo><presupuesto>56000000</presupuesto><ingresos>113006880</ingresos><directores><director id="20739" nombre="Adam Shankman"/></directores><productores><productor id="4504" nombre="Roger Birnbaum"/><productor id="4507" nombre="Gary Barber"/><productor id="20742" nombre="Jennifer Gibgot"/><productor id="21635" nombre="Jonathan Glickman"/></productores><productoras><productora id="2" nombre="Walt Disney Pictures"/></productoras></pelicula></peliculas>
