<peliculas><pelicula id="10200" emision="2008-12-10"><titulo>The Day the Earth Stood Still</titulo><presupuesto>80000000</presupuesto><ingresos>233093859</ingresos><directores><director id="55499" nombre="Scott Derrickson"/></directores><productores><productor id="10950" nombre="Erwin Stoff"/><productor id="55500" nombre="Paul Harris Boardman"/><productor id="120606" nombre="Gregory Goodman"/></productores><productoras><productora id="306" nombre="Twentieth Century Fox Film Corporation"/></productoras></pelicula><pelicula id="2253" emision="2008-12-25"><titulo>Valkyrie</titulo><presupuesto>75000000</presupuesto><ingresos>200276000</ingresos><directores><director id="9032" nombre="Bryan Singer"/></directores><productores><productor id="9032" nombre="Bryan Singer"/><productor id="9033" nombre="Christopher McQuarrie"/><productor id="10953" nombre="Gilbert Adler"/></productores><productoras><productora id="8411" nombre="Metro-Goldwyn-Mayer (MGM)"/></productoras></pelicula><pelicula id="10202" emision="2008-12-24"><titulo>Bedtime Stories</titulo><presupuesto>80000000</presupuesto><ingresos>212874442</ingresos><directores><director id="20739" nombre="Adam Shankman"/></directores><productores/><productoras><productora id="2" nombre="Walt Disney Pictures"/></productoras></pelicula><pelicula id="2309" emision="2008-12-11"><titulo>Inkheart</titulo><presupuesto>60000000</presupuesto><ingresos>57490374</ingresos><directores><director id="1978" nombre="Iain Softley"/></directores><productores><productor id="5664" nombre="Barry Mendel"/><productor id="23765" nombre="Cornelia Funke"/><productor id="23768" nombre="Ileen Maisel"/></productores><productoras><productora id="12" nombre="New Line Cinema"/></productoras></pelicula><pelicula id="10201" emision="2008-12-09"><titulo>Yes Man</titulo><presupuesto>70000000</presupuesto><ingresos>225990978</ingresos><directores><director id="59026" nombre="Peyton Reed"/></directores><productores><productor id="1297" nombre="Richard D. Zanuck"/><productor id="10968" nombre="David Heyman"/></productores><productoras><productora id="6194" nombre="Warner Bros."/><productora id="79" nombre="Village Roadshow Pictures"/></productoras></pelicula><pelicula id="11321" emision="2008-12-18"><titulo>Seven Pounds</titulo><presupuesto>55000000</presupuesto><ingresos>168167691</ingresos><directores><director id="20646" nombre="Gabriele Muccino"/></directores><productores><productor id="2888" nombre="Will Smith"/><productor id="51612" nombre="Todd Black"/><productor id="51613" nombre="Jason Blumenthal"/></productores><productoras><productora id="5" nombre="Columbia Pictures"/><productora id="7295" nombre="Relativity Media"/></productoras></pelicula><pelicula id="4148" emision="2008-12-19"><titulo>Revolutionary Road</titulo><presupuesto>35000000</presupuesto><ingresos>75225693</ingresos><directores><director id="39" nombre="Sam Mendes"/></directores><productores><productor id="135" nombre="Bobby Cohen"/><productor id="2860" nombre="John Hart"/><productor id="2997" nombre="Scott Rudin"/></productores><productoras><productora id="27" nombre="DreamWorks SKG"/></productoras></pelicula><pelicula id="13223" emision="2008-12-09"><titulo>Gran Torino</titulo><presupuesto>33000000</presupuesto><ingresos>269958228</ingresos><directores><director id="190" nombre="Clint Eastwood"/></directores><productores><productor id="190" nombre="Clint Eastwood"/><productor id="4746" nombre="Robert Lorenz"/><productor id="41551" nombre="Bill Gerber"/></productores><productoras><productora id="6194" nombre="Warner Bros."/><productora id="79" nombre="Village Roadshow Pictures"/></productoras></pelicula></peliculas>
