<peliculas><pelicula id="4995" emision="1997-09-11"><titulo>Boogie Nights</titulo><presupuesto>15000000</presupuesto><ingresos>43101594</ingresos><directores><director id="4762" nombre="Paul Thomas Anderson"/></directores><productores><productor id="1227" nombre="John S. Lyons"/><productor id="1993" nombre="Lloyd Levin"/><productor id="4762" nombre="Paul Thomas Anderson"/><productor id="4769" nombre="Daniel Lupi"/><productor id="4770" nombre="JoAnne Sellar"/></productores><productoras><productora id="12" nombre="New Line Cinema"/></productoras></pelicula><pelicula id="14289" emision="1997-09-05"><titulo>Fire Down Below</titulo><presupuesto>60000000</presupuesto><ingresos>16000000</ingresos><directores><director id="77211" nombre="F&#xE9;lix Enr&#xED;quez Alcal&#xE1;"/></directores><productores><productor id="23880" nombre="Steven Seagal"/><productor id="58206" nombre="Julius R. Nasso"/></productores><productoras><productora id="6194" nombre="Warner Bros."/></productoras></pelicula><pelicula id="782" emision="1997-09-07"><titulo>Gattaca</titulo><presupuesto>36000000</presupuesto><ingresos>12532777</ingresos><directores><director id="8685" nombre="Andrew Niccol"/></directores><productores><productor id="518" nombre="Danny DeVito"/><productor id="5381" nombre="Michael Shamberg"/><productor id="5382" nombre="Stacey Sher"/></productores><productoras><productora id="5" nombre="Columbia Pictures"/></productoras></pelicula><pelicula id="2118" emision="1997-09-19"><titulo>L.A. Confidential</titulo><presupuesto>35000000</presupuesto><ingresos>126216940</ingresos><directores><director id="323" nombre="Curtis Hanson"/></directores><productores><productor id="323" nombre="Curtis Hanson"/><productor id="376" nombre="Arnon Milchan"/><productor id="18349" nombre="Michael G. Nathanson"/></productores><productoras><productora id="6194" nombre="Warner Bros."/></productoras></pelicula></peliculas>
