<peliculas><pelicula id="9360" emision="1997-04-11"><titulo>Anaconda</titulo><presupuesto>45000000</presupuesto><ingresos>136885767</ingresos><directores><director id="26648" nombre="Luis Llosa"/></directores><productores><productor id="11081" nombre="Jack Epps Jr."/><productor id="57440" nombre="Verna Harrah"/><productor id="57442" nombre="Carole Little"/><productor id="57443" nombre="Leonard Rabinowitz"/></productores><productoras><productora id="441" nombre="Columbia Pictures Corporation"/></productoras></pelicula><pelicula id="10003" emision="1997-04-03"><titulo>The Saint</titulo><presupuesto>68000000</presupuesto><ingresos>118063304</ingresos><directores><director id="13015" nombre="Phillip Noyce"/></directores><productores><productor id="4611" nombre="Mace Neufeld"/><productor id="5322" nombre="David Brown"/><productor id="12288" nombre="Robert Evans"/><productor id="61820" nombre="William J. MacDonald"/><productor id="1034749" nombre="Lis Kern"/></productores><productoras><productora id="4" nombre="Paramount Pictures"/></productoras></pelicula><pelicula id="50512" emision="1997-04-04"><titulo>Anna Karenina</titulo><presupuesto>35000000</presupuesto><ingresos>791830</ingresos><directores><director id="57851" nombre="Bernard Rose"/></directores><productores/><productoras><productora id="6194" nombre="Warner Bros."/></productoras></pelicula></peliculas>
