<peliculas><pelicula id="203801" emision="2015-08-13"><titulo>The Man from U.N.C.L.E.</titulo><presupuesto>75000000</presupuesto><ingresos>108145109</ingresos><directores><director id="956" nombre="Guy Ritchie"/></directores><productores><productor id="956" nombre="Guy Ritchie"/><productor id="2043" nombre="John Davis"/><productor id="41289" nombre="Lionel Wigram"/><productor id="63127" nombre="Steve Clark-Hall"/></productores><productoras><productora id="6194" nombre="Warner Bros."/></productoras></pelicula><pelicula id="249070" emision="2015-08-20"><titulo>Hitman: Agent 47</titulo><presupuesto>35000000</presupuesto><ingresos>81967450</ingresos><directores><director id="1413740" nombre="Aleksander Bach"/></directores><productores><productor id="7681" nombre="Charles Gordon"/><productor id="18185" nombre="Skip Woods"/><productor id="18187" nombre="Adrian Askarieh"/><productor id="113665" nombre="Alex Young"/></productores><productoras><productora id="306" nombre="Twentieth Century Fox Film Corporation"/><productora id="22213" nombre="TSG Entertainment"/></productoras></pelicula><pelicula id="277216" emision="2015-08-13"><titulo>Straight Outta Compton</titulo><presupuesto>28000000</presupuesto><ingresos>201634991</ingresos><directores><director id="37932" nombre="F. Gary Gray"/></directores><productores><productor id="2041" nombre="Dr. Dre"/><productor id="9778" nombre="Ice Cube"/><productor id="37932" nombre="F. Gary Gray"/><productor id="65135" nombre="Matt Alvarez"/><productor id="65780" nombre="Scott Bernstein"/><productor id="93023" nombre="Bill Straus"/><productor id="1041278" nombre="David Engel"/><productor id="1500924" nombre="Tomica Woods-Wright"/></productores><productoras><productora id="33" nombre="Universal Pictures"/><productora id="12" nombre="New Line Cinema"/><productora id="923" nombre="Legendary Pictures"/></productoras></pelicula><pelicula id="257445" emision="2015-08-05"><titulo>Goosebumps</titulo><presupuesto>58000000</presupuesto><ingresos>158162788</ingresos><directores><director id="65630" nombre="Rob Letterman"/></directores><productores><productor id="11874" nombre="Neal H. Moritz"/><productor id="23421" nombre="Deborah Forte"/></productores><productoras><productora id="5" nombre="Columbia Pictures"/><productora id="79" nombre="Village Roadshow Pictures"/></productoras></pelicula><pelicula id="166424" emision="2015-08-05"><titulo>Fantastic Four</titulo><presupuesto>120000000</presupuesto><ingresos>167977596</ingresos><directores><director id="934803" nombre="Josh Trank"/></directores><productores><productor id="957" nombre="Matthew Vaughn"/><productor id="4017" nombre="Robert Kulzer"/><productor id="11092" nombre="Simon Kinberg"/><productor id="120606" nombre="Gregory Goodman"/><productor id="584598" nombre="Hutch Parker"/></productores><productoras><productora id="306" nombre="Twentieth Century Fox Film Corporation"/><productora id="22213" nombre="TSG Entertainment"/></productoras></pelicula></peliculas>
