<peliculas><pelicula id="9502" emision="2008-06-04"><titulo>Kung Fu Panda</titulo><presupuesto>130000000</presupuesto><ingresos>631744560</ingresos><directores><director id="57741" nombre="Mark Osborne"/><director id="57742" nombre="John Stevenson"/></directores><productores/><productoras><productora id="521" nombre="DreamWorks Animation"/></productoras></pelicula><pelicula id="8645" emision="2008-06-11"><titulo>The Happening</titulo><presupuesto>60000000</presupuesto><ingresos>163403799</ingresos><directores><director id="11614" nombre="M. Night Shyamalan"/></directores><productores><productor id="136" nombre="Sam Mercer"/><productor id="5664" nombre="Barry Mendel"/><productor id="11614" nombre="M. Night Shyamalan"/><productor id="958493" nombre="John Rusk"/><productor id="966473" nombre="Deven Khote"/><productor id="1128126" nombre="Jose L. Rodriguez"/></productores><productoras><productora id="306" nombre="Twentieth Century Fox Film Corporation"/><productora id="444" nombre="Dune Entertainment"/></productoras></pelicula><pelicula id="10681" emision="2008-06-22"><titulo>WALL·E</titulo><presupuesto>180000000</presupuesto><ingresos>521311860</ingresos><directores><director id="7" nombre="Andrew Stanton"/></directores><productores><productor id="72752" nombre="Jim Morris"/><productor id="72753" nombre="Lindsey Collins"/></productores><productoras><productora id="2" nombre="Walt Disney Pictures"/><productora id="3" nombre="Pixar Animation Studios"/></productoras></pelicula><pelicula id="10661" emision="2008-06-05"><titulo>You Don't Mess with the Zohan</titulo><presupuesto>90000000</presupuesto><ingresos>201596308</ingresos><directores><director id="17494" nombre="Dennis Dugan"/></directores><productores><productor id="19292" nombre="Adam Sandler"/><productor id="20821" nombre="Jack Giarraputo"/></productores><productoras><productora id="5" nombre="Columbia Pictures"/><productora id="7295" nombre="Relativity Media"/></productoras></pelicula><pelicula id="11665" emision="2008-06-19"><titulo>Get Smart</titulo><presupuesto>80000000</presupuesto><ingresos>230685453</ingresos><directores><director id="13426" nombre="Peter Segal"/></directores><productores><productor id="282" nombre="Charles Roven"/><productor id="29525" nombre="Andrew Lazar"/><productor id="37436" nombre="Alex Gartner"/><productor id="71079" nombre="Michael Ewing"/></productores><productoras><productora id="6194" nombre="Warner Bros."/><productora id="79" nombre="Village Roadshow Pictures"/></productoras></pelicula><pelicula id="12177" emision="2008-06-20"><titulo>The Love Guru</titulo><presupuesto>62000000</presupuesto><ingresos>41819064</ingresos><directores><director id="71527" nombre="Marco Schnabel"/></directores><productores><productor id="4767" nombre="Michael De Luca"/><productor id="12073" nombre="Mike Myers"/></productores><productoras><productora id="4" nombre="Paramount Pictures"/></productoras></pelicula><pelicula id="8909" emision="2008-06-19"><titulo>Wanted</titulo><presupuesto>75000000</presupuesto><ingresos>258270008</ingresos><directores><director id="23430" nombre="Timur Bekmambetov"/></directores><productores><productor id="8374" nombre="Iain Smith"/><productor id="20720" nombre="Jim Lemley"/><productor id="23485" nombre="Marc Platt"/><productor id="56238" nombre="Jason Netter"/></productores><productoras><productora id="33" nombre="Universal Pictures"/><productora id="7295" nombre="Relativity Media"/></productoras></pelicula><pelicula id="1724" emision="2008-06-12"><titulo>The Incredible Hulk</titulo><presupuesto>150000000</presupuesto><ingresos>163712074</ingresos><directores><director id="18865" nombre="Louis Leterrier"/></directores><productores><productor id="869" nombre="Gale Anne Hurd"/><productor id="10850" nombre="Kevin Feige"/></productores><productoras><productora id="33" nombre="Universal Pictures"/><productora id="420" nombre="Marvel Studios"/></productoras></pelicula></peliculas>
