<peliculas><pelicula id="9506" emision="2003-04-11"><titulo>Anger Management</titulo><presupuesto>75000000</presupuesto><ingresos>195745823</ingresos><directores><director id="13426" nombre="Peter Segal"/></directores><productores><productor id="11772" nombre="Barry Bernardi"/><productor id="20821" nombre="Jack Giarraputo"/></productores><productoras><productora id="5" nombre="Columbia Pictures"/></productoras></pelicula><pelicula id="36658" emision="2003-04-24"><titulo>X2</titulo><presupuesto>110000000</presupuesto><ingresos>407711549</ingresos><directores><director id="9032" nombre="Bryan Singer"/></directores><productores><productor id="2095" nombre="Ralph Winter"/><productor id="7200" nombre="Lauren Shuler Donner"/></productores><productoras><productora id="306" nombre="Twentieth Century Fox Film Corporation"/></productoras></pelicula><pelicula id="8409" emision="2003-04-04"><titulo>A Man Apart</titulo><presupuesto>36000000</presupuesto><ingresos>44350926</ingresos><directores><director id="37932" nombre="F. Gary Gray"/></directores><productores><productor id="12835" nombre="Vin Diesel"/><productor id="37932" nombre="F. Gary Gray"/><productor id="54870" nombre="Bob Degus"/><productor id="54871" nombre="Vincent Newman"/><productor id="54872" nombre="Joey Nittolo"/><productor id="54873" nombre="Tucker Tooley"/></productores><productoras><productora id="12" nombre="New Line Cinema"/></productoras></pelicula><pelicula id="24982" emision="2003-04-10"><titulo>Ghosts of the Abyss</titulo><presupuesto>13000000</presupuesto><ingresos>17040871</ingresos><directores><director id="2710" nombre="James Cameron"/></directores><productores><productor id="2710" nombre="James Cameron"/><productor id="592012" nombre="Chuck Comisky"/><productor id="1234266" nombre="Janace Tashjian"/><productor id="1331173" nombre="John Bruno"/><productor id="1395269" nombre="John Bruno"/></productores><productoras><productora id="2" nombre="Walt Disney Pictures"/></productoras></pelicula><pelicula id="2832" emision="2003-04-25"><titulo>Identity</titulo><presupuesto>30000000</presupuesto><ingresos>90259536</ingresos><directores><director id="366" nombre="James Mangold"/></directores><productores><productor id="409" nombre="Cathy Konrad"/></productores><productoras><productora id="441" nombre="Columbia Pictures Corporation"/></productoras></pelicula><pelicula id="10934" emision="2003-04-30"><titulo>Under the Tuscan Sun</titulo><presupuesto>18000000</presupuesto><ingresos>58878723</ingresos><directores><director id="36805" nombre="Audrey Wells"/></directores><productores><productor id="8330" nombre="Tom Sternberg"/><productor id="36805" nombre="Audrey Wells"/><productor id="1127846" nombre="Katie DiMento"/><productor id="1127847" nombre="Jon Goldman"/><productor id="1127848" nombre="Edoardo Petti"/></productores><productoras><productora id="9195" nombre="Touchstone Pictures"/></productoras></pelicula><pelicula id="18736" emision="2003-04-25"><titulo>The Lizzie McGuire Movie</titulo><presupuesto>17000000</presupuesto><ingresos>55534455</ingresos><directores><director id="19228" nombre="Jim Fall"/></directores><productores><productor id="380639" nombre="Stan Rogow"/></productores><productoras><productora id="2" nombre="Walt Disney Pictures"/></productoras></pelicula><pelicula id="9486" emision="2003-04-06"><titulo>Johnny English</titulo><presupuesto>40000000</presupuesto><ingresos>160583018</ingresos><directores><director id="7791" nombre="Peter Howitt"/></directores><productores><productor id="2236" nombre="Tim Bevan"/><productor id="2238" nombre="Eric Fellner"/><productor id="8401" nombre="Mark Huffam"/></productores><productoras><productora id="33" nombre="Universal Pictures"/></productoras></pelicula></peliculas>
