<peliculas><pelicula id="49521" emision="2013-06-12"><titulo>Man of Steel</titulo><presupuesto>225000000</presupuesto><ingresos>662845518</ingresos><directores><director id="15217" nombre="Zack Snyder"/></directores><productores><productor id="282" nombre="Charles Roven"/><productor id="525" nombre="Christopher Nolan"/><productor id="556" nombre="Emma Thomas"/><productor id="79243" nombre="Deborah Snyder"/></productores><productoras><productora id="6194" nombre="Warner Bros."/><productora id="923" nombre="Legendary Pictures"/></productoras></pelicula><pelicula id="136795" emision="2013-06-27"><titulo>The Heat</titulo><presupuesto>43000000</presupuesto><ingresos>158674180</ingresos><directores><director id="116805" nombre="Paul Feig"/></directores><productores><productor id="36427" nombre="Jenno Topping"/><productor id="266920" nombre="Peter Chernin"/></productores><productoras><productora id="306" nombre="Twentieth Century Fox Film Corporation"/><productora id="22213" nombre="TSG Entertainment"/></productoras></pelicula><pelicula id="117251" emision="2013-06-27"><titulo>White House Down</titulo><presupuesto>150000000</presupuesto><ingresos>205366737</ingresos><directores><director id="6046" nombre="Roland Emmerich"/></directores><productores><productor id="511" nombre="Larry J. Franco"/><productor id="5430" nombre="Harald Kloser"/><productor id="6046" nombre="Roland Emmerich"/><productor id="20204" nombre="James Vanderbilt"/><productor id="20208" nombre="Brad Fischer"/><productor id="20294" nombre="Laeta Kalogridis"/></productores><productoras><productora id="5" nombre="Columbia Pictures"/></productoras></pelicula><pelicula id="93456" emision="2013-06-25"><titulo>Despicable Me 2</titulo><presupuesto>76000000</presupuesto><ingresos>970761885</ingresos><directores><director id="124747" nombre="Pierre Coffin"/><director id="124748" nombre="Chris Renaud"/></directores><productores><productor id="5720" nombre="Christopher Meledandri"/></productores><productoras><productora id="33" nombre="Universal Pictures"/></productoras></pelicula><pelicula id="72190" emision="2013-06-20"><titulo>World War Z</titulo><presupuesto>200000000</presupuesto><ingresos>531865000</ingresos><directores><director id="12995" nombre="Marc Forster"/></directores><productores><productor id="287" nombre="Brad Pitt"/><productor id="9987" nombre="Ian Bryce"/><productor id="20458" nombre="Dede Gardner"/><productor id="967387" nombre="Jeremy Kleiner"/></productores><productoras><productora id="4" nombre="Paramount Pictures"/></productoras></pelicula><pelicula id="109414" emision="2013-06-12"><titulo>This Is the End</titulo><presupuesto>32000000</presupuesto><ingresos>126041322</ingresos><directores><director id="19274" nombre="Seth Rogen"/><director id="54734" nombre="Evan Goldberg"/></directores><productores><productor id="19274" nombre="Seth Rogen"/><productor id="54734" nombre="Evan Goldberg"/><productor id="928595" nombre="James Weaver"/></productores><productoras><productora id="5" nombre="Columbia Pictures"/></productoras></pelicula><pelicula id="62211" emision="2013-06-20"><titulo>Monsters University</titulo><presupuesto>200000000</presupuesto><ingresos>743559607</ingresos><directores><director id="225976" nombre="Dan Scanlon"/></directores><productores><productor id="7880" nombre="Kori Rae"/></productores><productoras><productora id="2" nombre="Walt Disney Pictures"/><productora id="3" nombre="Pixar Animation Studios"/></productoras></pelicula><pelicula id="116741" emision="2013-06-07"><titulo>The Internship</titulo><presupuesto>58000000</presupuesto><ingresos>44000000</ingresos><directores><director id="17825" nombre="Shawn Levy"/></directores><productores><productor id="4937" nombre="Vince Vaughn"/><productor id="17825" nombre="Shawn Levy"/></productores><productoras><productora id="306" nombre="Twentieth Century Fox Film Corporation"/><productora id="22213" nombre="TSG Entertainment"/></productoras></pelicula></peliculas>
