<peliculas><pelicula id="27022" emision="2010-07-13"><titulo>The Sorcerer's Apprentice</titulo><presupuesto>150000000</presupuesto><ingresos>215283742</ingresos><directores><director id="12962" nombre="Jon Turteltaub"/></directores><productores/><productoras><productora id="2" nombre="Walt Disney Pictures"/></productoras></pelicula><pelicula id="34851" emision="2010-07-03"><titulo>Predators</titulo><presupuesto>40000000</presupuesto><ingresos>126248813</ingresos><directores><director id="41671" nombre="Nimr&#xF3;d Antal"/></directores><productores><productor id="2043" nombre="John Davis"/><productor id="2294" nombre="Robert Rodriguez"/><productor id="5911" nombre="Elizabeth Avellan"/></productores><productoras><productora id="306" nombre="Twentieth Century Fox Film Corporation"/></productoras></pelicula><pelicula id="20352" emision="2010-07-08"><titulo>Despicable Me</titulo><presupuesto>69000000</presupuesto><ingresos>543513985</ingresos><directores><director id="124747" nombre="Pierre Coffin"/><director id="124748" nombre="Chris Renaud"/></directores><productores><productor id="5720" nombre="Christopher Meledandri"/><productor id="65674" nombre="Janet Healy"/><productor id="1011957" nombre="John Cohen"/></productores><productoras><productora id="33" nombre="Universal Pictures"/></productoras></pelicula><pelicula id="38778" emision="2010-07-30"><titulo>Dinner for Schmucks</titulo><presupuesto>69000000</presupuesto><ingresos>86387857</ingresos><directores><director id="6737" nombre="Jay Roach"/></directores><productores/><productoras><productora id="4" nombre="Paramount Pictures"/><productora id="27" nombre="DreamWorks SKG"/></productoras></pelicula><pelicula id="41216" emision="2010-07-10"><titulo>Legend of the Guardians: The Owls of Ga'Hoole</titulo><presupuesto>80000000</presupuesto><ingresos>140073390</ingresos><directores><director id="15217" nombre="Zack Snyder"/></directores><productores><productor id="970284" nombre="Zareh Nalbandian"/></productores><productoras><productora id="6194" nombre="Warner Bros."/><productora id="79" nombre="Village Roadshow Pictures"/></productoras></pelicula><pelicula id="27576" emision="2010-07-21"><titulo>Salt</titulo><presupuesto>110000000</presupuesto><ingresos>293329073</ingresos><directores><director id="13015" nombre="Phillip Noyce"/></directores><productores><productor id="10952" nombre="Lorenzo di Bonaventura"/><productor id="42908" nombre="Sunil Perkash"/></productores><productoras><productora id="5" nombre="Columbia Pictures"/><productora id="7295" nombre="Relativity Media"/></productoras></pelicula><pelicula id="39691" emision="2010-07-30"><titulo>Cats &amp; Dogs 2 : The Revenge of Kitty Galore</titulo><presupuesto>85000000</presupuesto><ingresos>112483764</ingresos><directores><director id="132876" nombre="Brad Peyton"/></directores><productores><productor id="29525" nombre="Andrew Lazar"/><productor id="113987" nombre="Polly Johnsen"/></productores><productoras><productora id="79" nombre="Village Roadshow Pictures"/></productoras></pelicula><pelicula id="27205" emision="2010-07-14"><titulo>Inception</titulo><presupuesto>160000000</presupuesto><ingresos>825532764</ingresos><directores><director id="525" nombre="Christopher Nolan"/></directores><productores><productor id="525" nombre="Christopher Nolan"/><productor id="556" nombre="Emma Thomas"/></productores><productoras><productora id="6194" nombre="Warner Bros."/><productora id="923" nombre="Legendary Pictures"/></productoras></pelicula><pelicula id="22538" emision="2010-07-27"><titulo>Scott Pilgrim vs. the World</titulo><presupuesto>60000000</presupuesto><ingresos>47664559</ingresos><directores><director id="11090" nombre="Edgar Wright"/></directores><productores><productor id="23485" nombre="Marc Platt"/></productores><productoras><productora id="33" nombre="Universal Pictures"/></productoras></pelicula></peliculas>
