<peliculas><pelicula id="12819" emision="2010-09-17"><titulo>Alpha and Omega</titulo><presupuesto>20000000</presupuesto><ingresos>39300000</ingresos><directores><director id="61970" nombre="Ben Gluck"/><director id="131242" nombre="Anthony Bell"/></directores><productores/><productoras><productora id="7295" nombre="Relativity Media"/></productoras></pelicula><pelicula id="33909" emision="2010-09-02"><titulo>Wall Street: Money Never Sleeps</titulo><presupuesto>70000000</presupuesto><ingresos>134748021</ingresos><directores><director id="1152" nombre="Oliver Stone"/></directores><productores/><productoras><productora id="306" nombre="Twentieth Century Fox Film Corporation"/><productora id="444" nombre="Dune Entertainment"/></productoras></pelicula><pelicula id="23631" emision="2010-09-01"><titulo>Machete</titulo><presupuesto>20000000</presupuesto><ingresos>31327899</ingresos><directores><director id="2294" nombre="Robert Rodriguez"/><director id="61847" nombre="Ethan Maniquis"/></directores><productores><productor id="2294" nombre="Robert Rodriguez"/><productor id="5911" nombre="Elizabeth Avellan"/><productor id="34340" nombre="Rick Schwartz"/></productores><productoras><productora id="444" nombre="Dune Entertainment"/></productoras></pelicula><pelicula id="37799" emision="2010-09-30"><titulo>The Social Network</titulo><presupuesto>40000000</presupuesto><ingresos>224920315</ingresos><directores><director id="7467" nombre="David Fincher"/></directores><productores><productor id="2997" nombre="Scott Rudin"/><productor id="4767" nombre="Michael De Luca"/><productor id="7475" nombre="Ce&#xE1;n Chaffin"/><productor id="54417" nombre="Dana Brunetti"/></productores><productoras><productora id="5" nombre="Columbia Pictures"/><productora id="7295" nombre="Relativity Media"/></productoras></pelicula><pelicula id="38303" emision="2010-09-24"><titulo>You Again</titulo><presupuesto>20000000</presupuesto><ingresos>32005248</ingresos><directores><director id="58375" nombre="Andy Fickman"/></directores><productores><productor id="7398" nombre="John J. Strauss"/><productor id="58375" nombre="Andy Fickman"/><productor id="74729" nombre="Betsy Sullenger"/><productor id="945213" nombre="Eric Tannenbaum"/></productores><productoras><productora id="9195" nombre="Touchstone Pictures"/></productoras></pelicula><pelicula id="23168" emision="2010-09-15"><titulo>The Town</titulo><presupuesto>37000000</presupuesto><ingresos>154026136</ingresos><directores><director id="880" nombre="Ben Affleck"/></directores><productores><productor id="16729" nombre="Graham King"/><productor id="67759" nombre="Basil Iwanyk"/></productores><productoras><productora id="6194" nombre="Warner Bros."/><productora id="923" nombre="Legendary Pictures"/></productoras></pelicula><pelicula id="38073" emision="2010-09-01"><titulo>Going the Distance</titulo><presupuesto>32000000</presupuesto><ingresos>42045846</ingresos><directores><director id="96439" nombre="Nanette Burstein"/></directores><productores><productor id="20739" nombre="Adam Shankman"/><productor id="20742" nombre="Jennifer Gibgot"/><productor id="29206" nombre="Garrett Grant"/></productores><productoras><productora id="12" nombre="New Line Cinema"/></productoras></pelicula></peliculas>
