<peliculas><pelicula id="52449" emision="2011-05-16"><titulo>Bad Teacher</titulo><presupuesto>20000000</presupuesto><ingresos>216197492</ingresos><directores><director id="51851" nombre="Jake Kasdan"/></directores><productores><productor id="61107" nombre="David B. Householter"/><productor id="61397" nombre="Jimmy Miller"/></productores><productoras><productora id="5" nombre="Columbia Pictures"/></productoras></pelicula><pelicula id="45243" emision="2011-05-25"><titulo>The Hangover Part II</titulo><presupuesto>80000000</presupuesto><ingresos>254455986</ingresos><directores><director id="57130" nombre="Todd Phillips"/></directores><productores><productor id="53394" nombre="Steve Bing"/></productores><productoras><productora id="6194" nombre="Warner Bros."/><productora id="923" nombre="Legendary Pictures"/></productoras></pelicula><pelicula id="1865" emision="2011-05-14"><titulo>Pirates of the Caribbean: On Stranger Tides</titulo><presupuesto>380000000</presupuesto><ingresos>1045713802</ingresos><directores><director id="17633" nombre="Rob Marshall"/></directores><productores><productor id="770" nombre="Jerry Bruckheimer"/></productores><productoras><productora id="2" nombre="Walt Disney Pictures"/></productoras></pelicula><pelicula id="49538" emision="2011-05-24"><titulo>X-Men: First Class</titulo><presupuesto>160000000</presupuesto><ingresos>353624124</ingresos><directores><director id="957" nombre="Matthew Vaughn"/></directores><productores><productor id="7200" nombre="Lauren Shuler Donner"/><productor id="9032" nombre="Bryan Singer"/><productor id="11092" nombre="Simon Kinberg"/><productor id="120606" nombre="Gregory Goodman"/></productores><productoras><productora id="306" nombre="Twentieth Century Fox Film Corporation"/><productora id="444" nombre="Dune Entertainment"/></productoras></pelicula><pelicula id="49444" emision="2011-05-25"><titulo>Kung Fu Panda 2</titulo><presupuesto>150000000</presupuesto><ingresos>665692281</ingresos><directores><director id="142312" nombre="Jennifer Yuh Nelson"/></directores><productores><productor id="946051" nombre="Melissa Cobb"/></productores><productoras><productora id="521" nombre="DreamWorks Animation"/></productoras></pelicula></peliculas>
