<peliculas><pelicula id="11282" emision="2004-05-30"><titulo>Harold &amp; Kumar Go to White Castle</titulo><presupuesto>9000000</presupuesto><ingresos>23936908</ingresos><directores><director id="56591" nombre="Danny Leiner"/></directores><productores><productor id="19658" nombre="Greg Shapiro"/><productor id="40383" nombre="Nathan Kahane"/></productores><productoras><productora id="12" nombre="New Line Cinema"/></productoras></pelicula><pelicula id="4599" emision="2004-05-27"><titulo>Raising Helen</titulo><presupuesto>50000000</presupuesto><ingresos>49718611</ingresos><directores><director id="1201" nombre="Garry Marshall"/></directores><productores><productor id="21478" nombre="Ashok Amritraj"/><productor id="31710" nombre="David Hoberman"/></productores><productoras><productora id="9195" nombre="Touchstone Pictures"/></productoras></pelicula><pelicula id="7131" emision="2004-05-05"><titulo>Van Helsing</titulo><presupuesto>160000000</presupuesto><ingresos>300257475</ingresos><directores><director id="7775" nombre="Stephen Sommers"/></directores><productores><productor id="7775" nombre="Stephen Sommers"/><productor id="7784" nombre="Bob Ducsay"/></productores><productoras><productora id="33" nombre="Universal Pictures"/></productoras></pelicula><pelicula id="809" emision="2004-05-19"><titulo>Shrek 2</titulo><presupuesto>150000000</presupuesto><ingresos>919838758</ingresos><directores><director id="5524" nombre="Andrew Adamson"/><director id="12079" nombre="Kelly Asbury"/><director id="12080" nombre="Conrad Vernon"/></directores><productores><productor id="12087" nombre="David Lipman"/><productor id="12106" nombre="Aron Warner"/><productor id="12107" nombre="John H. Williams"/></productores><productoras><productora id="27" nombre="DreamWorks SKG"/><productora id="521" nombre="DreamWorks Animation"/></productoras></pelicula><pelicula id="12657" emision="2004-05-28"><titulo>Soul Plane</titulo><presupuesto>16000000</presupuesto><ingresos>14822346</ingresos><directores><director id="73832" nombre="Jessy Terrero"/></directores><productores><productor id="73832" nombre="Jessy Terrero"/><productor id="1639187" nombre="David Rubin"/></productores><productoras><productora id="8411" nombre="Metro-Goldwyn-Mayer (MGM)"/></productoras></pelicula><pelicula id="652" emision="2004-05-13"><titulo>Troy</titulo><presupuesto>175000000</presupuesto><ingresos>497409852</ingresos><directores><director id="5231" nombre="Wolfgang Petersen"/></directores><productores><productor id="490" nombre="Colin Wilson"/><productor id="5231" nombre="Wolfgang Petersen"/><productor id="9814" nombre="Diana Rathbun"/></productores><productoras><productora id="6194" nombre="Warner Bros."/></productoras></pelicula><pelicula id="435" emision="2004-05-26"><titulo>The Day After Tomorrow</titulo><presupuesto>125000000</presupuesto><ingresos>544272402</ingresos><directores><director id="6046" nombre="Roland Emmerich"/></directores><productores><productor id="6046" nombre="Roland Emmerich"/><productor id="6048" nombre="Mark Gordon"/></productores><productoras><productora id="306" nombre="Twentieth Century Fox Film Corporation"/></productoras></pelicula><pelicula id="673" emision="2004-05-31"><titulo>Harry Potter and the Prisoner of Azkaban</titulo><presupuesto>130000000</presupuesto><ingresos>789804554</ingresos><directores><director id="11218" nombre="Alfonso Cuar&#xF3;n"/></directores><productores><productor id="10968" nombre="David Heyman"/><productor id="11222" nombre="Mark Radcliffe"/><productor id="20643" nombre="Lorne Orleans"/></productores><productoras><productora id="6194" nombre="Warner Bros."/></productoras></pelicula></peliculas>
