<peliculas><pelicula id="608" emision="2002-07-03"><titulo>Men in Black II</titulo><presupuesto>140000000</presupuesto><ingresos>441818803</ingresos><directores><director id="5174" nombre="Barry Sonnenfeld"/></directores><productores><productor id="2212" nombre="Walter F. Parkes"/><productor id="8701" nombre="Laurie MacDonald"/></productores><productoras><productora id="5" nombre="Columbia Pictures"/><productora id="56" nombre="Amblin Entertainment"/><productora id="441" nombre="Columbia Pictures Corporation"/></productoras></pelicula><pelicula id="10996" emision="2002-07-19"><titulo>Stuart Little 2</titulo><presupuesto>120000000</presupuesto><ingresos>169956806</ingresos><directores><director id="18898" nombre="Rob Minkoff"/></directores><productores><productor id="931" nombre="Douglas Wick"/></productores><productoras><productora id="5" nombre="Columbia Pictures"/></productoras></pelicula><pelicula id="8665" emision="2002-07-19"><titulo>K-19: The Widowmaker</titulo><presupuesto>100000000</presupuesto><ingresos>35168966</ingresos><directores><director id="14392" nombre="Kathryn Bigelow"/></directores><productores><productor id="11302" nombre="Edward S. Feldman"/><productor id="14392" nombre="Kathryn Bigelow"/><productor id="55599" nombre="Winship Cook"/></productores><productoras><productora id="4" nombre="Paramount Pictures"/></productoras></pelicula><pelicula id="4147" emision="2002-07-12"><titulo>Road to Perdition</titulo><presupuesto>80000000</presupuesto><ingresos>181001478</ingresos><directores><director id="39" nombre="Sam Mendes"/></directores><productores><productor id="39" nombre="Sam Mendes"/><productor id="1297" nombre="Richard D. Zanuck"/><productor id="1191105" nombre="Dean Zanuck"/></productores><productoras><productora id="306" nombre="Twentieth Century Fox Film Corporation"/><productora id="27" nombre="DreamWorks SKG"/></productoras></pelicula><pelicula id="818" emision="2002-07-26"><titulo>Austin Powers in Goldmember</titulo><presupuesto>63000000</presupuesto><ingresos>296655431</ingresos><directores><director id="6737" nombre="Jay Roach"/></directores><productores><productor id="550" nombre="Jennifer Todd"/><productor id="551" nombre="Suzanne Todd"/><productor id="1227" nombre="John S. Lyons"/><productor id="2445" nombre="Eric McLeod"/><productor id="3416" nombre="Demi Moore"/><productor id="12073" nombre="Mike Myers"/></productores><productoras><productora id="12" nombre="New Line Cinema"/></productoras></pelicula><pelicula id="6278" emision="2002-07-12"><titulo>Reign of Fire</titulo><presupuesto>60000000</presupuesto><ingresos>43061982</ingresos><directores><director id="12523" nombre="Rob Bowman"/></directores><productores><productor id="1297" nombre="Richard D. Zanuck"/><productor id="4504" nombre="Roger Birnbaum"/><productor id="4507" nombre="Gary Barber"/><productor id="5707" nombre="Lili Fini Zanuck"/></productores><productoras><productora id="9195" nombre="Touchstone Pictures"/></productoras></pelicula></peliculas>
