<peliculas><pelicula id="35" emision="2007-07-25"><titulo>The Simpsons Movie</titulo><presupuesto>75000000</presupuesto><ingresos>527068851</ingresos><directores><director id="197" nombre="David Silverman"/></directores><productores><productor id="3388" nombre="James L. Brooks"/><productor id="5741" nombre="Matt Groening"/><productor id="57572" nombre="Richard Sakai"/><productor id="162931" nombre="Al Jean"/><productor id="165810" nombre="Mike Scully"/><productor id="193307" nombre="Jay Kleckner"/><productor id="1128337" nombre="Peter Gave"/><productor id="1128338" nombre="Amanda Moshay"/><productor id="1128339" nombre="Felicia Nalivansky"/><productor id="1128340" nombre="Matt Orefice"/><productor id="1219059" nombre="Claudia Katz"/></productores><productoras><productora id="306" nombre="Twentieth Century Fox Film Corporation"/></productoras></pelicula><pelicula id="4141" emision="2007-07-26"><titulo>Shoot 'Em Up</titulo><presupuesto>39000000</presupuesto><ingresos>26820641</ingresos><directores><director id="24949" nombre="Michael Davis"/></directores><productores><productor id="3183" nombre="Don Murphy"/><productor id="34967" nombre="Rick Benattar"/><productor id="34969" nombre="Jeff Katz"/><productor id="34970" nombre="Susan Montford"/></productores><productoras><productora id="12" nombre="New Line Cinema"/></productoras></pelicula><pelicula id="2976" emision="2007-07-13"><titulo>Hairspray</titulo><presupuesto>50000000</presupuesto><ingresos>90450008</ingresos><directores><director id="20739" nombre="Adam Shankman"/></directores><productores><productor id="29207" nombre="Daniel Silverberg"/></productores><productoras><productora id="12" nombre="New Line Cinema"/></productoras></pelicula><pelicula id="2959" emision="2007-07-04"><titulo>License to Wed</titulo><presupuesto>35000000</presupuesto><ingresos>69307224</ingresos><directores><director id="29009" nombre="Ken Kwapis"/></directores><productores><productor id="20206" nombre="Mike Medavoy"/><productor id="20207" nombre="Arnold Messer"/><productor id="29014" nombre="Nick Osborne"/><productor id="29015" nombre="Robert Simonds"/></productores><productoras><productora id="6194" nombre="Warner Bros."/><productora id="79" nombre="Village Roadshow Pictures"/></productoras></pelicula><pelicula id="3563" emision="2007-07-12"><titulo>I Now Pronounce You Chuck &amp; Larry</titulo><presupuesto>85000000</presupuesto><ingresos>186072214</ingresos><directores><director id="17494" nombre="Dennis Dugan"/></directores><productores><productor id="4499" nombre="Tom Shadyac"/><productor id="4505" nombre="Michael Bostick"/><productor id="4506" nombre="James D. Brubaker"/><productor id="19292" nombre="Adam Sandler"/><productor id="20821" nombre="Jack Giarraputo"/><productor id="32900" nombre="Amanda Morgan Palmer"/></productores><productoras><productora id="33" nombre="Universal Pictures"/></productoras></pelicula><pelicula id="3638" emision="2007-07-25"><titulo>No Reservations</titulo><presupuesto>28000000</presupuesto><ingresos>92601050</ingresos><directores><director id="33433" nombre="Scott Hicks"/></directores><productores><productor id="33435" nombre="Kerry Heysen"/><productor id="33436" nombre="Sergio Aguero"/></productores><productoras><productora id="6194" nombre="Warner Bros."/><productora id="79" nombre="Village Roadshow Pictures"/></productoras></pelicula></peliculas>
