<peliculas><pelicula id="11568" emision="1998-02-05"><titulo>Blues Brothers 2000</titulo><presupuesto>28000000</presupuesto><ingresos>14051384</ingresos><directores><director id="4610" nombre="John Landis"/></directores><productores><productor id="707" nombre="Dan Aykroyd"/><productor id="4610" nombre="John Landis"/><productor id="58148" nombre="Leslie Belzberg"/></productores><productoras><productora id="33" nombre="Universal Pictures"/></productoras></pelicula><pelicula id="10153" emision="1998-02-13"><titulo>Sphere</titulo><presupuesto>75000000</presupuesto><ingresos>13100000</ingresos><directores><director id="8246" nombre="Barry Levinson"/></directores><productores><productor id="4782" nombre="Michael Crichton"/><productor id="8246" nombre="Barry Levinson"/><productor id="64029" nombre="Andrew Wald"/></productores><productoras><productora id="6194" nombre="Warner Bros."/></productoras></pelicula><pelicula id="11003" emision="1998-02-13"><titulo>The Wedding Singer</titulo><presupuesto>18000000</presupuesto><ingresos>123306987</ingresos><directores><director id="57370" nombre="Frank Coraci"/></directores><productores><productor id="20821" nombre="Jack Giarraputo"/><productor id="29015" nombre="Robert Simonds"/></productores><productoras><productora id="12" nombre="New Line Cinema"/></productoras></pelicula><pelicula id="2666" emision="1998-02-27"><titulo>Dark City</titulo><presupuesto>27000000</presupuesto><ingresos>27200316</ingresos><directores><director id="21085" nombre="Alex Proyas"/></directores><productores><productor id="8299" nombre="Andrew Mason"/><productor id="21085" nombre="Alex Proyas"/></productores><productoras><productora id="12" nombre="New Line Cinema"/></productoras></pelicula><pelicula id="11702" emision="1998-02-06"><titulo>The Replacement Killers</titulo><presupuesto>30000000</presupuesto><ingresos>19204929</ingresos><directores><director id="20907" nombre="Antoine Fuqua"/></directores><productores><productor id="1298" nombre="Brad Grey"/><productor id="8859" nombre="Bernie Brillstein"/></productores><productoras><productora id="441" nombre="Columbia Pictures Corporation"/></productoras></pelicula></peliculas>
