<peliculas><pelicula id="11870" emision="2002-02-08"><titulo>Big Fat Liar</titulo><presupuesto>15000000</presupuesto><ingresos>52970014</ingresos><directores><director id="17825" nombre="Shawn Levy"/></directores><productores><productor id="53177" nombre="Brian Robbins"/></productores><productoras><productora id="33" nombre="Universal Pictures"/></productoras></pelicula><pelicula id="17130" emision="2002-02-15"><titulo>Crossroads</titulo><presupuesto>12000000</presupuesto><ingresos>61141030</ingresos><directores><director id="57691" nombre="Tamra Davis"/></directores><productores><productor id="1899352" nombre="Ann Carli"/></productores><productoras><productora id="4" nombre="Paramount Pictures"/></productoras></pelicula><pelicula id="10052" emision="2002-02-22"><titulo>Dragonfly</titulo><presupuesto>60000000</presupuesto><ingresos>52322400</ingresos><directores><director id="4499" nombre="Tom Shadyac"/></directores><productores><productor id="4499" nombre="Tom Shadyac"/><productor id="4504" nombre="Roger Birnbaum"/><productor id="4507" nombre="Gary Barber"/><productor id="5162" nombre="Mark Johnson"/><productor id="62543" nombre="Alan B. Curtiss"/><productor id="62544" nombre="Janet L. Wattles"/><productor id="62545" nombre="Arlene Kehela"/></productores><productoras><productora id="33" nombre="Universal Pictures"/></productoras></pelicula><pelicula id="16690" emision="2002-02-14"><titulo>Return to Never Land</titulo><presupuesto>20000000</presupuesto><ingresos>109862682</ingresos><directores><director id="1027737" nombre="Robin Budd"/><director id="1027738" nombre="Donovan Cook"/></directores><productores/><productoras><productora id="2" nombre="Walt Disney Pictures"/></productoras></pelicula><pelicula id="10592" emision="2002-02-15"><titulo>Hart's War</titulo><presupuesto>70000000</presupuesto><ingresos>32287044</ingresos><directores><director id="17812" nombre="Gregory Hoblit"/></directores><productores><productor id="11813" nombre="David Foster"/><productor id="17812" nombre="Gregory Hoblit"/><productor id="20842" nombre="Arnold Rifkin"/><productor id="21003" nombre="Stephen J. Eads"/><productor id="33104" nombre="David Ladd"/><productor id="65724" nombre="Patricia Graf"/></productores><productoras><productora id="8411" nombre="Metro-Goldwyn-Mayer (MGM)"/></productoras></pelicula><pelicula id="11979" emision="2002-02-10"><titulo>Queen of the Damned</titulo><presupuesto>35000000</presupuesto><ingresos>45479110</ingresos><directores><director id="28741" nombre="Michael Rymer"/></directores><productores><productor id="46077" nombre="Jorge Saralegui"/></productores><productoras><productora id="6194" nombre="Warner Bros."/><productora id="79" nombre="Village Roadshow Pictures"/></productoras></pelicula><pelicula id="8470" emision="2002-02-15"><titulo>John Q</titulo><presupuesto>36000000</presupuesto><ingresos>102244770</ingresos><directores><director id="11151" nombre="Nick Cassavetes"/></directores><productores><productor id="2145" nombre="Mark Burg"/><productor id="2147" nombre="Oren Koules"/></productores><productoras><productora id="12" nombre="New Line Cinema"/></productoras></pelicula><pelicula id="9884" emision="2002-02-06"><titulo>Collateral Damage</titulo><presupuesto>85000000</presupuesto><ingresos>78382433</ingresos><directores><director id="12989" nombre="Andrew Davis"/></directores><productores><productor id="1202" nombre="Steven Reuther"/><productor id="11813" nombre="David Foster"/></productores><productoras><productora id="6194" nombre="Warner Bros."/></productoras></pelicula></peliculas>
