<peliculas><pelicula id="12201" emision="2010-01-29"><titulo>Edge of Darkness</titulo><presupuesto>80000000</presupuesto><ingresos>74901339</ingresos><directores><director id="10702" nombre="Martin Campbell"/></directores><productores><productor id="16729" nombre="Graham King"/><productor id="114479" nombre="Tim Headington"/><productor id="114480" nombre="Michael Wearing"/></productores><productoras><productora id="6194" nombre="Warner Bros."/></productoras></pelicula><pelicula id="44040" emision="2010-01-13"><titulo>Devil</titulo><presupuesto>10000000</presupuesto><ingresos>33583175</ingresos><directores><director id="77147" nombre="John Erick Dowdle"/></directores><productores><productor id="136" nombre="Sam Mercer"/><productor id="11614" nombre="M. Night Shyamalan"/><productor id="958493" nombre="John Rusk"/><productor id="1121600" nombre="Ashwin Rajan"/></productores><productoras><productora id="33" nombre="Universal Pictures"/><productora id="7295" nombre="Relativity Media"/></productoras></pelicula><pelicula id="25195" emision="2010-01-08"><titulo>Leap Year</titulo><presupuesto>19000000</presupuesto><ingresos>29922472</ingresos><directores><director id="26481" nombre="Anand Tucker"/></directores><productores/><productoras><productora id="33" nombre="Universal Pictures"/></productoras></pelicula><pelicula id="23023" emision="2010-01-14"><titulo>Tooth Fairy</titulo><presupuesto>48000000</presupuesto><ingresos>112462508</ingresos><directores><director id="15045" nombre="Michael Lembeck"/></directores><productores/><productoras><productora id="444" nombre="Dune Entertainment"/></productoras></pelicula><pelicula id="23172" emision="2010-01-15"><titulo>The Spy Next Door</titulo><presupuesto>28000000</presupuesto><ingresos>45236543</ingresos><directores><director id="13581" nombre="Brian Levant"/></directores><productores/><productoras><productora id="7295" nombre="Relativity Media"/></productoras></pelicula></peliculas>
