<peliculas><pelicula id="59860" emision="2011-07-01"><titulo>Monte Carlo</titulo><presupuesto>20000000</presupuesto><ingresos>17425000</ingresos><directores><director id="56789" nombre="Thomas Bezucha"/></directores><productores><productor id="376" nombre="Arnon Milchan"/><productor id="1899" nombre="Denise Di Novi"/><productor id="2227" nombre="Nicole Kidman"/><productor id="66963" nombre="Alison Greenspan"/></productores><productoras><productora id="444" nombre="Dune Entertainment"/></productoras></pelicula><pelicula id="51540" emision="2011-07-08"><titulo>Horrible Bosses</titulo><presupuesto>35000000</presupuesto><ingresos>117000000</ingresos><directores><director id="71600" nombre="Seth Gordon"/></directores><productores><productor id="11091" nombre="Brett Ratner"/><productor id="41896" nombre="Jay Stern"/></productores><productoras><productora id="12" nombre="New Line Cinema"/></productoras></pelicula><pelicula id="50646" emision="2011-07-29"><titulo>Crazy, Stupid, Love.</titulo><presupuesto>50000000</presupuesto><ingresos>142851197</ingresos><directores><director id="56411" nombre="Glenn Ficarra"/><director id="56412" nombre="John Requa"/></directores><productores><productor id="1899" nombre="Denise Di Novi"/><productor id="4495" nombre="Steve Carell"/></productores><productoras><productora id="6194" nombre="Warner Bros."/></productoras></pelicula><pelicula id="41513" emision="2011-07-29"><titulo>The Smurfs</titulo><presupuesto>110000000</presupuesto><ingresos>563749323</ingresos><directores><director id="1215" nombre="Raja Gosnell"/></directores><productores><productor id="58408" nombre="Jordan Kerner"/></productores><productoras><productora id="5" nombre="Columbia Pictures"/></productoras></pelicula><pelicula id="12445" emision="2011-07-07"><titulo>Harry Potter and the Deathly Hallows: Part 2</titulo><presupuesto>125000000</presupuesto><ingresos>1342000000</ingresos><directores><director id="11343" nombre="David Yates"/></directores><productores><productor id="65614" nombre="David Barron"/></productores><productoras><productora id="6194" nombre="Warner Bros."/></productoras></pelicula><pelicula id="38317" emision="2011-07-06"><titulo>Zookeeper</titulo><presupuesto>80000000</presupuesto><ingresos>169852759</ingresos><directores><director id="57370" nombre="Frank Coraci"/></directores><productores/><productoras><productora id="5" nombre="Columbia Pictures"/><productora id="8411" nombre="Metro-Goldwyn-Mayer (MGM)"/></productoras></pelicula><pelicula id="1771" emision="2011-07-22"><titulo>Captain America: The First Avenger</titulo><presupuesto>140000000</presupuesto><ingresos>370569774</ingresos><directores><director id="4945" nombre="Joe Johnston"/></directores><productores><productor id="10850" nombre="Kevin Feige"/><productor id="113674" nombre="Victoria Alonso"/><productor id="1117747" nombre="Mitchell Bell"/><productor id="1117748" nombre="Stephen Broussard"/><productor id="1117749" nombre="Richard Whelan"/></productores><productoras><productora id="4" nombre="Paramount Pictures"/><productora id="420" nombre="Marvel Studios"/></productoras></pelicula><pelicula id="49849" emision="2011-07-29"><titulo>Cowboys &amp; Aliens</titulo><presupuesto>163000000</presupuesto><ingresos>174822325</ingresos><directores><director id="15277" nombre="Jon Favreau"/></directores><productores><productor id="339" nombre="Brian Grazer"/><productor id="6159" nombre="Ron Howard"/><productor id="15345" nombre="Alex Kurtzman"/><productor id="28974" nombre="Damon Lindelof"/></productores><productoras><productora id="33" nombre="Universal Pictures"/><productora id="27" nombre="DreamWorks SKG"/><productora id="7295" nombre="Relativity Media"/></productoras></pelicula></peliculas>
