<peliculas><pelicula id="76493" emision="2012-05-15"><titulo>The Dictator</titulo><presupuesto>65000000</presupuesto><ingresos>179379533</ingresos><directores><director id="6767" nombre="Larry Charles"/></directores><productores><productor id="2997" nombre="Scott Rudin"/><productor id="6730" nombre="Sacha Baron Cohen"/><productor id="6731" nombre="Anthony Hines"/></productores><productoras><productora id="4" nombre="Paramount Pictures"/></productoras></pelicula><pelicula id="58595" emision="2012-05-30"><titulo>Snow White and the Huntsman</titulo><presupuesto>170000000</presupuesto><ingresos>396600000</ingresos><directores><director id="228134" nombre="Rupert Sanders"/></directores><productores><productor id="136" nombre="Sam Mercer"/><productor id="18311" nombre="Joe Roth"/></productores><productoras><productora id="33" nombre="Universal Pictures"/></productoras></pelicula><pelicula id="41154" emision="2012-05-23"><titulo>Men in Black 3</titulo><presupuesto>225000000</presupuesto><ingresos>624026776</ingresos><directores><director id="5174" nombre="Barry Sonnenfeld"/></directores><productores><productor id="2212" nombre="Walter F. Parkes"/><productor id="8701" nombre="Laurie MacDonald"/></productores><productoras><productora id="56" nombre="Amblin Entertainment"/></productoras></pelicula><pelicula id="70981" emision="2012-05-30"><titulo>Prometheus</titulo><presupuesto>130000000</presupuesto><ingresos>403170142</ingresos><directores><director id="578" nombre="Ridley Scott"/></directores><productores><productor id="578" nombre="Ridley Scott"/><productor id="915" nombre="David Giler"/><productor id="1723" nombre="Walter Hill"/></productores><productoras><productora id="306" nombre="Twentieth Century Fox Film Corporation"/><productora id="444" nombre="Dune Entertainment"/></productoras></pelicula><pelicula id="62213" emision="2012-05-08"><titulo>Dark Shadows</titulo><presupuesto>150000000</presupuesto><ingresos>245527149</ingresos><directores><director id="510" nombre="Tim Burton"/></directores><productores><productor id="85" nombre="Johnny Depp"/><productor id="1297" nombre="Richard D. Zanuck"/><productor id="16729" nombre="Graham King"/><productor id="938107" nombre="Christi Dembrowski"/><productor id="938108" nombre="David Kennedy"/></productores><productoras><productora id="6194" nombre="Warner Bros."/><productora id="79" nombre="Village Roadshow Pictures"/></productoras></pelicula></peliculas>
