<peliculas><pelicula id="342521" emision="2016-04-21"><titulo>Keanu</titulo><presupuesto>15000000</presupuesto><ingresos>20566327</ingresos><directores><director id="136153" nombre="Peter Atencio"/></directores><productores><productor id="63223" nombre="Peter Principato"/><productor id="291263" nombre="Jordan Peele"/><productor id="298410" nombre="Keegan-Michael Key"/><productor id="1748386" nombre="Joel Zadak"/></productores><productoras><productora id="12" nombre="New Line Cinema"/></productoras></pelicula><pelicula id="290595" emision="2016-04-06"><titulo>The Huntsman: Winter's War</titulo><presupuesto>115000000</presupuesto><ingresos>164602163</ingresos><directores><director id="1454884" nombre="Cedric Nicolas-Troyan"/></directores><productores><productor id="18311" nombre="Joe Roth"/></productores><productoras><productora id="33" nombre="Universal Pictures"/></productoras></pelicula><pelicula id="326423" emision="2016-04-15"><titulo>Barbershop: The Next Cut</titulo><presupuesto>20000000</presupuesto><ingresos>55030051</ingresos><directores><director id="72024" nombre="Malcolm D. Lee"/></directores><productores/><productoras><productora id="12" nombre="New Line Cinema"/></productoras></pelicula><pelicula id="278927" emision="2016-04-07"><titulo>The Jungle Book</titulo><presupuesto>175000000</presupuesto><ingresos>966550600</ingresos><directores><director id="15277" nombre="Jon Favreau"/></directores><productores><productor id="15277" nombre="Jon Favreau"/><productor id="1607513" nombre="Brigham Taylor"/></productores><productoras><productora id="2" nombre="Walt Disney Pictures"/></productoras></pelicula><pelicula id="271110" emision="2016-04-27"><titulo>Captain America: Civil War</titulo><presupuesto>250000000</presupuesto><ingresos>1153304495</ingresos><directores><director id="19271" nombre="Anthony Russo"/><director id="19272" nombre="Joe Russo"/></directores><productores><productor id="10850" nombre="Kevin Feige"/></productores><productoras><productora id="420" nombre="Marvel Studios"/></productoras></pelicula><pelicula id="323676" emision="2016-04-07"><titulo>The Boss</titulo><presupuesto>29000000</presupuesto><ingresos>78636257</ingresos><directores><director id="170820" nombre="Ben Falcone"/></directores><productores><productor id="23659" nombre="Will Ferrell"/><productor id="55710" nombre="Adam McKay"/></productores><productoras><productora id="33" nombre="Universal Pictures"/></productoras></pelicula></peliculas>
