<peliculas><pelicula id="1592" emision="1996-04-03"><titulo>Primal Fear</titulo><presupuesto>30000000</presupuesto><ingresos>102616183</ingresos><directores><director id="17812" nombre="Gregory Hoblit"/></directores><productores/><productoras><productora id="4" nombre="Paramount Pictures"/></productoras></pelicula><pelicula id="9103" emision="1996-04-19"><titulo>The Quest</titulo><presupuesto>30000000</presupuesto><ingresos>57400547</ingresos><directores><director id="15111" nombre="Jean-Claude Van Damme"/></directores><productores/><productoras><productora id="33" nombre="Universal Pictures"/></productoras></pelicula><pelicula id="10539" emision="1996-04-12"><titulo>James and the Giant Peach</titulo><presupuesto>38000000</presupuesto><ingresos>28921264</ingresos><directores><director id="57646" nombre="Henry Selick"/></directores><productores><productor id="510" nombre="Tim Burton"/><productor id="1899" nombre="Denise Di Novi"/></productores><productoras><productora id="2" nombre="Walt Disney Pictures"/></productoras></pelicula><pelicula id="47502" emision="1996-04-03"><titulo>Faithful</titulo><presupuesto>13000000</presupuesto><ingresos>9789900</ingresos><directores><director id="47773" nombre="Paul Mazursky"/></directores><productores><productor id="380" nombre="Robert De Niro"/></productores><productoras><productora id="12" nombre="New Line Cinema"/></productoras></pelicula></peliculas>
