<peliculas><pelicula id="2749" emision="2001-03-01"><titulo>15 Minutes</titulo><presupuesto>60000000</presupuesto><ingresos>56359980</ingresos><directores><director id="27846" nombre="John Herzfeld"/></directores><productores><productor id="6468" nombre="Nick Wechsler"/><productor id="15208" nombre="Keith Addis"/><productor id="27846" nombre="John Herzfeld"/><productor id="28154" nombre="David Blocker"/></productores><productoras><productora id="12" nombre="New Line Cinema"/></productoras></pelicula><pelicula id="824" emision="2001-03-09"><titulo>Moulin Rouge!</titulo><presupuesto>52500000</presupuesto><ingresos>179213434</ingresos><directores><director id="6201" nombre="Baz Luhrmann"/></directores><productores><productor id="5486" nombre="Steve E. Andrews"/><productor id="6201" nombre="Baz Luhrmann"/><productor id="6203" nombre="Catherine Martin"/><productor id="6204" nombre="Martin Brown"/><productor id="12201" nombre="Fred Baron"/><productor id="12202" nombre="Catherine Knapman"/></productores><productoras><productora id="306" nombre="Twentieth Century Fox Film Corporation"/></productoras></pelicula><pelicula id="853" emision="2001-03-13"><titulo>Enemy at the Gates</titulo><presupuesto>68000000</presupuesto><ingresos>96976270</ingresos><directores><director id="2352" nombre="Jean-Jacques Annaud"/></directores><productores><productor id="2352" nombre="Jean-Jacques Annaud"/><productor id="12756" nombre="John D. Schofield"/></productores><productoras><productora id="4" nombre="Paramount Pictures"/></productoras></pelicula><pelicula id="10877" emision="2001-03-13"><titulo>Exit Wounds</titulo><presupuesto>50000000</presupuesto><ingresos>79958599</ingresos><directores><director id="10765" nombre="Andrzej Bartkowiak"/></directores><productores><productor id="1091" nombre="Joel Silver"/><productor id="57526" nombre="Dan Cracchiolo"/></productores><productoras><productora id="6194" nombre="Warner Bros."/><productora id="79" nombre="Village Roadshow Pictures"/></productoras></pelicula><pelicula id="6073" emision="2001-03-01"><titulo>The Mexican</titulo><presupuesto>57000000</presupuesto><ingresos>147845033</ingresos><directores><director id="1704" nombre="Gore Verbinski"/></directores><productores><productor id="2545" nombre="Lawrence Bender"/><productor id="49826" nombre="John Baldecchi"/></productores><productoras><productora id="27" nombre="DreamWorks SKG"/></productoras></pelicula><pelicula id="10646" emision="2001-03-30"><titulo>Tomcats</titulo><presupuesto>11000000</presupuesto><ingresos>23430766</ingresos><directores><director id="50942" nombre="Gregory Poirier"/></directores><productores><productor id="47053" nombre="Alan Riche"/><productor id="66108" nombre="Paul Kurta"/></productores><productoras><productora id="5" nombre="Columbia Pictures"/></productoras></pelicula></peliculas>
