<peliculas><pelicula id="18041" emision="2000-04-21"><titulo>Gossip</titulo><presupuesto>14000000</presupuesto><ingresos>5108820</ingresos><directores><director id="19012" nombre="Davis Guggenheim"/></directores><productores/><productoras><productora id="6194" nombre="Warner Bros."/><productora id="79" nombre="Village Roadshow Pictures"/></productoras></pelicula><pelicula id="4967" emision="2000-04-14"><titulo>Keeping the Faith</titulo><presupuesto>30000000</presupuesto><ingresos>37036004</ingresos><directores><director id="819" nombre="Edward Norton"/></directores><productores><productor id="819" nombre="Edward Norton"/><productor id="13017" nombre="Hawk Koch"/><productor id="40277" nombre="Stuart Blumberg"/></productores><productoras><productora id="9195" nombre="Touchstone Pictures"/></productoras></pelicula><pelicula id="20697" emision="2000-04-07"><titulo>Ready to Rumble</titulo><presupuesto>24000000</presupuesto><ingresos>12372410</ingresos><directores><director id="53177" nombre="Brian Robbins"/></directores><productores><productor id="20908" nombre="Jeffrey Silver"/><productor id="21146" nombre="Robert F. Newmyer"/><productor id="35178" nombre="Scott Strauss"/><productor id="53176" nombre="John Gatins"/><productor id="62739" nombre="Herb Gains"/><productor id="86907" nombre="Susan E. Novick"/></productores><productoras><productora id="6194" nombre="Warner Bros."/></productoras></pelicula><pelicula id="10559" emision="2000-04-28"><titulo>Frequency</titulo><presupuesto>31000000</presupuesto><ingresos>68106245</ingresos><directores><director id="17812" nombre="Gregory Hoblit"/></directores><productores><productor id="10830" nombre="Toby Emmerich"/><productor id="13017" nombre="Hawk Koch"/><productor id="17812" nombre="Gregory Hoblit"/><productor id="23420" nombre="Bill Carraro"/></productores><productoras><productora id="12" nombre="New Line Cinema"/></productoras></pelicula><pelicula id="10479" emision="2000-04-07"><titulo>Rules of Engagement</titulo><presupuesto>60000000</presupuesto><ingresos>71000000</ingresos><directores><director id="15175" nombre="William Friedkin"/></directores><productores><productor id="1297" nombre="Richard D. Zanuck"/><productor id="2997" nombre="Scott Rudin"/></productores><productoras><productora id="4" nombre="Paramount Pictures"/></productoras></pelicula><pelicula id="2621" emision="2000-04-07"><titulo>Return to Me</titulo><presupuesto>24000000</presupuesto><ingresos>36609995</ingresos><directores><director id="5149" nombre="Bonnie Hunt"/></directores><productores/><productoras><productora id="8411" nombre="Metro-Goldwyn-Mayer (MGM)"/></productoras></pelicula><pelicula id="10564" emision="2000-04-27"><titulo>Where the Heart Is</titulo><presupuesto>15000000</presupuesto><ingresos>33771174</ingresos><directores><director id="34481" nombre="Matt Williams"/></directores><productores/><productoras><productora id="306" nombre="Twentieth Century Fox Film Corporation"/></productoras></pelicula><pelicula id="3536" emision="2000-04-20"><titulo>U-571</titulo><presupuesto>62000000</presupuesto><ingresos>127666415</ingresos><directores><director id="7213" nombre="Jonathan Mostow"/></directores><productores><productor id="5398" nombre="Dino De Laurentiis"/><productor id="19051" nombre="Martha De Laurentiis"/></productores><productoras><productora id="33" nombre="Universal Pictures"/></productoras></pelicula><pelicula id="889" emision="2000-04-28"><titulo>The Flintstones in Viva Rock Vegas</titulo><presupuesto>83000000</presupuesto><ingresos>59468275</ingresos><directores><director id="13581" nombre="Brian Levant"/></directores><productores><productor id="8215" nombre="Bruce Cohen"/><productor id="13619" nombre="Bart Brown"/></productores><productoras><productora id="33" nombre="Universal Pictures"/><productora id="56" nombre="Amblin Entertainment"/></productoras></pelicula></peliculas>
