<peliculas><pelicula id="1930" emision="2012-06-27"><titulo>The Amazing Spider-Man</titulo><presupuesto>215000000</presupuesto><ingresos>752215857</ingresos><directores><director id="87742" nombre="Marc Webb"/></directores><productores><productor id="7626" nombre="Avi Arad"/><productor id="7627" nombre="Laura Ziskin"/><productor id="977941" nombre="Matt Tolmach"/></productores><productoras><productora id="5" nombre="Columbia Pictures"/></productoras></pelicula><pelicula id="80585" emision="2012-06-13"><titulo>Rock of Ages</titulo><presupuesto>75000000</presupuesto><ingresos>59418613</ingresos><directores><director id="20739" nombre="Adam Shankman"/></directores><productores><productor id="2219" nombre="Tobey Maguire"/><productor id="20739" nombre="Adam Shankman"/><productor id="20742" nombre="Jennifer Gibgot"/><productor id="29206" nombre="Garrett Grant"/><productor id="1001673" nombre="Scott Prisand"/><productor id="1001674" nombre="Matt Weaver"/></productores><productoras><productora id="12" nombre="New Line Cinema"/></productoras></pelicula><pelicula id="87428" emision="2012-06-14"><titulo>That's My Boy</titulo><presupuesto>70000000</presupuesto><ingresos>58058367</ingresos><directores><director id="74619" nombre="Sean Anders"/></directores><productores/><productoras><productora id="5" nombre="Columbia Pictures"/><productora id="7295" nombre="Relativity Media"/></productoras></pelicula><pelicula id="80321" emision="2012-06-06"><titulo>Madagascar 3: Europe's Most Wanted</titulo><presupuesto>145000000</presupuesto><ingresos>746921274</ingresos><directores><director id="12080" nombre="Conrad Vernon"/><director id="18863" nombre="Eric Darnell"/><director id="18864" nombre="Tom McGrath"/></directores><productores><productor id="51909" nombre="Mark Swift"/><productor id="56671" nombre="Mireille Soria"/></productores><productoras><productora id="521" nombre="DreamWorks Animation"/></productoras></pelicula><pelicula id="101267" emision="2012-06-28"><titulo>Katy Perry: Part of Me</titulo><presupuesto>12000000</presupuesto><ingresos>32726956</ingresos><directores><director id="1027017" nombre="Dan Cutforth"/><director id="1027018" nombre="Jane Lipsitz"/></directores><productores><productor id="339" nombre="Brian Grazer"/><productor id="6159" nombre="Ron Howard"/></productores><productoras><productora id="4" nombre="Paramount Pictures"/></productoras></pelicula><pelicula id="62177" emision="2012-06-21"><titulo>Brave</titulo><presupuesto>185000000</presupuesto><ingresos>538983207</ingresos><directores><director id="59803" nombre="Brenda Chapman"/><director id="126638" nombre="Mark Andrews"/><director id="137262" nombre="Steve Purcell"/></directores><productores><productor id="7901" nombre="Katherine Sarafian"/></productores><productoras><productora id="2" nombre="Walt Disney Pictures"/><productora id="3" nombre="Pixar Animation Studios"/></productoras></pelicula><pelicula id="72105" emision="2012-06-29"><titulo>Ted</titulo><presupuesto>50000000</presupuesto><ingresos>549368315</ingresos><directores><director id="52139" nombre="Seth MacFarlane"/></directores><productores><productor id="52139" nombre="Seth MacFarlane"/><productor id="570788" nombre="John Jacobs"/><productor id="570789" nombre="Jason Clark"/></productores><productoras><productora id="33" nombre="Universal Pictures"/></productoras></pelicula><pelicula id="72331" emision="2012-06-20"><titulo>Abraham Lincoln: Vampire Hunter</titulo><presupuesto>69000000</presupuesto><ingresos>112265139</ingresos><directores><director id="23430" nombre="Timur Bekmambetov"/></directores><productores><productor id="510" nombre="Tim Burton"/><productor id="20720" nombre="Jim Lemley"/><productor id="23430" nombre="Timur Bekmambetov"/></productores><productoras><productora id="306" nombre="Twentieth Century Fox Film Corporation"/></productoras></pelicula><pelicula id="98548" emision="2012-06-29"><titulo>People Like Us</titulo><presupuesto>16000000</presupuesto><ingresos>12434778</ingresos><directores><director id="15345" nombre="Alex Kurtzman"/></directores><productores><productor id="135" nombre="Bobby Cohen"/><productor id="3184" nombre="Clayton Townsend"/></productores><productoras><productora id="27" nombre="DreamWorks SKG"/><productora id="9195" nombre="Touchstone Pictures"/></productoras></pelicula></peliculas>
