<peliculas><pelicula id="6116" emision="1997-12-19"><titulo>Spice World</titulo><presupuesto>25000000</presupuesto><ingresos>100000000</ingresos><directores><director id="47974" nombre="Bob Spiers"/></directores><productores><productor id="21677" nombre="Barnaby Thompson"/><productor id="47974" nombre="Bob Spiers"/><productor id="47978" nombre="Uri Fruchtmann"/><productor id="47979" nombre="Mark L. Rosen"/></productores><productoras><productora id="441" nombre="Columbia Pictures Corporation"/></productoras></pelicula><pelicula id="10371" emision="1997-12-11"><titulo>For Richer or Poorer</titulo><presupuesto>35000000</presupuesto><ingresos>31611225</ingresos><directores><director id="42111" nombre="Bryan Spicer"/></directores><productores><productor id="955069" nombre="Sid Sheinberg"/><productor id="955071" nombre="Bill Sheinberg"/><productor id="1340086" nombre="Jonathan Sheinberg"/></productores><productoras><productora id="33" nombre="Universal Pictures"/></productoras></pelicula><pelicula id="586" emision="1997-12-25"><titulo>Wag the Dog</titulo><presupuesto>15000000</presupuesto><ingresos>64256513</ingresos><directores><director id="8246" nombre="Barry Levinson"/></directores><productores><productor id="380" nombre="Robert De Niro"/><productor id="3305" nombre="Jane Rosenthal"/><productor id="8246" nombre="Barry Levinson"/></productores><productoras><productora id="12" nombre="New Line Cinema"/></productoras></pelicula><pelicula id="9922" emision="1997-12-25"><titulo>The Postman</titulo><presupuesto>80000000</presupuesto><ingresos>17626234</ingresos><directores><director id="1269" nombre="Kevin Costner"/></directores><productores><productor id="29" nombre="Steve Tisch"/><productor id="1269" nombre="Kevin Costner"/><productor id="7847" nombre="Jim Wilson"/></productores><productoras><productora id="6194" nombre="Warner Bros."/></productoras></pelicula><pelicula id="9714" emision="1997-12-12"><titulo>Home Alone 3</titulo><presupuesto>32000000</presupuesto><ingresos>79082515</ingresos><directores><director id="1215" nombre="Raja Gosnell"/></directores><productores><productor id="11505" nombre="John Hughes"/><productor id="161965" nombre="Hilton A. Green"/></productores><productoras><productora id="306" nombre="Twentieth Century Fox Film Corporation"/></productoras></pelicula><pelicula id="11831" emision="1997-12-03"><titulo>Amistad</titulo><presupuesto>36000000</presupuesto><ingresos>74000000</ingresos><directores><director id="488" nombre="Steven Spielberg"/></directores><productores><productor id="488" nombre="Steven Spielberg"/><productor id="490" nombre="Colin Wilson"/><productor id="32395" nombre="Debbie Allen"/></productores><productoras><productora id="27" nombre="DreamWorks SKG"/></productoras></pelicula><pelicula id="9746" emision="1997-12-25"><titulo>Kundun</titulo><presupuesto>28000000</presupuesto><ingresos>5684789</ingresos><directores><director id="1032" nombre="Martin Scorsese"/></directores><productores><productor id="7170" nombre="Barbara De Fina"/></productores><productoras><productora id="9195" nombre="Touchstone Pictures"/></productoras></pelicula></peliculas>
