<peliculas><pelicula id="9754" emision="2006-02-10"><titulo>Firewall</titulo><presupuesto>45000000</presupuesto><ingresos>82800000</ingresos><directores><director id="33315" nombre="Richard Loncraine"/></directores><productores><productor id="41587" nombre="Armyan Bernstein"/><productor id="58327" nombre="Jonathan Shestack"/><productor id="67759" nombre="Basil Iwanyk"/></productores><productoras><productora id="6194" nombre="Warner Bros."/><productora id="79" nombre="Village Roadshow Pictures"/></productoras></pelicula><pelicula id="9036" emision="2006-02-17"><titulo>Eight Below</titulo><presupuesto>40000000</presupuesto><ingresos>120455994</ingresos><directores><director id="664" nombre="Frank Marshall"/></directores><productores><productor id="4504" nombre="Roger Birnbaum"/><productor id="4507" nombre="Gary Barber"/></productores><productoras><productora id="2" nombre="Walt Disney Pictures"/></productoras></pelicula><pelicula id="9286" emision="2006-02-10"><titulo>Final Destination 3</titulo><presupuesto>25000000</presupuesto><ingresos>117719158</ingresos><directores><director id="57134" nombre="James Wong"/></directores><productores><productor id="21585" nombre="Craig Perry"/><productor id="21586" nombre="Warren Zide"/><productor id="42121" nombre="Glenn Morgan"/><productor id="57134" nombre="James Wong"/></productores><productoras><productora id="12" nombre="New Line Cinema"/></productoras></pelicula><pelicula id="9975" emision="2006-02-10"><titulo>Curious George</titulo><presupuesto>50000000</presupuesto><ingresos>69834815</ingresos><directores><director id="61290" nombre="Matthew O'Callaghan"/></directores><productores><productor id="6159" nombre="Ron Howard"/><productor id="13596" nombre="David Kirschner"/><productor id="61294" nombre="Jon Shapiro"/></productores><productoras><productora id="33" nombre="Universal Pictures"/></productoras></pelicula></peliculas>
