<peliculas><pelicula id="9452" emision="1998-05-15"><titulo>Bulworth</titulo><presupuesto>30000000</presupuesto><ingresos>29202884</ingresos><directores><director id="6449" nombre="Warren Beatty"/></directores><productores><productor id="639" nombre="Pieter Jan Brugge"/><productor id="6449" nombre="Warren Beatty"/><productor id="7200" nombre="Lauren Shuler Donner"/></productores><productoras><productora id="306" nombre="Twentieth Century Fox Film Corporation"/></productoras></pelicula><pelicula id="18937" emision="1998-05-15"><titulo>Quest for Camelot</titulo><presupuesto>40000000</presupuesto><ingresos>38172500</ingresos><directores><director id="50582" nombre="Frederik Du Chau"/></directores><productores><productor id="65410" nombre="Dalisa Cohen"/></productores><productoras><productora id="6194" nombre="Warner Bros."/></productoras></pelicula><pelicula id="9469" emision="1998-05-01"><titulo>He Got Game</titulo><presupuesto>25000000</presupuesto><ingresos>21567853</ingresos><directores><director id="5281" nombre="Spike Lee"/></directores><productores><productor id="4446" nombre="Jon Kilik"/><productor id="5281" nombre="Spike Lee"/></productores><productoras><productora id="9195" nombre="Touchstone Pictures"/></productoras></pelicula><pelicula id="58680" emision="1998-05-08"><titulo>Woo</titulo><presupuesto>13000000</presupuesto><ingresos>8026971</ingresos><directores><director id="56714" nombre="Daisy von Scherler Mayer"/></directores><productores/><productoras><productora id="12" nombre="New Line Cinema"/></productoras></pelicula><pelicula id="8656" emision="1998-05-08"><titulo>Deep Impact</titulo><presupuesto>75000000</presupuesto><ingresos>140464664</ingresos><directores><director id="51984" nombre="Mimi Leder"/></directores><productores><productor id="1297" nombre="Richard D. Zanuck"/><productor id="5322" nombre="David Brown"/></productores><productoras><productora id="4" nombre="Paramount Pictures"/><productora id="27" nombre="DreamWorks SKG"/></productoras></pelicula><pelicula id="1878" emision="1998-05-22"><titulo>Fear and Loathing in Las Vegas</titulo><presupuesto>18500000</presupuesto><ingresos>10680275</ingresos><directores><director id="280" nombre="Terry Gilliam"/></directores><productores><productor id="377" nombre="Patrick Cassavetti"/><productor id="19721" nombre="Laila Nabulsi"/><productor id="19722" nombre="Stephen Nemeth"/></productores><productoras><productora id="33" nombre="Universal Pictures"/></productoras></pelicula><pelicula id="547" emision="1998-05-14"><titulo>The Horse Whisperer</titulo><presupuesto>60000000</presupuesto><ingresos>186883563</ingresos><directores><director id="4135" nombre="Robert Redford"/></directores><productores><productor id="4135" nombre="Robert Redford"/><productor id="4146" nombre="Patrick Markey"/><productor id="7531" nombre="Joseph P. Reidy"/><productor id="7532" nombre="Karen Tenkhoff"/></productores><productoras><productora id="9195" nombre="Touchstone Pictures"/></productoras></pelicula></peliculas>
