<peliculas><pelicula id="12610" emision="2001-08-07"><titulo>Osmosis Jones</titulo><presupuesto>75000000</presupuesto><ingresos>13596911</ingresos><directores><director id="7395" nombre="Bobby Farrelly"/><director id="7396" nombre="Peter Farrelly"/></directores><productores><productor id="7395" nombre="Bobby Farrelly"/><productor id="7396" nombre="Peter Farrelly"/><productor id="7407" nombre="Bradley Thomas"/><productor id="11011" nombre="Zak Penn"/><productor id="73106" nombre="Dennis Edwards"/></productores><productoras><productora id="6194" nombre="Warner Bros."/></productoras></pelicula><pelicula id="2057" emision="2001-08-03"><titulo>Original Sin</titulo><presupuesto>42000000</presupuesto><ingresos>35402320</ingresos><directores><director id="21136" nombre="Michael Cristofer"/></directores><productores><productor id="1899" nombre="Denise Di Novi"/><productor id="21138" nombre="Kate Guinzburg"/><productor id="21139" nombre="Carol Lees"/></productores><productoras><productora id="8411" nombre="Metro-Goldwyn-Mayer (MGM)"/></productoras></pelicula><pelicula id="9880" emision="2001-08-03"><titulo>The Princess Diaries</titulo><presupuesto>37000000</presupuesto><ingresos>165335153</ingresos><directores><director id="1201" nombre="Garry Marshall"/></directores><productores><productor id="8851" nombre="Whitney Houston"/><productor id="38415" nombre="Mario Iscovich"/><productor id="59973" nombre="Debra Martin Chase"/></productores><productoras><productora id="2" nombre="Walt Disney Pictures"/></productoras></pelicula><pelicula id="26602" emision="2001-08-22"><titulo>Summer Catch</titulo><presupuesto>34000000</presupuesto><ingresos>19693891</ingresos><directores><director id="53178" nombre="Mike Tollin"/></directores><productores/><productoras><productora id="6194" nombre="Warner Bros."/></productoras></pelicula><pelicula id="2770" emision="2001-08-10"><titulo>American Pie 2</titulo><presupuesto>30000000</presupuesto><ingresos>287553595</ingresos><directores><director id="7409" nombre="J.B. Rogers"/></directores><productores><productor id="6627" nombre="Chris Moore"/><productor id="21585" nombre="Craig Perry"/><productor id="21586" nombre="Warren Zide"/></productores><productoras><productora id="33" nombre="Universal Pictures"/></productoras></pelicula><pelicula id="1722" emision="2001-08-17"><titulo>Captain Corelli's Mandolin</titulo><presupuesto>57000000</presupuesto><ingresos>62112895</ingresos><directores><director id="18844" nombre="John Madden"/></directores><productores><productor id="2236" nombre="Tim Bevan"/><productor id="2238" nombre="Eric Fellner"/><productor id="8401" nombre="Mark Huffam"/><productor id="18846" nombre="Kevin Loader"/></productores><productoras><productora id="33" nombre="Universal Pictures"/></productoras></pelicula><pelicula id="5175" emision="2001-08-03"><titulo>Rush Hour 2</titulo><presupuesto>90000000</presupuesto><ingresos>347325802</ingresos><directores><director id="11091" nombre="Brett Ratner"/></directores><productores/><productoras><productora id="12" nombre="New Line Cinema"/></productoras></pelicula></peliculas>
