<?xml version="1.0" encoding="UTF-8" standalone="yes"?>
<ns2:ExportManifest xmlns:ns2="http://www.pentaho.com/schema/">
    <ExportManifestInformation exportDate="01-12-2023 03:58:32 CET" exportBy="alumnogreibd" rootFolder="/home/alumnogreibd/" manifestVersion="2"/>
    <ExportManifestEntity path="cuadro_de_mandos_director_entrega_fin.cda">
        <ExportManifestProperty>
            <EntityMetaData name="cuadro_de_mandos_director_entrega_fin.cda" createdDate="2023-12-01T03:58:13.550+01:00" isFolder="false" path="cuadro_de_mandos_director_entrega_fin.cda" isHidden="false" isSchedulable="true" locale="en_US" title="cuadro_de_mandos_director_entrega_fin.cda"/>
        </ExportManifestProperty>
        <ExportManifestProperty>
            <EntityExtraMetaData/>
        </ExportManifestProperty>
        <ExportManifestProperty>
            <EntityAcl>
                <entriesInheriting>true</entriesInheriting>
                <owner>alumnogreibd</owner>
                <ownerType>USER</ownerType>
            </EntityAcl>
        </ExportManifestProperty>
    </ExportManifestEntity>
</ns2:ExportManifest>
