<?xml version="1.0" encoding="UTF-8" standalone="yes"?>
<ns2:ExportManifest xmlns:ns2="http://www.pentaho.com/schema/">
    <ExportManifestInformation exportDate="01-12-2023 01:44:20 CET" exportBy="alumnogreibd" rootFolder="/home/alumnogreibd/" manifestVersion="2"/>
    <ExportManifestEntity path="Cuadro_de_mandos_director_entrega.cdfde">
        <ExportManifestProperty>
            <EntityMetaData name="Cuadro_de_mandos_director_entrega.cdfde" createdDate="2023-12-01T01:25:43.599+01:00" isFolder="false" path="Cuadro_de_mandos_director_entrega.cdfde" isHidden="false" isSchedulable="true" locale="en_US" title="Cuadro_de_mandos_director_entrega.cdfde"/>
        </ExportManifestProperty>
        <ExportManifestProperty>
            <EntityExtraMetaData/>
        </ExportManifestProperty>
        <ExportManifestProperty>
            <EntityAcl>
                <entriesInheriting>true</entriesInheriting>
                <owner>alumnogreibd</owner>
                <ownerType>USER</ownerType>
            </EntityAcl>
        </ExportManifestProperty>
    </ExportManifestEntity>
</ns2:ExportManifest>
